val1,type1,val2,type2,name_similarity,username_similarity,exact_match,email_username_match,shared_findings_count,shared_domains,label
jane35@gmail.com,email,jane3@janesite.net,email,0.0,0.0,0.0,0.0,0,0.0,1
carlos doe,name,+916667026475,phone,0.0,0.0,0.0,0.0,1,0.0,0
hacke_rlisa_patel,username,lsia_patle,username,0.593,0.593,0.0,0.0,1,0.0,1
ali42@proton.me,email,johnjohnsonsite.com,domain,0.0,0.0,0.0,0.0,0,0.0,0
michael_williamsdev.org,domain,michael_wirlliams,username,0.8,0.0,0.0,0.0,2,0.0,1
hackerj_rahul77,username,rahullabs.net,domain,0.357,0.0,0.0,0.0,1,0.0,1
rajesh68@rajeshsite.net,email,rajeshmillersite.com,domain,0.0,0.0,0.0,0.0,0,0.0,1
rajesh miller,name,rajeshlabs.net,domain,0.444,0.0,0.0,0.0,0,0.0,1
fatimapatelsite.com,domain,rajesh gupta,name,0.323,0.0,0.0,0.0,0,0.0,0
priyasinghsite.com,domain,+918183223644,phone,0.0,0.0,0.0,0.0,0,0.0,0
miqchael_willias,username,michael_williamsdev.org,domain,0.769,0.0,0.0,0.0,0,0.0,1
user_5989,username,ken williams,name,0.095,0.0,0.0,0.0,0,0.0,0
lisa48,username,priya brown,name,0.235,0.0,0.0,0.0,0,0.0,0
site_8735.com,domain,+916008931072,phone,0.0,0.0,0.0,0.0,0,0.0,0
contact_6865@gmail.com,email,rajesh smith,name,0.167,0.0,0.0,0.0,1,0.0,0
+18606001900,phone,elena sato,name,0.0,0.0,0.0,0.0,0,0.0,1
+917212115091,phone,carlos sharma,name,0.0,0.0,0.0,0.0,0,0.0,0
site_4209.com,domain,michael martinez,name,0.207,0.0,0.0,0.0,0,0.0,0
+18606001900,phone,elena35@yahoo.com,email,0.0,0.0,0.0,0.0,1,0.0,1
john garcia,name,ken garcia,name,0.762,0.0,0.0,0.0,0,0.0,0
site_7971.com,domain,contact_5327@gmail.com,email,0.0,0.0,0.0,0.0,0,0.0,0
+916825168062,phone,site_4209.com,domain,0.0,0.0,0.0,0.0,0,0.0,0
john garcia,name,hacke_rjohn_garcia,username,0.414,0.0,0.0,0.0,1,0.0,1
+919952958729,phone,michaelsharmasite.com,domain,0.0,0.0,0.0,0.0,0,0.0,0
+916794730092,phone,+916187968247,phone,0.0,0.0,0.0,0.0,0,0.0,0
alilabs.net,domain,ali42cder,username,0.4,0.0,0.0,0.0,2,0.0,1
user_4798,username,user_9581,username,0.778,0.778,0.0,0.0,0,0.0,0
elnea35,username,yuki_ahmed,username,0.118,0.118,0.0,0.0,0,0.0,0
hacker_amit_johson,username,mit_johnson,username,0.69,0.69,0.0,0.0,2,0.0,1
lisa williams,name,ken brown,name,0.091,0.0,0.0,0.0,0,0.0,0
+916543408460,phone,user_2258,username,0.182,0.0,0.0,0.0,0,0.0,0
contact_3115@proton.me,email,site_5786.com,domain,0.0,0.0,0.0,0.0,0,0.0,0
+919289245144,phone,elena@customlab.org,email,0.0,0.0,0.0,0.0,1,0.0,1
carlos kumar,name,contact_5325@hotmail.com,email,0.25,0.0,0.0,0.0,0,0.0,0
lisapatelsite.com,domain,rajesh miller,name,0.267,0.0,0.0,0.0,0,0.0,0
+916128841576,phone,user_8220,username,0.091,0.0,0.0,0.0,0,0.0,0
+919589711983,phone,michaelsharmasite.com,domain,0.0,0.0,0.0,0.0,0,0.0,0
site_9981.com,domain,yuki kumar,name,0.087,0.0,0.0,0.0,0,0.0,0
jane johnson,name,carlossharmasite.com,domain,0.312,0.0,0.0,0.0,0,0.0,0
lisa77,username,+919387772934,phone,0.211,0.0,0.0,0.0,1,0.0,1
michael_sharma@yahoo.com,email,+13755491676,phone,0.0,0.0,0.0,0.0,1,0.0,1
elenatanakasite.com,domain,ken_gupta@outlook.com,email,0.0,0.0,0.0,0.0,0,0.0,0
+917327141441,phone,amit johnson,name,0.0,0.0,0.0,0.0,0,0.0,1
fatima_patel@outlook.com,email,+918335090736,phone,0.0,0.0,0.0,0.0,0,0.0,0
lisadevisite.com,domain,+919254703979,phone,0.0,0.0,0.0,0.0,0,0.0,0
johnjohnsonsite.com,domain,lisa_patel@hotmail.com,email,0.0,0.0,0.0,0.0,0,0.0,0
contact_8329@yahoo.com,email,priya gupta,name,0.174,0.0,0.0,0.0,0,0.0,0
lisa92,username,lisa9,username,0.909,0.909,0.0,0.0,0,0.0,1
contact_7413@gmail.com,email,site_7864.com,domain,0.0,0.0,0.0,0.0,0,0.0,0
+916299934728,phone,elena jones,name,0.0,0.0,0.0,0.0,0,0.0,0
lisa48@proton.me,email,lis4a8,username,0.833,0.0,0.0,0.0,2,0.0,1
user_3016,username,user_1683,username,0.778,0.778,0.0,0.0,0,0.0,0
site_2263.com,domain,site_1319.com,domain,0.0,0.0,0.0,0.0,0,0.0,0
lisa9,username,john johnson,name,0.118,0.0,0.0,0.0,0,0.0,0
john_ahmed,username,+919032150374,phone,0.0,0.0,0.0,0.0,2,0.0,1
alilabs.net,domain,ali_ahmd,username,0.421,0.0,0.0,0.0,1,0.0,1
site_3769.com,domain,+916763148600,phone,0.0,0.0,0.0,0.0,0,0.0,0
+916374356902,phone,rajesh jones,name,0.0,0.0,0.0,0.0,0,0.0,0
+916698443238,phone,user_5876,username,0.091,0.0,0.0,0.0,0,0.0,0
+916534380403,phone,+916554351265,phone,0.0,0.0,0.0,0.0,0,0.0,0
rahul77,username,rahul@customlab.org,email,0.833,0.0,0.0,0.0,0,0.0,1
saramillersite.com,domain,sraa miller,name,0.483,0.0,0.0,0.0,0,0.0,1
elenasatosite.com,domain,ken37@yahoo.com,email,0.0,0.0,0.0,0.0,0,0.0,0
+917912548711,phone,michaeltanakasite.com,domain,0.0,0.0,0.0,0.0,0,0.0,0
contact_9677@hotmail.com,email,contact_3629@proton.me,email,0.0,0.0,0.0,0.0,0,0.0,0
rajesh97@hotmail.com,email,hacker_lisa_patel,username,0.24,0.0,0.0,0.0,0,0.0,0
+917327141441,phone,amit sharma,name,0.0,0.0,0.0,0.0,0,0.0,0
+917871714345,phone,lisa48,username,0.105,0.0,0.0,0.0,0,0.0,0
+918733759412,phone,michael_sharma@yahoo.com,email,0.0,0.0,0.0,0.0,0,0.0,0
contact_638@outlook.com,email,user_2258,username,0.2,0.0,0.0,0.0,0,0.0,0
+916108364612,phone,site_3698.com,domain,0.0,0.0,0.0,0.0,0,0.0,0
rajesh singh,name,elena35@yahoo.com,email,0.211,0.0,0.0,0.0,0,0.0,0
hacker_rajesh64dev.org,domain,rajeshsmithsite.com,domain,0.0,0.0,0.0,0.0,0,0.0,1
rajesh_miller,username,yuki_ahmed,username,0.348,0.348,0.0,0.0,0,0.0,0
site_2088.com,domain,yuki miller,name,0.167,0.0,0.0,0.0,0,0.0,0
ahul patel,name,hackerj_rahul77,username,0.32,0.0,0.0,0.0,3,0.0,1
contact_2382@yahoo.com,email,contact_8157@yahoo.com,email,0.0,0.0,0.0,0.0,0,0.0,0
yuki ahmed,name,rajesh singh,name,0.364,0.0,0.0,0.0,0,0.0,0
user_9385,username,site_7075.com,domain,0.364,0.0,0.0,0.0,0,0.0,0
+919376816771,phone,+917047187022,phone,0.0,0.0,0.0,0.0,0,0.0,0
+916828219810,phone,user_2447,username,0.091,0.0,0.0,0.0,0,0.0,0
yukiwilliamssite.com,domain,+917047187022,phone,0.0,0.0,0.0,0.0,0,0.0,0
priya39@gmail.com,email,priyalabs.net,domain,0.0,0.0,0.0,0.0,3,0.0,1
sara@customlab.org,email,hacker_sara_smith,username,0.381,0.0,0.0,0.0,0,0.0,1
site_959.com,domain,contact_1578@gmail.com,email,0.0,0.0,0.0,0.0,0,0.0,0
michael_sharmacoder,username,michael_shaxrma,username,0.824,0.824,0.0,0.0,1,0.0,1
user_4892,username,ananya tanaka,name,0.0,0.0,0.0,0.0,0,0.0,0
rajeshmillersite.com,domain,michaeltanakasite.com,domain,0.0,0.0,0.0,0.0,0,0.0,0
+917047187022,phone,+919310858477,phone,0.0,0.0,0.0,0.0,0,0.0,0
saramillersite.com,domain,john_ahmed@hotmail.com,email,0.0,0.0,0.0,0.0,0,0.0,0
janesatosite.com,domain,lisa patel,name,0.308,0.0,0.0,0.0,1,0.0,0
site_1154.com,domain,contact_8591@outlook.com,email,0.0,0.0,0.0,0.0,0,0.0,0
site_2155.com,domain,john brown,name,0.087,0.0,0.0,0.0,0,0.0,0
priya williams,name,john_garcia@outlook.com,email,0.24,0.0,0.0,0.0,0,0.0,0
lisa brown,name,yuki_devi@outlook.com,email,0.105,0.0,0.0,0.0,0,0.0,0
+916128841576,phone,+916332285881,phone,0.0,0.0,0.0,0.0,0,0.0,0
hacker_carlos_shara,username,carloslabs.net,domain,0.424,0.0,0.0,0.0,0,0.0,1
+918981347325,phone,hacker_rajesh64dev.org,domain,0.0,0.0,0.0,0.0,1,0.0,1
fatima83@outlook.com,email,+17175203672,phone,0.0,0.0,0.0,0.0,0,0.0,1
contact_8741@yahoo.com,email,contact_7463@proton.me,email,0.0,0.0,0.0,0.0,0,0.0,0
amit_sharmacoder,username,aimt_sharma,username,0.741,0.741,0.0,0.0,0,0.0,1
ken80@gmail.com,email,jane singh,name,0.267,0.0,0.0,0.0,0,0.0,0
amit_sharma@proton.me,email,michaelbrownsite.com,domain,0.0,0.0,0.0,0.0,0,0.0,0
user_8795,username,+916636905477,phone,0.182,0.0,0.0,0.0,0,0.0,0
rajesh singh,name,rajseh_singh,username,0.833,0.0,0.0,0.0,0,0.0,1
+918687709408,phone,lisa_ahmed@proton.me,email,0.0,0.0,0.0,0.0,0,0.0,1
hacker_mixchael_brown,username,michaellabs.net,domain,0.5,0.0,0.0,0.0,2,0.0,1
site_3404.com,domain,rajesh sharma,name,0.154,0.0,0.0,0.0,0,0.0,0
rajeshmartinezsite.com,domain,carlossharmasite.com,domain,0.0,0.0,0.0,0.0,0,0.0,0
elena35@yahoo.com,email,elnea35,username,0.857,0.0,0.0,0.0,3,0.0,1
rajesh_miller@proton.me,email,rajesh miler,name,0.48,0.0,0.0,0.0,1,0.0,1
contact_156@hotmail.com,email,site_3752.com,domain,0.0,0.0,0.0,0.0,0,0.0,0
site_7458.com,domain,user_9095,username,0.364,0.0,0.0,0.0,0,0.0,0
rajesh khan,name,amit_sharma,username,0.364,0.0,0.0,0.0,0,0.0,0
hacker_ken_gupta,username,ken_gupat,username,0.64,0.64,0.0,0.0,1,0.0,1
hacker_john_ahmed@johnsite.net,email,hcaker_john_ahmed,username,0.941,0.0,0.0,0.0,1,0.0,1
yukiwilliamssite.com,domain,janesinghsite.com,domain,0.0,0.0,0.0,0.0,0,0.0,0
john smith,name,john15,username,0.5,0.0,0.0,0.0,2,0.0,1
lisa_patel@outlook.com,email,david38,username,0.118,0.0,0.0,0.0,1,0.0,0
lisabrownsite.com,domain,lisa77@yahoo.com,email,0.0,0.0,0.0,0.0,1,0.0,1
+917107621714,phone,michael_tanaka@gmail.com,email,0.0,0.0,0.0,0.0,0,0.0,0
+916759229683,phone,user_4943,username,0.182,0.0,0.0,0.0,0,0.0,0
elenatanakasite.com,domain,+918318297467,phone,0.0,0.0,0.0,0.0,0,0.0,0
rajesh_gupta@outlook.com,email,ananya_khan@proton.me,email,0.0,0.0,0.0,0.0,0,0.0,0
jane_snigh,username,_jane singh,name,0.762,0.0,0.0,0.0,2,0.0,1
hacker_carlos_sharma,username,amit_sharma,username,0.516,0.516,0.0,0.0,0,0.0,0
yuki williams,name,ali42coder,username,0.174,0.0,0.0,0.0,0,0.0,0
+12009735927,phone,rajesh_martinez@rajeshsite.net,email,0.0,0.0,0.0,0.0,3,0.0,1
user_5573,username,+916458086717,phone,0.182,0.0,0.0,0.0,0,0.0,0
lisaahmedsite.com,domain,+919666362423,phone,0.0,0.0,0.0,0.0,0,0.0,0
+919596703526,phone,michael_brown@hotmail.com,email,0.0,0.0,0.0,0.0,0,0.0,0
+919589711983,phone,amit_sharma@proton.me,email,0.0,0.0,0.0,0.0,0,0.0,0
michael shara,name,michael_shaxrma,username,0.857,0.0,0.0,0.0,2,0.0,1
ke3n7,username,ken3,username,0.667,0.667,0.0,0.0,1,0.0,1
john garcia,name,john gacia,name,0.952,0.0,0.0,0.0,1,0.0,1
site_6572.com,domain,contact_6975@proton.me,email,0.0,0.0,0.0,0.0,0,0.0,0
jane@customlab.org,email,+18219476000,phone,0.0,0.0,0.0,0.0,0,0.0,1
site_9519.com,domain,contact_2697@hotmail.com,email,0.0,0.0,0.0,0.0,0,0.0,0
sraa88coder,username,sra8l8,username,0.588,0.588,0.0,0.0,1,0.0,1
fatimadevisite.com,domain,kengarciasite.com,domain,0.0,0.0,0.0,0.0,0,0.0,0
+919733959353,phone,lisa devi,name,0.0,0.0,0.0,0.0,0,0.0,0
sara miller,name,+918335090736,phone,0.0,0.0,0.0,0.0,0,0.0,0
+919666362423,phone,michaelsharmasite.com,domain,0.0,0.0,0.0,0.0,2,0.0,1
contact_7143@yahoo.com,email,neha johnson,name,0.25,0.0,0.0,0.0,0,0.0,0
carlos garcia,name,contact_7251@gmail.com,email,0.32,0.0,0.0,0.0,0,0.0,0
robert sato,name,+916609839144,phone,0.0,0.0,0.0,0.0,0,0.0,0
rgajesh6,username,+15030176043,phone,0.1,0.0,0.0,0.0,2,0.0,1
priya_williams@yahoo.com,email,pria williams,name,0.889,0.0,0.0,0.0,2,0.0,1
user_5340,username,neha smith,name,0.105,0.0,0.0,0.0,0,0.0,0
david kumar,name,site_2989.com,domain,0.167,0.0,0.0,0.0,0,0.0,0
jane35@gmail.com,email,yukiwilliamssite.com,domain,0.0,0.0,0.0,0.0,0,0.0,0
+919323536905,phone,sara88,username,0.0,0.0,0.0,0.0,0,0.0,0
user_637,username,+916666141412,phone,0.095,0.0,0.0,0.0,1,0.0,0
hacker_emily_brown,username,emily_brown@yahoo.com,email,0.759,0.0,0.0,0.0,0,0.0,1
hacker_rajesh64,username,hacker_rajesh64dev.org,domain,0.811,0.0,0.0,0.0,0,0.0,1
rajesh gupta,name,+15901077071,phone,0.0,0.0,0.0,0.0,0,0.0,1
carlos patel,name,user_6800,username,0.19,0.0,0.0,0.0,0,0.0,0
rajeshmillersite.com,domain,hacker_rajesh_millxer,username,0.585,0.0,0.0,0.0,1,0.0,1
ali42@proton.me,email,lisapatelsite.com,domain,0.0,0.0,0.0,0.0,0,0.0,0
fatimatanakasite.com,domain,david38@hotmail.com,email,0.0,0.0,0.0,0.0,0,0.0,0
hackerb_sara_smith,username,+16443294810,phone,0.0,0.0,0.0,0.0,3,0.0,1
rgajesh6,username,+917871714345,phone,0.0,0.0,0.0,0.0,0,0.0,1
michael_williams,username,jken80,username,0.091,0.091,0.0,0.0,0,0.0,0
site_3136.com,domain,user_5027,username,0.273,0.0,0.0,0.0,0,0.0,0
fatimadevisite.com,domain,ananya_khan@proton.me,email,0.0,0.0,0.0,0.0,0,0.0,0
+918733759412,phone,hacker_john_ahmed,username,0.0,0.0,0.0,0.0,0,0.0,0
+916131372127,phone,user_1391,username,0.273,0.0,0.0,0.0,0,0.0,0
emilylabs.net,domain,emilyb_rown,username,0.583,0.0,0.0,0.0,0,0.0,1
amit johnson,name,emily sharma,name,0.333,0.0,0.0,0.0,0,0.0,0
sraa88coder,username,sara88coder,username,0.909,0.909,0.0,0.0,1,0.0,1
ail42,username,ali42cder,username,0.571,0.571,0.0,0.0,0,0.0,1
contact_1274@outlook.com,email,site_2362.com,domain,0.0,0.0,0.0,0.0,0,0.0,0
ananya_khan@proton.me,email,rajesh_martinez,username,0.308,0.0,0.0,0.0,0,0.0,0
michael_williams,username,priyabrownsite.com,domain,0.294,0.0,0.0,0.0,0,0.0,0
lisa_patle,username,lisa_ahmed@proton.me,email,0.7,0.0,0.0,0.0,0,0.0,0
+916148341886,phone,user_5340,username,0.182,0.0,0.0,0.0,0,0.0,0
rajesh_gupta@outlook.com,email,amitjohnsonsite.com,domain,0.0,0.0,0.0,0.0,0,0.0,0
ken80,username,kn80,username,0.889,0.889,0.0,0.0,1,0.0,1
john johnson,name,amit sharma,name,0.174,0.0,0.0,0.0,0,0.0,0
+918338710195,phone,john_garcia@outlook.com,email,0.0,0.0,0.0,0.0,0,0.0,0
site_9930.com,domain,user_4062,username,0.364,0.0,0.0,0.0,0,0.0,0
hacker_michael_tanaka,username,michael_tanka,username,0.765,0.765,0.0,0.0,1,0.0,1
elena51,username,+917047187022,phone,0.1,0.0,0.0,0.0,0,0.0,0
+13361204236,phone,+919387772934,phone,0.0,0.0,0.0,0.0,2,0.0,1
site_1842.com,domain,priya davis,name,0.167,0.0,0.0,0.0,0,0.0,0
rajesh_miller@proton.me,email,lisa92@gmail.com,email,0.0,0.0,0.0,0.0,0,0.0,0
hackerfatima83,username,fatma83,username,0.667,0.667,0.0,0.0,0,0.0,1
lisa_ahmed,username,lisa amed,name,0.421,0.0,0.0,0.0,2,0.0,1
+916595578667,phone,user_6960,username,0.273,0.0,0.0,0.0,0,0.0,0
janejohnsonsite.com,domain,hacker_jane_johnsno,username,0.579,0.0,0.0,0.0,1,0.0,1
lisa92,username,lisa tanaka,name,0.471,0.0,0.0,0.0,0,0.0,1
lisadevisite.com,domain,michaeltanakasite.com,domain,0.0,0.0,0.0,0.0,0,0.0,0
lisa sato,name,+916554351265,phone,0.0,0.0,0.0,0.0,0,0.0,0
ken3,username,kenlabs.net,domain,0.4,0.0,0.0,0.0,0,0.0,1
site_8612.com,domain,site_5216.com,domain,0.0,0.0,0.0,0.0,0,0.0,0
lisa77@lisasite.net,email,lisa770,username,0.923,0.0,0.0,0.0,0,0.0,1
user_3809,username,user_2528,username,0.667,0.667,0.0,0.0,0,0.0,0
ananyakhansite.com,domain,+13420505754,phone,0.0,0.0,0.0,0.0,0,0.0,1
rahul davis,name,emily sato,name,0.286,0.0,0.0,0.0,0,0.0,0
site_5008.com,domain,site_3826.com,domain,0.0,0.0,0.0,0.0,0,0.0,0
ali_ahmed,username,jane_singh@gmail.com,email,0.316,0.0,0.0,0.0,0,0.0,0
hacker_michael_tanaka,username,michael tanaka,name,0.743,0.0,0.0,0.0,1,0.0,1
yuki devi,name,john smith,name,0.211,0.0,0.0,0.0,0,0.0,0
michaelwilliamssite.com,domain,rajeshmartinezsite.com,domain,0.0,0.0,0.0,0.0,0,0.0,0
michael brown,name,+918318297467,phone,0.0,0.0,0.0,0.0,0,0.0,0
jane_johnson@janesite.net,email,jane johnson,name,0.917,0.0,0.0,0.0,1,0.0,1
site_6137.com,domain,site_5981.com,domain,0.0,0.0,0.0,0.0,0,0.0,0
rajeshmartinezsite.com,domain,rajesh martinz,name,0.444,0.0,0.0,0.0,1,0.0,1
user_965,username,michael miller,name,0.182,0.0,0.0,0.0,0,0.0,0
john51,username,john15,username,0.833,0.833,0.0,0.0,1,0.0,1
lisa92@gmail.com,email,+917684885731,phone,0.0,0.0,0.0,0.0,0,0.0,0
johnlabs.net,domain,john_garica,username,0.435,0.0,0.0,0.0,2,0.0,1
+919376816771,phone,hackr_yuki_ahmed,username,0.0,0.0,0.0,0.0,1,0.0,1
yuki_devi@outlook.com,email,yuki williams,name,0.364,0.0,0.0,0.0,0,0.0,0
fatimalabs.net,domain,faitma70,username,0.455,0.0,0.0,0.0,1,0.0,1
user_2051,username,contact_1912@gmail.com,email,0.19,0.0,0.0,0.0,0,0.0,0
lisa devi,name,priya_williams@yahoo.com,email,0.348,0.0,0.0,0.0,0,0.0,0
contact_4926@gmail.com,email,contact_7294@gmail.com,email,0.0,0.0,0.0,0.0,0,0.0,0
sara brown,name,site_8188.com,domain,0.087,0.0,0.0,0.0,0,0.0,0
user_7237,username,michael patel,name,0.091,0.0,0.0,0.0,0,0.0,0
rajesh97@hotmail.com,email,elena35@yahoo.com,email,0.0,0.0,0.0,0.0,2,0.0,0
jken80,username,michael_williams,username,0.091,0.091,0.0,0.0,0,0.0,0
rajesh_miller@rajeshsite.net,email,rajesh miler,name,0.48,0.0,0.0,0.0,0,0.0,1
hacker_michael_brown,username,+919457189042,phone,0.0,0.0,0.0,0.0,2,0.0,1
+16526174328,phone,+919804281916,phone,0.0,0.0,0.0,0.0,2,0.0,1
+919916712744,phone,rajeshsmithsite.com,domain,0.0,0.0,0.0,0.0,0,0.0,0
site_6119.com,domain,priya sato,name,0.261,0.0,0.0,0.0,0,0.0,0
al kumar,name,ali42@proton.me,email,0.308,0.0,0.0,0.0,1,0.0,1
site_6150.com,domain,contact_2784@outlook.com,email,0.0,0.0,0.0,0.0,0,0.0,0
michael brown,name,+918183223644,phone,0.0,0.0,0.0,0.0,0,0.0,0
ojhn ahmed,name,johnahmedsite.com,domain,0.444,0.0,0.0,0.0,1,0.0,1
user_3724,username,user_1364,username,0.778,0.778,0.0,0.0,0,0.0,0
hacker_jane_singh,username,ken garcia,name,0.37,0.0,0.0,0.0,0,0.0,0
+916504540858,phone,site_943.com,domain,0.0,0.0,0.0,0.0,0,0.0,0
user_4524,username,+916369270947,phone,0.182,0.0,0.0,0.0,0,0.0,0
ken3,username,carlos_sharma@hotmail.com,email,0.0,0.0,0.0,0.0,0,0.0,0
john ahmed,name,hcaker_john_ahmed,username,0.444,0.0,0.0,0.0,2,0.0,1
contact_2472@yahoo.com,email,contact_8104@outlook.com,email,0.0,0.0,0.0,0.0,0,0.0,0
user_4946,username,user_3732,username,0.556,0.556,0.0,0.0,0,0.0,0
+917265935870,phone,+18022317079,phone,0.0,0.0,0.0,0.0,1,0.0,1
lisapatelsite.com,domain,fatim83,username,0.333,0.0,0.0,0.0,0,0.0,0
yukiwilliamssite.com,domain,+919387772934,phone,0.0,0.0,0.0,0.0,0,0.0,0
ali42,username,ai4l2,username,0.8,0.8,0.0,0.0,2,0.0,1
+916682006644,phone,user_7792,username,0.182,0.0,0.0,0.0,0,0.0,0
rajesh68coder,username,rajesh68c8oder,username,0.963,0.963,0.0,0.0,0,0.0,1
+916513898037,phone,contact_9349@gmail.com,email,0.0,0.0,0.0,0.0,0,0.0,0
user_3920,username,user_3658,username,0.667,0.667,0.0,0.0,0,0.0,0
yuki_ahmed@outlook.com,email,yuki_ahmed,username,1.0,0.0,0.0,1.0,2,0.0,1
lisa brown,name,kenguptasite.com,domain,0.154,0.0,0.0,0.0,0,0.0,0
+919640160203,phone,janelabs.net,domain,0.0,0.0,0.0,0.0,1,0.0,1
fatma83,username,+919994107253,phone,0.1,0.0,0.0,0.0,0,0.0,1
+919376816771,phone,ken jones,name,0.0,0.0,0.0,0.0,0,0.0,0
+917107621714,phone,michael_williamsdev.org,domain,0.0,0.0,0.0,0.0,1,0.0,1
lisaahmedsite.com,domain,elenasatosite.com,domain,0.0,0.0,0.0,0.0,0,0.0,0
lisa48,username,+919323536905,phone,0.0,0.0,0.0,0.0,0,0.0,0
priya brown,name,+919457189042,phone,0.0,0.0,0.0,0.0,0,0.0,0
user_2987,username,contact_1244@yahoo.com,email,0.19,0.0,0.0,0.0,0,0.0,0
emily davis,name,site_1167.com,domain,0.25,0.0,0.0,0.0,0,0.0,0
contact_431@outlook.com,email,fatima khan,name,0.182,0.0,0.0,0.0,0,0.0,0
elenasatosite.com,domain,+919837615419,phone,0.0,0.0,0.0,0.0,0,0.0,0
contact_5723@yahoo.com,email,yuki garcia,name,0.174,0.0,0.0,0.0,0,0.0,0
rajesh68,username,rahul77,username,0.4,0.4,0.0,0.0,0,0.0,0
hacker_emily_brown@emilysite.net,email,emily_rbwon,username,0.621,0.0,0.0,0.0,0,0.0,1
michael@customlab.org,email,michael_williams@proton.me,email,0.0,0.0,0.0,0.0,0,0.0,1
contact_281@yahoo.com,email,user_6827,username,0.2,0.0,0.0,0.0,0,0.0,0
+17833385519,phone,prizya39,username,0.2,0.0,0.0,0.0,2,0.0,1
+919457189042,phone,michael_borwn@michaelsite.net,email,0.0,0.0,0.0,0.0,0,0.0,1
+919994107253,phone,rajeshkhansite.com,domain,0.0,0.0,0.0,0.0,0,0.0,0
david singh,name,davidlabs.net,domain,0.583,0.0,0.0,0.0,0,0.0,1
elena sato,name,+918338710195,phone,0.0,0.0,0.0,0.0,0,0.0,0
rajesh miller,name,sara miller,name,0.75,0.0,0.0,0.0,0,0.0,0
lisa johnson,name,+916553376752,phone,0.0,0.0,0.0,0.0,0,0.0,0
site_674.com,domain,contact_5112@hotmail.com,email,0.0,0.0,0.0,0.0,0,0.0,0
raul77,username,rahul patel,name,0.471,0.0,0.0,0.0,0,0.0,1
user_8713,username,contact_2584@hotmail.com,email,0.19,0.0,0.0,0.0,0,0.0,0
sraa_smtih,username,hackerb_sara_smith,username,0.571,0.571,0.0,0.0,1,0.0,1
+919376816771,phone,jken80,username,0.105,0.0,0.0,0.0,0,0.0,0
+919589711983,phone,saramillersite.com,domain,0.0,0.0,0.0,0.0,0,0.0,0
user_3040,username,site_4868.com,domain,0.364,0.0,0.0,0.0,0,0.0,0
miqchael_willias,username,mihcael williams,name,0.812,0.0,0.0,0.0,2,0.0,1
michael_sharmacoder@michaelsite.net,email,michael_sharmacoder,username,1.0,0.0,0.0,1.0,0,0.0,1
contact_9320@yahoo.com,email,+916694836488,phone,0.0,0.0,0.0,0.0,0,0.0,0
+916031186796,phone,+916806047687,phone,0.0,0.0,0.0,0.0,0,0.0,0
hacker_priya76,username,priya76@proton.me,email,0.667,0.0,0.0,0.0,0,0.0,1
+917265935870,phone,lisabrownsite.com,domain,0.0,0.0,0.0,0.0,0,0.0,0
emilybrownsite.com,domain,yuki_williams@gmail.com,email,0.0,0.0,0.0,0.0,0,0.0,0
lisapatelsite.com,domain,+918335090736,phone,0.0,0.0,0.0,0.0,0,0.0,1
yukilabs.net,domain,yuki@customlab.org,email,0.0,0.0,0.0,0.0,1,0.0,1
lisa48,username,rajesh68,username,0.286,0.286,0.0,0.0,0,0.0,0
+917430387833,phone,jane sato,name,0.0,0.0,0.0,0.0,0,0.0,0
ananya_khan@proton.me,email,elena35@yahoo.com,email,0.0,0.0,0.0,0.0,2,0.0,0
ait_johnson,username,jane_johnson@hotmail.com,email,0.783,0.0,0.0,0.0,0,0.0,0
+917759419129,phone,yukiahmedsite.com,domain,0.0,0.0,0.0,0.0,0,0.0,0
+917912548711,phone,ken gupta,name,0.0,0.0,0.0,0.0,0,0.0,0
user_4670,username,site_7555.com,domain,0.364,0.0,0.0,0.0,2,0.0,0
site_4159.com,domain,ali doe,name,0.2,0.0,0.0,0.0,0,0.0,0
emily gupta,name,+916051049846,phone,0.0,0.0,0.0,0.0,0,0.0,0
contact_9543@yahoo.com,email,+916886243969,phone,0.0,0.0,0.0,0.0,0,0.0,0
amit_sharma@proton.me,email,amit_sharma@amitsite.net,email,0.0,0.0,0.0,0.0,2,0.0,1
elena sato,name,priya_williamscoder,username,0.276,0.0,0.0,0.0,1,0.0,0
sara smith,name,lisa_ahmed,username,0.4,0.0,0.0,0.0,0,0.0,0
john gacia,name,john_garcia,username,0.476,0.0,0.0,0.0,1,0.0,1
fatdim83,username,+919994107253,phone,0.095,0.0,0.0,0.0,0,0.0,1
+919289245144,phone,elenalabs.net,domain,0.0,0.0,0.0,0.0,1,0.0,1
+919994107253,phone,rajesh97@hotmail.com,email,0.0,0.0,0.0,0.0,0,0.0,0
rajesh_martinez,username,jane3,username,0.4,0.4,0.0,0.0,0,0.0,0
amit ojhnson,name,ait_johnson,username,0.783,0.0,0.0,0.0,2,0.0,1
michael williams,name,alikumarsite.com,domain,0.312,0.0,0.0,0.0,0,0.0,0
jane3,username,fatima_patel,username,0.235,0.235,0.0,0.0,0,0.0,0
johnlabs.net,domain,+919254703979,phone,0.0,0.0,0.0,0.0,0,0.0,1
john_ahmed,username,ojhn ahmed,name,0.5,0.0,0.0,0.0,2,0.0,1
site_2148.com,domain,site_2894.com,domain,0.0,0.0,0.0,0.0,0,0.0,0
rajesh khan,name,ken_gupta@outlook.com,email,0.3,0.0,0.0,0.0,0,0.0,0
hacker_rajesh64@rajeshsite.net,email,hacker_rajesh64,username,1.0,0.0,0.0,1.0,0,0.0,1
hacker_rajesh97,username,ali_ahmed@yahoo.com,email,0.333,0.0,0.0,0.0,0,0.0,0
rajesh_guptaa,username,+15901077071,phone,0.0,0.0,0.0,0.0,2,0.0,1
+918733759412,phone,jane sato,name,0.0,0.0,0.0,0.0,0,0.0,0
+919289245144,phone,michael_tanaka@gmail.com,email,0.0,0.0,0.0,0.0,0,0.0,0
saramillersite.com,domain,amit_johnson@outlook.com,email,0.0,0.0,0.0,0.0,0,0.0,0
site_895.com,domain,user_2188,username,0.381,0.0,0.0,0.0,0,0.0,0
site_7528.com,domain,rajesh kumar,name,0.08,0.0,0.0,0.0,0,0.0,0
site_8711.com,domain,yuki patel,name,0.174,0.0,0.0,0.0,0,0.0,0
contact_4223@gmail.com,email,site_2494.com,domain,0.0,0.0,0.0,0.0,1,0.0,0
hacker_rahul77,username,+12554553068,phone,0.0,0.0,0.0,0.0,0,0.0,1
+919289245144,phone,fatima83@outlook.com,email,0.0,0.0,0.0,0.0,0,0.0,0
priya brown,name,+919387772934,phone,0.0,0.0,0.0,0.0,0,0.0,0
user_8880,username,+916224518929,phone,0.091,0.0,0.0,0.0,0,0.0,0
+16517035482,phone,yuki_wililam,username,0.0,0.0,0.0,0.0,0,0.0,1
rajesh_miller,username,fatima patel,name,0.24,0.0,0.0,0.0,0,0.0,0
amitsharmasite.com,domain,rajesh khan,name,0.345,0.0,0.0,0.0,0,0.0,0
user_5098,username,contact_2264@gmail.com,email,0.095,0.0,0.0,0.0,0,0.0,0
rajeshmillersite.com,domain,john_garcia@outlook.com,email,0.0,0.0,0.0,0.0,0,0.0,0
michael_tanakadev.org,domain,+919804281916,phone,0.0,0.0,0.0,0.0,2,0.0,1
jane_johnson,username,ananyakhan,username,0.364,0.364,0.0,0.0,0,0.0,0
alikumarsite.com,domain,rajesh_gupta@outlook.com,email,0.0,0.0,0.0,0.0,0,0.0,0
+919916712744,phone,amit srharma,name,0.0,0.0,0.0,0.0,2,0.0,1
elena51,username,priya singh,name,0.111,0.0,0.0,0.0,0,0.0,0
priya_williamscoder,username,priya_willmiams,username,0.824,0.824,0.0,0.0,1,0.0,1
jane singh,name,+917265935870,phone,0.0,0.0,0.0,0.0,0,0.0,0
jane35@gmail.com,email,rajesh68@gmail.com,email,0.0,0.0,0.0,0.0,0,0.0,0
lisa brown,name,elena sato,name,0.4,0.0,0.0,0.0,0,0.0,0
ahul patel,name,+12554553068,phone,0.0,0.0,0.0,0.0,2,0.0,1
contact_4226@outlook.com,email,rahul tanaka,name,0.167,0.0,0.0,0.0,0,0.0,0
sara88,username,rahul77,username,0.308,0.308,0.0,0.0,0,0.0,0
praiya726,username,+16461064505,phone,0.095,0.0,0.0,0.0,1,0.0,1
john garcia,name,site_2485.com,domain,0.167,0.0,0.0,0.0,0,0.0,0
+916544460051,phone,contact_2989@gmail.com,email,0.0,0.0,0.0,0.0,0,0.0,0
ali42,username,ali42cder,username,0.714,0.714,0.0,0.0,2,0.0,1
elena doe,name,rajesh miller,name,0.273,0.0,0.0,0.0,0,0.0,0
ali kumar,name,ali42cder,username,0.444,0.0,0.0,0.0,0,0.0,1
+916131372127,phone,contact_9135@outlook.com,email,0.0,0.0,0.0,0.0,0,0.0,0
rajesh khan,name,+919837615419,phone,0.0,0.0,0.0,0.0,1,0.0,0
amit_sharma@amitsite.net,email,amit sharma,name,0.909,0.0,0.0,0.0,1,0.0,1
amit brown,name,contact_8949@gmail.com,email,0.182,0.0,0.0,0.0,0,0.0,0
michael_sharma@yahoo.com,email,michael shara,name,0.889,0.0,0.0,0.0,2,0.0,1
site_9020.com,domain,amit khan,name,0.182,0.0,0.0,0.0,0,0.0,0
ke3n7,username,kenjonessite.com,domain,0.286,0.0,0.0,0.0,2,0.0,1
john_garcia@outlook.com,email,fatimatanakasite.com,domain,0.0,0.0,0.0,0.0,2,0.0,0
rajesh_singh@hotmail.com,email,lisa_ahmed,username,0.273,0.0,0.0,0.0,0,0.0,0
+917265935870,phone,elena51coder,username,0.08,0.0,0.0,0.0,2,0.0,1
priyawilliamssite.com,domain,fatima devi,name,0.25,0.0,0.0,0.0,0,0.0,0
john_garcia@outlook.com,email,johngarcia,username,0.952,0.0,0.0,0.0,0,0.0,1
al kumar,name,alai42,username,0.429,0.0,0.0,0.0,2,0.0,1
+916907477163,phone,user_940,username,0.19,0.0,0.0,0.0,0,0.0,0
+916834538238,phone,sara patel,name,0.0,0.0,0.0,0.0,0,0.0,0
john_amhed,username,john_ahmed@hotmail.com,email,0.9,0.0,0.0,0.0,0,0.0,1
ali kumar,name,lisa9,username,0.429,0.0,0.0,0.0,0,0.0,0
hacker_lisa_patel,username,elena tanaka,name,0.276,0.0,0.0,0.0,0,0.0,0
ali kumar,name,ali42,username,0.429,0.0,0.0,0.0,1,0.0,1
janejohnsonsite.com,domain,rajeshguptasite.com,domain,0.0,0.0,0.0,0.0,1,0.0,0
user_7933,username,user_637,username,0.706,0.706,0.0,0.0,0,0.0,0
prya3g9,username,priya borwn,name,0.444,0.0,0.0,0.0,1,0.0,1
+918318297467,phone,fatima devi,name,0.0,0.0,0.0,0.0,0,0.0,1
+918474818136,phone,john15coder,username,0.083,0.0,0.0,0.0,1,0.0,1
jane_johnon,username,hacker_jane_johnsno,username,0.667,0.667,0.0,0.0,0,0.0,1
user_7208,username,user_8476,username,0.667,0.667,0.0,0.0,0,0.0,0
ken garcia,name,ken37@yahoo.com,email,0.4,0.0,0.0,0.0,0,0.0,0
+917871714345,phone,rajeshmillersite.com,domain,0.0,0.0,0.0,0.0,2,0.0,1
jane sato,name,contact_5408@proton.me,email,0.286,0.0,0.0,0.0,0,0.0,0
fatimatanakasite.com,domain,hackerfatima83,username,0.353,0.0,0.0,0.0,2,0.0,1
user_5876,username,+916254387307,phone,0.273,0.0,0.0,0.0,0,0.0,0
michael tanaka,name,hacker_priya39,username,0.286,0.0,0.0,0.0,0,0.0,0
rajesh_singh@hotmail.com,email,fatim83,username,0.211,0.0,0.0,0.0,0,0.0,0
user_7463,username,user_9676,username,0.778,0.778,0.0,0.0,0,0.0,0
user_4062,username,david tanaka,name,0.0,0.0,0.0,0.0,0,0.0,0
ali42@proton.me,email,michael williams,name,0.286,0.0,0.0,0.0,0,0.0,0
+14681632915,phone,lisa amed,name,0.0,0.0,0.0,0.0,1,0.0,1
user_8824,username,+916067635098,phone,0.091,0.0,0.0,0.0,0,0.0,0
john johnson,name,john_johns2on,username,0.88,0.0,0.0,0.0,0,0.0,1
+919666362423,phone,rajesh_martinez@yahoo.com,email,0.0,0.0,0.0,0.0,0,0.0,0
michael@customlab.org,email,michael_williams,username,0.609,0.0,0.0,0.0,1,0.0,1
elenadavissite.com,domain,+918981347325,phone,0.0,0.0,0.0,0.0,0,0.0,0
+918123425397,phone,ait_johnson,username,0.0,0.0,0.0,0.0,0,0.0,0
ken@customlab.org,email,+16750183932,phone,0.0,0.0,0.0,0.0,0,0.0,1
amit sharma,name,fatima_patel@outlook.com,email,0.348,0.0,0.0,0.0,0,0.0,0
+916784842650,phone,site_8188.com,domain,0.0,0.0,0.0,0.0,0,0.0,0
saramillersite.com,domain,michael_brown@hotmail.com,email,0.0,0.0,0.0,0.0,0,0.0,0
kenjonessite.com,domain,+18389138962,phone,0.0,0.0,0.0,0.0,1,0.0,1
+916096008201,phone,+916166499633,phone,0.0,0.0,0.0,0.0,0,0.0,0
+16750183932,phone,ken garcia,name,0.0,0.0,0.0,0.0,2,0.0,1
contact_5194@outlook.com,email,contact_8230@hotmail.com,email,0.0,0.0,0.0,0.0,0,0.0,0
david khan,name,site_2972.com,domain,0.087,0.0,0.0,0.0,0,0.0,0
user_5863,username,contact_9349@gmail.com,email,0.19,0.0,0.0,0.0,0,0.0,0
priya3g9,username,priya borwn,name,0.526,0.0,0.0,0.0,1,0.0,1
site_5061.com,domain,+916713876368,phone,0.0,0.0,0.0,0.0,0,0.0,0
contact_1938@proton.me,email,ananya khan,name,0.174,0.0,0.0,0.0,0,0.0,0
lisatanakasite.com,domain,priya76@proton.me,email,0.0,0.0,0.0,0.0,0,0.0,0
user_3410,username,robert kumar,name,0.286,0.0,0.0,0.0,0,0.0,0
user_1119,username,contact_4150@hotmail.com,email,0.19,0.0,0.0,0.0,0,0.0,0
user_553,username,+916224112684,phone,0.0,0.0,0.0,0.0,0,0.0,0
contact_1678@outlook.com,email,site_7532.com,domain,0.0,0.0,0.0,0.0,0,0.0,0
john_hmed,username,john_amhed,username,0.842,0.842,0.0,0.0,1,0.0,1
lisa_patle,username,lisatanakasite.com,domain,0.5,0.0,0.0,0.0,0,0.0,0
ananya_khan@proton.me,email,+13420505754,phone,0.0,0.0,0.0,0.0,0,0.0,1
+918338710195,phone,elena_tanaka@outlook.com,email,0.0,0.0,0.0,0.0,0,0.0,0
emily davis,name,+916714915822,phone,0.0,0.0,0.0,0.0,0,0.0,0
fatima70@hotmail.com,email,jane3,username,0.154,0.0,0.0,0.0,0,0.0,0
user_9568,username,user_8305,username,0.667,0.667,0.0,0.0,1,0.0,0
elena sato,name,rahul patel,name,0.381,0.0,0.0,0.0,0,0.0,0
michae_lshaxrma,username,mich5ael_sharmacoder,username,0.743,0.743,0.0,0.0,1,0.0,1
ken smith,name,site_311.com,domain,0.286,0.0,0.0,0.0,0,0.0,0
user_720,username,priya martinez,name,0.182,0.0,0.0,0.0,1,0.0,0
hacke_rlisa_patel,username,+12389198026,phone,0.0,0.0,0.0,0.0,2,0.0,1
david38@hotmail.com,email,+919310858477,phone,0.0,0.0,0.0,0.0,0,0.0,0
jnae3,username,+17822494780,phone,0.0,0.0,0.0,0.0,0,0.0,1
site_8182.com,domain,contact_2920@gmail.com,email,0.0,0.0,0.0,0.0,0,0.0,0
johnahmedsite.com,domain,rajesh smith,name,0.345,0.0,0.0,0.0,0,0.0,0
+919640160203,phone,lisatanakasite.com,domain,0.0,0.0,0.0,0.0,0,0.0,0
user_8818,username,ken jones,name,0.222,0.0,0.0,0.0,0,0.0,0
amit_johnson@outlook.com,email,ken jones,name,0.476,0.0,0.0,0.0,0,0.0,0
yukiahmedsite.com,domain,sara88@hotmail.com,email,0.0,0.0,0.0,0.0,0,0.0,0
ananya_khan,username,ananyakhan,username,0.952,0.952,0.0,0.0,1,0.0,1
priya williams,name,hacker_elena_tanaka,username,0.182,0.0,0.0,0.0,0,0.0,0
contact_9804@proton.me,email,+916204598811,phone,0.0,0.0,0.0,0.0,0,0.0,0
rajesh khan,name,rajesh97@hotmail.com,email,0.632,0.0,0.0,0.0,1,0.0,1
rgajesh6,username,rajesh6,username,0.933,0.933,0.0,0.0,0,0.0,1
site_1731.com,domain,contact_6089@gmail.com,email,0.0,0.0,0.0,0.0,0,0.0,0
johnahmedsite.com,domain,pjohn_hmed,username,0.593,0.0,0.0,0.0,2,0.0,1
michaelwilliamssite.com,domain,+919837615419,phone,0.0,0.0,0.0,0.0,0,0.0,0
+916062611764,phone,site_1730.com,domain,0.0,0.0,0.0,0.0,0,0.0,0
rajesh68,username,ken jones,name,0.353,0.0,0.0,0.0,0,0.0,0
ken37,username,hacker_ken37,username,0.588,0.588,0.0,0.0,0,0.0,1
+919589711983,phone,emily_brown@yahoo.com,email,0.0,0.0,0.0,0.0,1,0.0,1
kenb@customlab.org,email,hacker_ken37,username,0.375,0.0,0.0,0.0,1,0.0,1
+919589711983,phone,rajesh gupta,name,0.0,0.0,0.0,0.0,0,0.0,0
janesinghsite.com,domain,michael_williams,username,0.303,0.0,0.0,0.0,0,0.0,0
+919323536905,phone,lisa77@yahoo.com,email,0.0,0.0,0.0,0.0,0,0.0,0
+917265935870,phone,lisa devi,name,0.0,0.0,0.0,0.0,0,0.0,0
priya singh,name,john15@outlook.com,email,0.118,0.0,0.0,0.0,0,0.0,0
michael patel,name,user_6258,username,0.091,0.0,0.0,0.0,0,0.0,0
+917212115091,phone,rajesh_miller,username,0.0,0.0,0.0,0.0,2,0.0,1
user_693,username,site_1842.com,domain,0.286,0.0,0.0,0.0,0,0.0,0
contact_867@proton.me,email,+916102211280,phone,0.0,0.0,0.0,0.0,0,0.0,0
priya williams,name,+916698706930,phone,0.0,0.0,0.0,0.0,0,0.0,0
ken80@gmail.com,email,rahul patel,name,0.125,0.0,0.0,0.0,0,0.0,0
hacker_rajesh_millxer,username,rajesh_miller,username,0.765,0.765,0.0,0.0,2,0.0,1
michael sharma,name,+918335090736,phone,0.0,0.0,0.0,0.0,0,0.0,0
user_3978,username,contact_1274@outlook.com,email,0.19,0.0,0.0,0.0,0,0.0,0
rajesh_miller@proton.me,email,rajesh gupta,name,0.48,0.0,0.0,0.0,0,0.0,0
fatima70@hotmail.com,email,lisa77@yahoo.com,email,0.0,0.0,0.0,0.0,0,0.0,0
michael@customlab.org,email,michael_wirlliams,username,0.583,0.0,0.0,0.0,0,0.0,1
ken37@yahoo.com,email,yuki_williams@gmail.com,email,0.0,0.0,0.0,0.0,0,0.0,0
fatima tanaka,name,site_9494.com,domain,0.154,0.0,0.0,0.0,0,0.0,0
hacer_rajesh64,username,rajeshsmithsite.com,domain,0.364,0.0,0.0,0.0,2,0.0,1
priya davis,name,emily khan,name,0.286,0.0,0.0,0.0,0,0.0,0
fatima patel,name,elenatanakasite.com,domain,0.387,0.0,0.0,0.0,0,0.0,0
david patel,name,site_3918.com,domain,0.25,0.0,0.0,0.0,0,0.0,0
+918123425397,phone,lisa patel,name,0.0,0.0,0.0,0.0,1,0.0,0
fatim83,username,fatima tnaaka,name,0.5,0.0,0.0,0.0,1,0.0,1
lisa77,username,michaeltanakasite.com,domain,0.148,0.0,0.0,0.0,0,0.0,0
lisaa_hed,username,lsia@customlab.org,email,0.462,0.0,0.0,0.0,2,0.0,1
amit_sharma@amitsite.net,email,amit srharma,name,0.87,0.0,0.0,0.0,1,0.0,1
jane35,username,jane35coder,username,0.706,0.706,0.0,0.0,0,0.0,1
user_4451,username,+916752816600,phone,0.182,0.0,0.0,0.0,0,0.0,0
site_5294.com,domain,+916369392285,phone,0.0,0.0,0.0,0.0,0,0.0,0
jane singh,name,michaelwilliamssite.com,domain,0.242,0.0,0.0,0.0,0,0.0,0
rajeshlabs.net,domain,rajesh6,username,0.571,0.0,0.0,0.0,1,0.0,1
john garcia,name,lisa_patel@outlook.com,email,0.19,0.0,0.0,0.0,0,0.0,0
lisa92@gmail.com,email,ken jones,name,0.133,0.0,0.0,0.0,0,0.0,0
rahul77,username,lisa48@proton.me,email,0.154,0.0,0.0,0.0,0,0.0,0
ali ahmed,name,priya singh,name,0.3,0.0,0.0,0.0,0,0.0,0
rajesh miller,name,rajesh6,username,0.6,0.0,0.0,0.0,2,0.0,1
yuki devi,name,priya39@gmail.com,email,0.25,0.0,0.0,0.0,0,0.0,0
+916052211236,phone,+916581726486,phone,0.0,0.0,0.0,0.0,2,0.0,0
contact_8779@yahoo.com,email,+916221130872,phone,0.0,0.0,0.0,0.0,0,0.0,0
michael_sharmacoderdev.org,domain,+13755491676,phone,0.0,0.0,0.0,0.0,1,0.0,1
sara88coder,username,sara88,username,0.706,0.706,0.0,0.0,2,0.0,1
lisadevisite.com,domain,amit_sharma,username,0.296,0.0,0.0,0.0,0,0.0,0
lisalabs.net,domain,+918335090736,phone,0.0,0.0,0.0,0.0,2,0.0,1
elena kumar,name,site_7027.com,domain,0.167,0.0,0.0,0.0,0,0.0,0
+917047187022,phone,priya3g9,username,0.095,0.0,0.0,0.0,2,0.0,1
site_4203.com,domain,+916367749552,phone,0.0,0.0,0.0,0.0,0,0.0,0
lisa devi,name,+919387772934,phone,0.0,0.0,0.0,0.0,0,0.0,0
sara88,username,fatima83@outlook.com,email,0.429,0.0,0.0,0.0,0,0.0,0
contact_4635@outlook.com,email,user_7218,username,0.095,0.0,0.0,0.0,0,0.0,0
user_8832,username,contact_9331@proton.me,email,0.19,0.0,0.0,0.0,0,0.0,0
+17908303933,phone,jane_johnson,username,0.0,0.0,0.0,0.0,3,0.0,1
user_4125,username,contact_9068@outlook.com,email,0.095,0.0,0.0,0.0,0,0.0,0
+919376816771,phone,ananya_khan@proton.me,email,0.0,0.0,0.0,0.0,0,0.0,0
+917212115091,phone,ali42coder,username,0.087,0.0,0.0,0.0,0,0.0,0
site_4589.com,domain,ali miller,name,0.174,0.0,0.0,0.0,0,0.0,0
site_8913.com,domain,site_8379.com,domain,0.0,0.0,0.0,0.0,0,0.0,0
amit@customlab.org,email,amitjohnsonsite.com,domain,0.0,0.0,0.0,0.0,2,0.0,1
ken3,username,michael_williams@proton.me,email,0.1,0.0,0.0,0.0,0,0.0,0
user_4322,username,user_6800,username,0.556,0.556,0.0,0.0,0,0.0,0
site_6088.com,domain,contact_1783@gmail.com,email,0.0,0.0,0.0,0.0,0,0.0,0
+916013092582,phone,contact_7331@gmail.com,email,0.0,0.0,0.0,0.0,0,0.0,0
user_3588,username,+916554351265,phone,0.182,0.0,0.0,0.0,0,0.0,0
hacker_carlos_sharma,username,+917327141441,phone,0.0,0.0,0.0,0.0,0,0.0,0
+17175203672,phone,fatim83,username,0.105,0.0,0.0,0.0,1,0.0,1
site_6757.com,domain,+916264581624,phone,0.0,0.0,0.0,0.0,0,0.0,0
rjaesh97,username,+917185643633,phone,0.19,0.0,0.0,0.0,1,0.0,1
+917684885731,phone,priya_williamscoder@priyasite.net,email,0.0,0.0,0.0,0.0,1,0.0,1
amit brown,name,contact_1043@yahoo.com,email,0.182,0.0,0.0,0.0,0,0.0,0
hacker_john_johnsondev.org,domain,john_johnson,username,0.632,0.0,0.0,0.0,1,0.0,1
rahulpatelsite.com,domain,rajesh_singh,username,0.333,0.0,0.0,0.0,0,0.0,0
michael_brown@hotmail.com,email,rajeshsinghsite.com,domain,0.0,0.0,0.0,0.0,0,0.0,0
+918687709408,phone,jken80,username,0.211,0.0,0.0,0.0,0,0.0,0
yukidevisite.com,domain,rajesh_gupta@outlook.com,email,0.0,0.0,0.0,0.0,0,0.0,0
rahul brown,name,site_1009.com,domain,0.083,0.0,0.0,0.0,0,0.0,0
michaekl tanaka,name,michael_tanka,username,0.857,0.0,0.0,0.0,0,0.0,1
contact_1814@yahoo.com,email,yuki devi,name,0.0,0.0,0.0,0.0,0,0.0,0
aanya_khan,username,+13420505754,phone,0.0,0.0,0.0,0.0,0,0.0,1
lisa_patle,username,michael_tanaka,username,0.333,0.333,0.0,0.0,0,0.0,0
ali kumar,name,john garcia,name,0.3,0.0,0.0,0.0,1,0.0,0
rajesh_martinez@rajeshsite.net,email,rajesh_martiez,username,0.966,0.0,0.0,0.0,1,0.0,1
ai4l2,username,ali42cder,username,0.571,0.571,0.0,0.0,2,0.0,1
site_4470.com,domain,site_4203.com,domain,0.0,0.0,0.0,0.0,0,0.0,0
hacker_john_garcia,username,fatima devi,name,0.276,0.0,0.0,0.0,0,0.0,0
david singh,name,ali42@proton.me,email,0.25,0.0,0.0,0.0,0,0.0,0
ait_johnsondev.org,domain,hacker_amit_johson,username,0.556,0.0,0.0,0.0,1,0.0,1
fatima83@outlook.com,email,jane_singh@gmail.com,email,0.0,0.0,0.0,0.0,0,0.0,0
michael williams,name,+918209110951,phone,0.0,0.0,0.0,0.0,0,0.0,0
rajeshguptasite.com,domain,+917759419129,phone,0.0,0.0,0.0,0.0,0,0.0,0
jken80,username,hacker_kien80,username,0.526,0.526,0.0,0.0,0,0.0,1
david devi,name,+916232420075,phone,0.0,0.0,0.0,0.0,0,0.0,0
site_6683.com,domain,user_8220,username,0.364,0.0,0.0,0.0,0,0.0,0
site_412.com,domain,contact_1177@gmail.com,email,0.0,0.0,0.0,0.0,0,0.0,0
rajesh97@hotmail.com,email,lisa patel,name,0.222,0.0,0.0,0.0,2,0.0,0
contact_8329@yahoo.com,email,site_6092.com,domain,0.0,0.0,0.0,0.0,0,0.0,0
user_4040,username,+916274447966,phone,0.182,0.0,0.0,0.0,0,0.0,0
contact_5221@hotmail.com,email,priya doe,name,0.19,0.0,0.0,0.0,0,0.0,0
user_9822,username,site_6250.com,domain,0.364,0.0,0.0,0.0,0,0.0,0
sarasmithsite.com,domain,fatim83,username,0.333,0.0,0.0,0.0,0,0.0,0
alikumarsite.com,domain,+917265935870,phone,0.0,0.0,0.0,0.0,0,0.0,0
janesatosite.com,domain,hacker_rajesh_gupta,username,0.286,0.0,0.0,0.0,0,0.0,0
rajeshsinghsite.com,domain,rajsehs_ingh,username,0.645,0.0,0.0,0.0,0,0.0,1
hacker_michael_tanhaka,username,michael_tanaka,username,0.778,0.778,0.0,0.0,2,0.0,1
yuki_wililam,username,hackre_yuki_williams,username,0.688,0.688,0.0,0.0,1,0.0,1
contact_2072@outlook.com,email,sara davis,name,0.091,0.0,0.0,0.0,0,0.0,0
rajeshguptasite.com,domain,priya_williamscoder,username,0.316,0.0,0.0,0.0,0,0.0,0
+918475056187,phone,+919837615419,phone,0.0,0.0,0.0,0.0,0,0.0,0
+917430387833,phone,+918338710195,phone,0.0,0.0,0.0,0.0,0,0.0,0
+917871714345,phone,+918965178657,phone,0.0,0.0,0.0,0.0,0,0.0,0
user_2035,username,contact_6982@hotmail.com,email,0.19,0.0,0.0,0.0,0,0.0,0
+917521726436,phone,lisa_ahmed@proton.me,email,0.0,0.0,0.0,0.0,0,0.0,0
lisa brown,name,hacker_john_johnson,username,0.276,0.0,0.0,0.0,0,0.0,0
site_8555.com,domain,user_6903,username,0.273,0.0,0.0,0.0,1,0.0,0
user_3402,username,contact_1302@proton.me,email,0.381,0.0,0.0,0.0,1,0.0,0
site_1158.com,domain,+916769133408,phone,0.0,0.0,0.0,0.0,0,0.0,0
michael_sharma@yahoo.com,email,faitma70,username,0.273,0.0,0.0,0.0,1,0.0,0
user_677,username,+916426347202,phone,0.19,0.0,0.0,0.0,0,0.0,0
site_6535.com,domain,john jones,name,0.087,0.0,0.0,0.0,0,0.0,0
yuki_williams@gmail.com,email,rahul77@outlook.com,email,0.0,0.0,0.0,0.0,0,0.0,0
emily brown,name,+917047187022,phone,0.0,0.0,0.0,0.0,0,0.0,0
hacker_lisa_atel,username,lia patel,name,0.56,0.0,0.0,0.0,2,0.0,1
+919640160203,phone,jane sato,name,0.0,0.0,0.0,0.0,0,0.0,0
ali_ahmed@yahoo.com,email,+917107621714,phone,0.0,0.0,0.0,0.0,0,0.0,0
hacker_john_johnson,username,sara miller,name,0.2,0.0,0.0,0.0,0,0.0,0
+916547999146,phone,emily ahmed,name,0.0,0.0,0.0,0.0,2,0.0,0
hacker_michael_brown,username,michael borwn,name,0.485,0.0,0.0,0.0,0,0.0,1
michael_wirlliams,username,hacker_michael_williams9,username,0.78,0.78,0.0,0.0,1,0.0,1
elena_tanaka@outlook.com,email,elenatanakasite.com,domain,0.0,0.0,0.0,0.0,0,0.0,1
site_4504.com,domain,site_8050.com,domain,0.0,0.0,0.0,0.0,0,0.0,0
jane_singh,username,janelabs.net,domain,0.545,0.0,0.0,0.0,1,0.0,1
lisa_patel@hotmail.com,email,jane35@gmail.com,email,0.0,0.0,0.0,0.0,0,0.0,0
hacker_amit_johson,username,amit@customlab.org,email,0.364,0.0,0.0,0.0,0,0.0,1
site_5844.com,domain,site_4195.com,domain,0.0,0.0,0.0,0.0,1,0.0,0
john patel,name,site_1701.com,domain,0.174,0.0,0.0,0.0,0,0.0,0
+918183223644,phone,hacker_rajesh64,username,0.143,0.0,0.0,0.0,0,0.0,0
+919733959353,phone,lisa tanaka,name,0.0,0.0,0.0,0.0,0,0.0,0
rajeshmartinezsite.com,domain,rajesh_martinezdev.org,domain,0.0,0.0,0.0,0.0,3,0.0,1
michael_sharm,username,+13755491676,phone,0.0,0.0,0.0,0.0,0,0.0,1
ananya khan,name,hacker_priya76,username,0.24,0.0,0.0,0.0,0,0.0,0
+916580034907,phone,carlos khan,name,0.0,0.0,0.0,0.0,0,0.0,0
site_4851.com,domain,lisa martinez,name,0.231,0.0,0.0,0.0,0,0.0,0
michael smith,name,+916264581624,phone,0.0,0.0,0.0,0.0,0,0.0,0
+919916712744,phone,yuki_wililams,username,0.0,0.0,0.0,0.0,0,0.0,0
rajesh miller,name,+917521726436,phone,0.0,0.0,0.0,0.0,0,0.0,0
fatima gupta,name,+916172833983,phone,0.0,0.0,0.0,0.0,0,0.0,0
neha davis,name,site_2422.com,domain,0.174,0.0,0.0,0.0,0,0.0,0
michael_brown,username,michael borwn,name,0.538,0.0,0.0,0.0,0,0.0,1
hacker_yuki_ahmed,username,yuki ahmed,name,0.444,0.0,0.0,0.0,0,0.0,1
contact_4605@gmail.com,email,site_2251.com,domain,0.0,0.0,0.0,0.0,0,0.0,0
+919254703979,phone,fatimadevisite.com,domain,0.0,0.0,0.0,0.0,0,0.0,0
user_3864,username,+916588403159,phone,0.182,0.0,0.0,0.0,0,0.0,0
rajesh singh,name,ken_gupta,username,0.286,0.0,0.0,0.0,0,0.0,0
yuki devi,name,ali42@proton.me,email,0.143,0.0,0.0,0.0,0,0.0,0
fatima tanaka,name,hacker_john_johnson,username,0.125,0.0,0.0,0.0,0,0.0,0
praiya726,username,priya sinmgh,name,0.476,0.0,0.0,0.0,0,0.0,1
amit_johnson,username,+17016107865,phone,0.0,0.0,0.0,0.0,1,0.0,1
hacker_rajesh97,username,rajesh miller,name,0.571,0.0,0.0,0.0,0,0.0,0
ali42@proton.me,email,+918595924800,phone,0.0,0.0,0.0,0.0,0,0.0,0
sara smith,name,+919994107253,phone,0.0,0.0,0.0,0.0,0,0.0,0
lisapatelsite.com,domain,ali kumar,name,0.308,0.0,0.0,0.0,0,0.0,0
+917430387833,phone,+919596703526,phone,0.0,0.0,0.0,0.0,0,0.0,0
michaelsharmasite.com,domain,michael_williams@proton.me,email,0.0,0.0,0.0,0.0,0,0.0,0
ken37@yahoo.com,email,lisa ahmed,name,0.133,0.0,0.0,0.0,0,0.0,0
fatimadevisite.com,domain,fatima70,username,0.462,0.0,0.0,0.0,2,0.0,1
+917327141441,phone,+917759419129,phone,0.0,0.0,0.0,0.0,0,0.0,0
+919310858477,phone,rajesh gupta,name,0.0,0.0,0.0,0.0,0,0.0,0
sara_smith@hotmail.com,email,michael_sharmacoder,username,0.276,0.0,0.0,0.0,0,0.0,0
faitma70,username,fatima edvi,name,0.526,0.0,0.0,0.0,2,0.0,1
priyabrownsite.com,domain,priya borwn,name,0.345,0.0,0.0,0.0,2,0.0,1
contact_7096@outlook.com,email,user_6065,username,0.286,0.0,0.0,0.0,0,0.0,0
+916836461469,phone,site_267.com,domain,0.0,0.0,0.0,0.0,1,0.0,0
rajesh_martinez@yahoo.com,email,+918965178657,phone,0.0,0.0,0.0,0.0,0,0.0,0
contact_8230@hotmail.com,email,user_8305,username,0.381,0.0,0.0,0.0,0,0.0,0
lia patel,name,lias_patel,username,0.842,0.0,0.0,0.0,0,0.0,1
rajesh_martinez@yahoo.com,email,+918338710195,phone,0.0,0.0,0.0,0.0,0,0.0,0
sara singh,name,site_2665.com,domain,0.174,0.0,0.0,0.0,0,0.0,0
+919243258548,phone,yuki_ahmed,username,0.0,0.0,0.0,0.0,0,0.0,0
elena sato,name,elnea35@elenasite.net,email,0.471,0.0,0.0,0.0,2,0.0,1
site_674.com,domain,priya kumar,name,0.087,0.0,0.0,0.0,0,0.0,0
elena51@hotmail.com,email,carlossharmasite.com,domain,0.0,0.0,0.0,0.0,0,0.0,0
ilsa@customlab.org,email,lisa48dev.org,domain,0.0,0.0,0.0,0.0,3,0.0,1
fatima83@outlook.com,email,hacker_emily_brown,username,0.154,0.0,0.0,0.0,0,0.0,0
site_197.com,domain,priya brown,name,0.087,0.0,0.0,0.0,0,0.0,0
+916593701723,phone,contact_5034@proton.me,email,0.0,0.0,0.0,0.0,0,0.0,0
yuki_devi@outlook.com,email,rajesh68,username,0.118,0.0,0.0,0.0,0,0.0,0
site_530.com,domain,yuki sato,name,0.286,0.0,0.0,0.0,0,0.0,0
john_garica,username,john garcia,name,0.455,0.0,0.0,0.0,0,0.0,1
hacker_carlos_shara,username,carlos shrama,name,0.625,0.0,0.0,0.0,2,0.0,1
rajseh_miller,username,rajesh_miller,username,0.923,0.923,0.0,0.0,0,0.0,1
contact_7915@outlook.com,email,+916941267841,phone,0.0,0.0,0.0,0.0,0,0.0,0
yuki_devi@outlook.com,email,fatima83@outlook.com,email,0.0,0.0,0.0,0.0,0,0.0,0
rajeshlabs.net,domain,+917185643633,phone,0.0,0.0,0.0,0.0,0,0.0,1
john_johnson@hotmail.com,email,johnjohnsonsite.com,domain,0.0,0.0,0.0,0.0,0,0.0,1
+919952958729,phone,rajesh miller,name,0.0,0.0,0.0,0.0,0,0.0,0
+919596703526,phone,hacker_rajesh_gupta,username,0.0,0.0,0.0,0.0,0,0.0,0
+918733759412,phone,+917658170004,phone,0.0,0.0,0.0,0.0,0,0.0,0
+919289245144,phone,rajeshkhansite.com,domain,0.0,0.0,0.0,0.0,0,0.0,0
+916744048794,phone,contact_1906@outlook.com,email,0.0,0.0,0.0,0.0,0,0.0,0
contact_3710@outlook.com,email,contact_7846@gmail.com,email,0.0,0.0,0.0,0.0,0,0.0,0
priyasinghsite.com,domain,priya76,username,0.4,0.0,0.0,0.0,2,0.0,1
site_8555.com,domain,user_5703,username,0.364,0.0,0.0,0.0,0,0.0,0
ken_gupta@outlook.com,email,ken gupta,name,0.556,0.0,0.0,0.0,2,0.0,1
yuki_ahmed@outlook.com,email,yuki ahmed,name,0.5,0.0,0.0,0.0,1,0.0,1
john ahmed,name,hacker_john_ahmed,username,0.444,0.0,0.0,0.0,0,0.0,1
site_1743.com,domain,+916073650905,phone,0.0,0.0,0.0,0.0,0,0.0,0
contact_5408@proton.me,email,site_8896.com,domain,0.0,0.0,0.0,0.0,0,0.0,0
jane_johnson,username,ait_johnson,username,0.783,0.783,0.0,0.0,0,0.0,0
contact_1889@yahoo.com,email,contact_8104@outlook.com,email,0.0,0.0,0.0,0.0,0,0.0,0
+916045206145,phone,+916319832256,phone,0.0,0.0,0.0,0.0,0,0.0,0
user_518,username,user_2004,username,0.588,0.588,0.0,0.0,0,0.0,0
site_3337.com,domain,contact_5221@hotmail.com,email,0.0,0.0,0.0,0.0,0,0.0,0
lisa92@gmail.com,email,lisatanakasite.com,domain,0.0,0.0,0.0,0.0,1,0.0,1
sara88,username,ali42coder,username,0.25,0.25,0.0,0.0,0,0.0,0
rajesh khan,name,sraa_smith,username,0.381,0.0,0.0,0.0,0,0.0,0
site_2795.com,domain,contact_9804@proton.me,email,0.0,0.0,0.0,0.0,0,0.0,0
lisa77@yahoo.com,email,hacker_lias77,username,0.526,0.0,0.0,0.0,0,0.0,1
hacker_amit_johnson,username,amitjohnsonsite.com,domain,0.579,0.0,0.0,0.0,3,0.0,1
carlossharmasite.com,domain,elena tanaka,name,0.188,0.0,0.0,0.0,0,0.0,0
site_2963.com,domain,priya brown,name,0.083,0.0,0.0,0.0,0,0.0,0
michaelwilliamssite.com,domain,john smith,name,0.242,0.0,0.0,0.0,0,0.0,0
contact_3681@proton.me,email,user_5234,username,0.19,0.0,0.0,0.0,0,0.0,0
lisa_patel,username,lisa@customlab.org,email,0.571,0.0,0.0,0.0,3,0.0,1
site_8020.com,domain,ken doe,name,0.1,0.0,0.0,0.0,0,0.0,0
site_2389.com,domain,+916328816281,phone,0.0,0.0,0.0,0.0,0,0.0,0
priya_williamscoder,username,priya williams,name,0.788,0.0,0.0,0.0,3,0.0,1
ail42,username,ali42coder@alisite.net,email,0.533,0.0,0.0,0.0,1,0.0,1
michaelg_borwn,username,michaelbrownsite.com,domain,0.647,0.0,0.0,0.0,0,0.0,1
hacker_john_ahmed,username,ali42@proton.me,email,0.091,0.0,0.0,0.0,0,0.0,0
lisaa_hed,username,lisaahmedsite.com,domain,0.615,0.0,0.0,0.0,2,0.0,1
contact_7359@gmail.com,email,site_6535.com,domain,0.0,0.0,0.0,0.0,0,0.0,0
jane3coder,username,+17822494780,phone,0.0,0.0,0.0,0.0,1,0.0,1
sraa_smithdev.org,domain,sara_msith,username,0.593,0.0,0.0,0.0,0,0.0,1
rajesh smith,name,sara miller,name,0.261,0.0,0.0,0.0,0,0.0,0
yukidevisite.com,domain,yuki devi,name,0.4,0.0,0.0,0.0,2,0.0,1
lisa tanaka,name,michael_brown@hotmail.com,email,0.25,0.0,0.0,0.0,0,0.0,0
amitsharmasite.com,domain,amith_arma,username,0.643,0.0,0.0,0.0,2,0.0,1
amit_sharmacoder,username,amti_sharmacoder,username,0.938,0.938,0.0,0.0,2,0.0,1
user_720,username,+916085320982,phone,0.19,0.0,0.0,0.0,0,0.0,0
site_7528.com,domain,user_6732,username,0.455,0.0,0.0,0.0,0,0.0,0
rahul miller,name,ken johnson,name,0.087,0.0,0.0,0.0,0,0.0,0
user_4570,username,site_4827.com,domain,0.455,0.0,0.0,0.0,0,0.0,0
ilsa@customlab.org,email,+917658170004,phone,0.0,0.0,0.0,0.0,0,0.0,1
alikumarsite.com,domain,ai4l2,username,0.19,0.0,0.0,0.0,0,0.0,1
ken_guptadev.org,domain,+918338710195,phone,0.0,0.0,0.0,0.0,3,0.0,1
michael shara,name,michael_sharma,username,0.889,0.0,0.0,0.0,2,0.0,1
robert brown,name,contact_9241@gmail.com,email,0.25,0.0,0.0,0.0,0,0.0,0
hacker_amit_johnson,username,amit@customlab.org,email,0.348,0.0,0.0,0.0,2,0.0,1
michaelwilliamssite.com,domain,lisa92@gmail.com,email,0.0,0.0,0.0,0.0,0,0.0,0
jken80,username,johnsmithsite.com,domain,0.174,0.0,0.0,0.0,0,0.0,0
yuki kumar,name,user_1694,username,0.211,0.0,0.0,0.0,0,0.0,0
site_4767.com,domain,contact_2740@gmail.com,email,0.0,0.0,0.0,0.0,0,0.0,0
+916337514548,phone,contact_2584@hotmail.com,email,0.0,0.0,0.0,0.0,0,0.0,0
jane_johnson,username,lisapatelsite.com,domain,0.276,0.0,0.0,0.0,0,0.0,0
lia patel,name,lisapatelsite.com,domain,0.615,0.0,0.0,0.0,2,0.0,1
+919582781625,phone,rajesh_gupta@outlook.com,email,0.0,0.0,0.0,0.0,1,0.0,0
ken kumar,name,user_1270,username,0.222,0.0,0.0,0.0,0,0.0,0
site_7330.com,domain,+916274447966,phone,0.0,0.0,0.0,0.0,0,0.0,0
+919582781625,phone,+919254703979,phone,0.0,0.0,0.0,0.0,0,0.0,0
+916519287780,phone,contact_890@proton.me,email,0.0,0.0,0.0,0.0,0,0.0,0
michael_williams@proton.me,email,fatimatanakasite.com,domain,0.0,0.0,0.0,0.0,0,0.0,0
yuki devi,name,michael_sharma@yahoo.com,email,0.087,0.0,0.0,0.0,0,0.0,0
sara devi,name,contact_4636@hotmail.com,email,0.095,0.0,0.0,0.0,0,0.0,0
contact_631@hotmail.com,email,user_9305,username,0.2,0.0,0.0,0.0,0,0.0,0
michaelwilliamssite.com,domain,rajesh_miller@proton.me,email,0.0,0.0,0.0,0.0,0,0.0,0
ananya patel,name,ali garcia,name,0.273,0.0,0.0,0.0,0,0.0,0
+916669243768,phone,site_9494.com,domain,0.0,0.0,0.0,0.0,0,0.0,0
amit sharma,name,emilybrownsite.com,domain,0.276,0.0,0.0,0.0,1,0.0,0
+918963267690,phone,rahul patel,name,0.0,0.0,0.0,0.0,1,0.0,1
michael sharma,name,michael_shaxrma,username,0.897,0.0,0.0,0.0,2,0.0,1
elena51@elenasite.net,email,+917265935870,phone,0.0,0.0,0.0,0.0,2,0.0,1
site_1197.com,domain,site_3698.com,domain,0.0,0.0,0.0,0.0,0,0.0,0
user_5007,username,site_7964.com,domain,0.364,0.0,0.0,0.0,0,0.0,0
lisa tanaka,name,lisatanakasite.com,domain,0.69,0.0,0.0,0.0,0,0.0,1
elena davis,name,elenalabs.net,domain,0.417,0.0,0.0,0.0,0,0.0,1
user_9850,username,user_7796,username,0.667,0.667,0.0,0.0,0,0.0,0
hacker_john_garcia@johnsite.net,email,john_garcia,username,0.759,0.0,0.0,0.0,2,0.0,1
contact_2191@yahoo.com,email,contact_6595@hotmail.com,email,0.0,0.0,0.0,0.0,0,0.0,0
lisa92@gmail.com,email,+918474818136,phone,0.0,0.0,0.0,0.0,0,0.0,0
rajesh_martinez@yahoo.com,email,amit sharma,name,0.385,0.0,0.0,0.0,0,0.0,0
+917185643633,phone,kenjonessite.com,domain,0.0,0.0,0.0,0.0,0,0.0,0
contact_714@outlook.com,email,+916856117492,phone,0.0,0.0,0.0,0.0,0,0.0,0
hacker_lisa_patel,username,lisalabs.net,domain,0.414,0.0,0.0,0.0,0,0.0,1
contact_2427@hotmail.com,email,site_1235.com,domain,0.0,0.0,0.0,0.0,0,0.0,0
+916215278170,phone,sara ahmed,name,0.0,0.0,0.0,0.0,0,0.0,0
ken gupta,name,yuki ahmed,name,0.316,0.0,0.0,0.0,0,0.0,0
+919243258548,phone,kenjonessite.com,domain,0.0,0.0,0.0,0.0,0,0.0,1
ken garcia,name,rahulpatelsite.com,domain,0.214,0.0,0.0,0.0,0,0.0,0
contact_8351@gmail.com,email,user_4477,username,0.095,0.0,0.0,0.0,0,0.0,0
aliahmedsite.com,domain,priya singh,name,0.296,0.0,0.0,0.0,0,0.0,0
yuki@customlab.org,email,+14491292026,phone,0.0,0.0,0.0,0.0,1,0.0,1
rgajesh6,username,rajesh68@rajeshsite.net,email,0.875,0.0,0.0,0.0,1,0.0,1
lia patel,name,+918335090736,phone,0.0,0.0,0.0,0.0,0,0.0,1
hacker_lisa_ahmed,username,hacker_lbisa_ahmed,username,0.971,0.971,0.0,0.0,1,0.0,1
sara88@hotmail.com,email,+917430387833,phone,0.0,0.0,0.0,0.0,3,0.0,1
+916814030851,phone,user_3588,username,0.182,0.0,0.0,0.0,0,0.0,0
ali42@proton.me,email,ali42cder,username,0.714,0.0,0.0,0.0,2,0.0,1
lisa patel,name,+918335090736,phone,0.0,0.0,0.0,0.0,1,0.0,1
+916978723541,phone,emily smith,name,0.0,0.0,0.0,0.0,0,0.0,0
carlos sato,name,sara davis,name,0.476,0.0,0.0,0.0,0,0.0,0
site_9748.com,domain,michael brown,name,0.154,0.0,0.0,0.0,0,0.0,0
alikumarsite.com,domain,ali42coder@alisite.net,email,0.0,0.0,0.0,0.0,0,0.0,1
jane35@gmail.com,email,priyabrownsite.com,domain,0.0,0.0,0.0,0.0,0,0.0,0
lisa48,username,hacker_lisa48,username,0.632,0.632,0.0,0.0,1,0.0,1
ali42coder,username,hacker_rajesh97,username,0.32,0.32,0.0,0.0,0,0.0,0
ali davis,name,contact_2964@proton.me,email,0.095,0.0,0.0,0.0,0,0.0,0
site_5701.com,domain,site_8000.com,domain,0.0,0.0,0.0,0.0,0,0.0,0
jane singh,name,rajesh_martinez,username,0.4,0.0,0.0,0.0,0,0.0,0
lisa_ahmed@proton.me,email,john johnson,name,0.091,0.0,0.0,0.0,1,0.0,0
+919289245144,phone,elenadavissite.com,domain,0.0,0.0,0.0,0.0,0,0.0,0
rajeshkhansite.com,domain,+919254703979,phone,0.0,0.0,0.0,0.0,0,0.0,0
rajesh smith,name,rajesh64@yahoo.com,email,0.6,0.0,0.0,0.0,0,0.0,1
fatima@customlab.org,email,fatma83,username,0.769,0.0,0.0,0.0,2,0.0,1
rajeshlabs.net,domain,rajesh68@gmail.com,email,0.0,0.0,0.0,0.0,1,0.0,1
site_2536.com,domain,user_8724,username,0.364,0.0,0.0,0.0,0,0.0,0
dvid38,username,david38@hotmail.com,email,0.923,0.0,0.0,0.0,3,0.0,1
hacker_amit_johnson,username,+17016107865,phone,0.0,0.0,0.0,0.0,0,0.0,1
site_1332.com,domain,ananya singh,name,0.16,0.0,0.0,0.0,0,0.0,0
+916119086282,phone,contact_4426@gmail.com,email,0.0,0.0,0.0,0.0,0,0.0,0
+919994107253,phone,+917185643633,phone,0.0,0.0,0.0,0.0,0,0.0,0
janelabs.net,domain,jane johnson,name,0.5,0.0,0.0,0.0,3,0.0,1
ahul patel,name,rahul77,username,0.471,0.0,0.0,0.0,1,0.0,1
user_3799,username,lisa martinez,name,0.182,0.0,0.0,0.0,0,0.0,0
sara88,username,ken3,username,0.0,0.0,0.0,0.0,0,0.0,0
site_6774.com,domain,site_4199.com,domain,0.0,0.0,0.0,0.0,0,0.0,0
hacker_jane_singh,username,rajesh_miller@proton.me,email,0.333,0.0,0.0,0.0,0,0.0,0
contact_7656@hotmail.com,email,lisa williams,name,0.08,0.0,0.0,0.0,0,0.0,0
ali42coder,username,ait_johnson,username,0.286,0.286,0.0,0.0,1,0.0,0
contact_8080@gmail.com,email,site_3655.com,domain,0.0,0.0,0.0,0.0,0,0.0,0
contact_2066@gmail.com,email,site_4746.com,domain,0.0,0.0,0.0,0.0,0,0.0,0
yuki_devi@outlook.com,email,fatima_patel@outlook.com,email,0.0,0.0,0.0,0.0,0,0.0,0
ali42coder,username,johnahmedsite.com,domain,0.296,0.0,0.0,0.0,0,0.0,0
site_3329.com,domain,contact_1572@proton.me,email,0.0,0.0,0.0,0.0,0,0.0,0
ananya_khan,username,anany akhan,name,0.545,0.0,0.0,0.0,0,0.0,1
elena51@hotmail.com,email,sara88@hotmail.com,email,0.0,0.0,0.0,0.0,0,0.0,0
michael williams,name,fatimapatelsite.com,domain,0.343,0.0,0.0,0.0,0,0.0,0
elena davis,name,lisa brown,name,0.286,0.0,0.0,0.0,0,0.0,0
yuki williams,name,hacker_yuki_williams,username,0.485,0.0,0.0,0.0,0,0.0,1
user_9212,username,user_4130,username,0.667,0.667,0.0,0.0,0,0.0,0
rajesh miller,name,emily_brown@yahoo.com,email,0.333,0.0,0.0,0.0,0,0.0,0
user_7447,username,user_9260,username,0.556,0.556,0.0,0.0,0,0.0,0
ananyakhan,username,lisatanakasite.com,domain,0.429,0.0,0.0,0.0,0,0.0,0
+918123425397,phone,fatima70@hotmail.com,email,0.0,0.0,0.0,0.0,0,0.0,0
yukiwilliamssite.com,domain,rajesh_miller@proton.me,email,0.0,0.0,0.0,0.0,0,0.0,0
contact_6068@gmail.com,email,contact_3693@gmail.com,email,0.0,0.0,0.0,0.0,0,0.0,0
contact_6998@outlook.com,email,michael tanaka,name,0.231,0.0,0.0,0.0,0,0.0,0
contact_9076@gmail.com,email,+916328816281,phone,0.0,0.0,0.0,0.0,0,0.0,0
michael_sharm,username,michael_shaxrma,username,0.929,0.929,0.0,0.0,0,0.0,1
johngarciasite.com,domain,rajeshkhansite.com,domain,0.0,0.0,0.0,0.0,0,0.0,0
pjohn_hmed,username,john_ahmed@hotmail.com,email,0.9,0.0,0.0,0.0,1,0.0,1
hacker_carlos_sharma,username,alikumarsite.com,domain,0.333,0.0,0.0,0.0,1,0.0,0
ken jones,name,+919289245144,phone,0.0,0.0,0.0,0.0,0,0.0,0
john johnson,name,michael_tanaka@gmail.com,email,0.154,0.0,0.0,0.0,0,0.0,0
janesatosite.com,domain,elena sato,name,0.385,0.0,0.0,0.0,0,0.0,0
lisapatelsite.com,domain,sara_smith@hotmail.com,email,0.0,0.0,0.0,0.0,0,0.0,0
site_2329.com,domain,site_8810.com,domain,0.0,0.0,0.0,0.0,0,0.0,0
michael_sharmacoderdev.org,domain,michael_shaxrma,username,0.683,0.0,0.0,0.0,1,0.0,1
lsia@customlab.org,email,lisa_ahmed,username,0.429,0.0,0.0,0.0,1,0.0,1
ken williams,name,+916337514548,phone,0.0,0.0,0.0,0.0,0,0.0,0
ken_gupta,username,en_gupat,username,0.824,0.824,0.0,0.0,3,0.0,1
+916325561467,phone,user_5234,username,0.182,0.0,0.0,0.0,0,0.0,0
user_1996,username,priya johnson,name,0.182,0.0,0.0,0.0,0,0.0,0
amit sato,name,user_7287,username,0.111,0.0,0.0,0.0,0,0.0,0
carlos khan,name,user_9568,username,0.1,0.0,0.0,0.0,0,0.0,0
+919457189042,phone,lisa77@yahoo.com,email,0.0,0.0,0.0,0.0,0,0.0,0
hacker_lisa_patel,username,ilsa patel,name,0.593,0.0,0.0,0.0,0,0.0,1
rajeshmillersite.com,domain,rahul patel,name,0.258,0.0,0.0,0.0,0,0.0,0
lisa patel,name,jane_johnson,username,0.182,0.0,0.0,0.0,0,0.0,0
yukidevisite.com,domain,yukilabs.net,domain,0.0,0.0,0.0,0.0,2,0.0,1
+919804281916,phone,+917336835980,phone,0.0,0.0,0.0,0.0,0,0.0,0
fatima_patel@outlook.com,email,+919596703526,phone,0.0,0.0,0.0,0.0,0,0.0,1
fatima patel,name,hacker_fatima_patel,username,0.71,0.0,0.0,0.0,1,0.0,1
site_5714.com,domain,site_839.com,domain,0.0,0.0,0.0,0.0,0,0.0,0
fatima83@outlook.com,email,sara88@hotmail.com,email,0.0,0.0,0.0,0.0,0,0.0,0
+919369099268,phone,ali@customlab.org,email,0.0,0.0,0.0,0.0,1,0.0,1
contact_6639@yahoo.com,email,contact_2418@hotmail.com,email,0.0,0.0,0.0,0.0,0,0.0,0
+917327141441,phone,jane_johnson@hotmail.com,email,0.0,0.0,0.0,0.0,1,0.0,0
lisa patel,name,lisapatelsite.com,domain,0.667,0.0,0.0,0.0,2,0.0,1
ohn smith,name,john51,username,0.4,0.0,0.0,0.0,2,0.0,1
site_3086.com,domain,site_6246.com,domain,0.0,0.0,0.0,0.0,0,0.0,0
contact_2989@gmail.com,email,user_5127,username,0.19,0.0,0.0,0.0,0,0.0,0
elena51,username,jane sato,name,0.25,0.0,0.0,0.0,0,0.0,0
ali42,username,ali42@proton.me,email,1.0,0.0,0.0,1.0,2,0.0,1
ohn smith,name,john15,username,0.4,0.0,0.0,0.0,1,0.0,1
ananyakhan@ananyasite.net,email,naanyakhan,username,0.9,0.0,0.0,0.0,0,0.0,1
sraa_smithdev.org,domain,sara_smith,username,0.667,0.0,0.0,0.0,2,0.0,1
rajeshguptasite.com,domain,jane_singh@gmail.com,email,0.0,0.0,0.0,0.0,0,0.0,0
user_478,username,ali johnson,name,0.105,0.0,0.0,0.0,0,0.0,0
user_5095,username,contact_2191@yahoo.com,email,0.19,0.0,0.0,0.0,0,0.0,0
user_1694,username,contact_8973@outlook.com,email,0.19,0.0,0.0,0.0,0,0.0,0
+918981347325,phone,+918318297467,phone,0.0,0.0,0.0,0.0,0,0.0,0
user_3288,username,contact_1846@proton.me,email,0.19,0.0,0.0,0.0,0,0.0,0
lisa_ahmed,username,rajeshkhansite.com,domain,0.214,0.0,0.0,0.0,0,0.0,0
amit sharma,name,michaelwilliamssite.com,domain,0.294,0.0,0.0,0.0,0,0.0,0
site_2820.com,domain,+916045206145,phone,0.0,0.0,0.0,0.0,0,0.0,0
+13491643388,phone,hacker_rajesh64dev.org,domain,0.0,0.0,0.0,0.0,2,0.0,1
amit_sharma@proton.me,email,+13050302325,phone,0.0,0.0,0.0,0.0,2,0.0,1
+916167832602,phone,user_7077,username,0.182,0.0,0.0,0.0,0,0.0,0
hacker_john_johnsondev.org,domain,hacker_john_johnson@johnsite.net,email,0.0,0.0,0.0,0.0,2,0.0,1
user_670,username,contact_8986@yahoo.com,email,0.2,0.0,0.0,0.0,0,0.0,0
carlos shrama,name,carlos_sharma@hotmail.com,email,0.846,0.0,0.0,0.0,0,0.0,1
+917185643633,phone,hacker_emily_brown,username,0.0,0.0,0.0,0.0,0,0.0,0
user_4040,username,carlos ahmed,name,0.19,0.0,0.0,0.0,0,0.0,0
+916313589941,phone,user_7796,username,0.182,0.0,0.0,0.0,1,0.0,0
+916848996954,phone,user_2913,username,0.182,0.0,0.0,0.0,0,0.0,0
contact_1066@proton.me,email,+916248866923,phone,0.0,0.0,0.0,0.0,0,0.0,0
ali martinez,name,site_311.com,domain,0.25,0.0,0.0,0.0,0,0.0,0
rajesh_martinez,username,yuki ahmed,name,0.32,0.0,0.0,0.0,0,0.0,0
jane35@gmail.com,email,jane3,username,0.909,0.0,0.0,0.0,2,0.0,1
amit johnson,name,user_637,username,0.1,0.0,0.0,0.0,0,0.0,0
lisa_patl,username,lias_patel,username,0.842,0.842,0.0,0.0,0,0.0,1
lisa_patel,username,lisa_patle,username,0.9,0.9,0.0,0.0,0,0.0,1
rajesh martinz,name,rajesh_martinez@yahoo.com,email,0.483,0.0,0.0,0.0,0,0.0,1
john garcia,name,jane3,username,0.25,0.0,0.0,0.0,0,0.0,0
+919666362423,phone,michael_sharmacoder@michaelsite.net,email,0.0,0.0,0.0,0.0,2,0.0,1
lisapatelsite.com,domain,rajesh khan,name,0.286,0.0,0.0,0.0,2,0.0,0
emily brown,name,sarasmithsite.com,domain,0.214,0.0,0.0,0.0,0,0.0,0
ali davis,name,+916828219810,phone,0.0,0.0,0.0,0.0,0,0.0,0
priyawilliamssite.com,domain,elenasatosite.com,domain,0.0,0.0,0.0,0.0,0,0.0,0
site_4504.com,domain,site_8352.com,domain,0.0,0.0,0.0,0.0,0,0.0,0
lisa martinez,name,+916547999146,phone,0.0,0.0,0.0,0.0,0,0.0,0
neha sato,name,+916364636828,phone,0.0,0.0,0.0,0.0,0,0.0,0
hacker_michael_brown,username,michael_bronw,username,0.727,0.727,0.0,0.0,1,0.0,1
ali_ahmedcoder,username,lai ahmed,name,0.435,0.0,0.0,0.0,0,0.0,1
yuik ahmed,name,hacker_yuki_ahmed,username,0.37,0.0,0.0,0.0,0,0.0,1
rajesh gupta,name,+917047187022,phone,0.0,0.0,0.0,0.0,0,0.0,0
contact_3021@yahoo.com,email,contact_4584@outlook.com,email,0.0,0.0,0.0,0.0,0,0.0,0
contact_1694@gmail.com,email,rajesh khan,name,0.174,0.0,0.0,0.0,0,0.0,0
fatimalabs.net,domain,fatima70coder,username,0.519,0.0,0.0,0.0,2,0.0,1
yuk_iedvi,username,hacker_yuki_devi,username,0.56,0.56,0.0,0.0,1,0.0,1
elena51,username,elena1,username,0.923,0.923,0.0,0.0,3,0.0,1
lisa patel,name,hacker_lisa_atel,username,0.615,0.0,0.0,0.0,2,0.0,1
alikumarsite.com,domain,rajesh_singh,username,0.214,0.0,0.0,0.0,0,0.0,0
priya tanaka,name,contact_6693@proton.me,email,0.167,0.0,0.0,0.0,0,0.0,0
amit_johnson,username,amit johnson,name,0.917,0.0,0.0,0.0,2,0.0,1
sraa_smtih,username,sara_msith,username,0.7,0.7,0.0,0.0,0,0.0,1
rajeshmillersite.com,domain,elena davis,name,0.258,0.0,0.0,0.0,0,0.0,0
+916785251475,phone,+916678453103,phone,0.0,0.0,0.0,0.0,0,0.0,0
+919640160203,phone,+919666362423,phone,0.0,0.0,0.0,0.0,0,0.0,0
ananya_khan@proton.me,email,+917107621714,phone,0.0,0.0,0.0,0.0,0,0.0,0
+916919356900,phone,site_2422.com,domain,0.0,0.0,0.0,0.0,0,0.0,0
sraa_smithdev.org,domain,sarasmithsite.com,domain,0.0,0.0,0.0,0.0,0,0.0,1
+917212115091,phone,john_ahmed@hotmail.com,email,0.0,0.0,0.0,0.0,0,0.0,0
+17175203672,phone,hacker_fatima83,username,0.074,0.0,0.0,0.0,1,0.0,1
contact_8949@gmail.com,email,david smith,name,0.174,0.0,0.0,0.0,0,0.0,0
hacker_emily_brown,username,emily brown,name,0.414,0.0,0.0,0.0,2,0.0,1
site_1921.com,domain,site_7971.com,domain,0.0,0.0,0.0,0.0,0,0.0,0
emilybrownsite.com,domain,hacker_elena_tanaka,username,0.216,0.0,0.0,0.0,0,0.0,0
contact_1017@gmail.com,email,contact_9766@gmail.com,email,0.0,0.0,0.0,0.0,0,0.0,0
+916013876658,phone,site_7840.com,domain,0.0,0.0,0.0,0.0,0,0.0,0
+916177388496,phone,site_5200.com,domain,0.0,0.0,0.0,0.0,0,0.0,0
jane3@janesite.net,email,jane3dev.org,domain,0.0,0.0,0.0,0.0,0,0.0,1
site_6462.com,domain,+916692881253,phone,0.0,0.0,0.0,0.0,0,0.0,0
+919596703526,phone,hacker_rajesh97,username,0.143,0.0,0.0,0.0,0,0.0,0
rajesh singh,name,rahul77@outlook.com,email,0.316,0.0,0.0,0.0,0,0.0,0
lisa doe,name,site_5684.com,domain,0.095,0.0,0.0,0.0,0,0.0,0
user_9830,username,site_1158.com,domain,0.364,0.0,0.0,0.0,0,0.0,0
+916845034754,phone,rahul jones,name,0.0,0.0,0.0,0.0,0,0.0,0
+19573061161,phone,fatima70,username,0.2,0.0,0.0,0.0,1,0.0,1
michael_brown@hotmail.com,email,+919457189042,phone,0.0,0.0,0.0,0.0,0,0.0,1
emilybrownsite.com,domain,+919952958729,phone,0.0,0.0,0.0,0.0,0,0.0,0
ali_ahmed@yahoo.com,email,ali@customlab.org,email,0.0,0.0,0.0,0.0,0,0.0,1
contact_7413@gmail.com,email,user_2980,username,0.095,0.0,0.0,0.0,0,0.0,0
robert davis,name,contact_9709@yahoo.com,email,0.167,0.0,0.0,0.0,0,0.0,0
hacker_john_johnson,username,john_garcia@outlook.com,email,0.333,0.0,0.0,0.0,0,0.0,0
+16517035482,phone,yuki iwlliams,name,0.0,0.0,0.0,0.0,1,0.0,1
ali42coder@alisite.net,email,alai42,username,0.625,0.0,0.0,0.0,2,0.0,1
user_2255,username,carlos martinez,name,0.167,0.0,0.0,0.0,0,0.0,0
site_4199.com,domain,elena gupta,name,0.083,0.0,0.0,0.0,0,0.0,0
rajesh_miller,username,amitsharmasite.com,domain,0.387,0.0,0.0,0.0,0,0.0,0
rajesh_gupta,username,hacker_rajesh_gupta,username,0.774,0.774,0.0,0.0,1,0.0,1
+916553376752,phone,user_5989,username,0.091,0.0,0.0,0.0,0,0.0,0
kenguptasite.com,domain,priyabrownsite.com,domain,0.0,0.0,0.0,0.0,0,0.0,0
rahul garcia,name,+916290022695,phone,0.0,0.0,0.0,0.0,0,0.0,0
site_4646.com,domain,site_4627.com,domain,0.0,0.0,0.0,0.0,0,0.0,0
site_4002.com,domain,site_182.com,domain,0.0,0.0,0.0,0.0,0,0.0,0
priyabrownsite.com,domain,prizya39,username,0.385,0.0,0.0,0.0,1,0.0,1
contact_7119@yahoo.com,email,+916103256199,phone,0.0,0.0,0.0,0.0,0,0.0,0
user_5967,username,+916955203674,phone,0.273,0.0,0.0,0.0,1,0.0,0
contact_1073@gmail.com,email,+916254611983,phone,0.0,0.0,0.0,0.0,0,0.0,0
+919310858477,phone,elenasatosite.com,domain,0.0,0.0,0.0,0.0,0,0.0,1
john15,username,+917684885731,phone,0.211,0.0,0.0,0.0,0,0.0,0
amit brown,name,+916752816600,phone,0.0,0.0,0.0,0.0,2,0.0,0
rajesh_miller@rajeshsite.net,email,rajesh miller,name,0.462,0.0,0.0,0.0,2,0.0,1
contact_3857@yahoo.com,email,user_4403,username,0.19,0.0,0.0,0.0,0,0.0,0
site_1424.com,domain,contact_5595@outlook.com,email,0.0,0.0,0.0,0.0,0,0.0,0
contact_6473@hotmail.com,email,+916582171538,phone,0.0,0.0,0.0,0.0,0,0.0,0
+916151492303,phone,site_4955.com,domain,0.0,0.0,0.0,0.0,0,0.0,0
contact_8230@hotmail.com,email,site_6807.com,domain,0.0,0.0,0.0,0.0,0,0.0,0
+919994107253,phone,kengarciasite.com,domain,0.0,0.0,0.0,0.0,0,0.0,0
+918595924800,phone,lisa_patel@outlook.com,email,0.0,0.0,0.0,0.0,0,0.0,0
yuki devi,name,michael ahmed,name,0.273,0.0,0.0,0.0,2,0.0,0
john15@outlook.com,email,rajeshmartinezsite.com,domain,0.0,0.0,0.0,0.0,0,0.0,0
hacker_rajesh_gupta,username,michael_tanaka@gmail.com,email,0.364,0.0,0.0,0.0,2,0.0,0
hacker_mily_brown,username,emilyb_rown,username,0.714,0.714,0.0,0.0,0,0.0,1
+916339904793,phone,user_946,username,0.19,0.0,0.0,0.0,0,0.0,0
+918183223644,phone,lisa92@gmail.com,email,0.0,0.0,0.0,0.0,0,0.0,0
sara kumar,name,ken williams,name,0.273,0.0,0.0,0.0,0,0.0,0
+919640160203,phone,+917912548711,phone,0.0,0.0,0.0,0.0,0,0.0,0
contact_4331@hotmail.com,email,user_9850,username,0.095,0.0,0.0,0.0,0,0.0,0
+916219594712,phone,user_6231,username,0.273,0.0,0.0,0.0,0,0.0,0
rajesh_singhcoder,username,rajesh_singh,username,0.828,0.828,0.0,0.0,0,0.0,1
+916778833509,phone,user_7492,username,0.182,0.0,0.0,0.0,0,0.0,0
emily brown,name,site_5555.com,domain,0.167,0.0,0.0,0.0,0,0.0,0
+916091604512,phone,+916374356902,phone,0.0,0.0,0.0,0.0,0,0.0,0
ail42,username,ali42@proton.me,email,0.8,0.0,0.0,0.0,1,0.0,1
site_6537.com,domain,user_9052,username,0.364,0.0,0.0,0.0,0,0.0,0
hacker_rajesh97,username,rajesh khan,name,0.615,0.0,0.0,0.0,1,0.0,1
site_7100.com,domain,rajesh garcia,name,0.154,0.0,0.0,0.0,0,0.0,0
user_8391,username,+916643669409,phone,0.182,0.0,0.0,0.0,0,0.0,0
michaelwilliamssite.com,domain,michael_willias,username,0.737,0.0,0.0,0.0,0,0.0,1
rajesh_miller@proton.me,email,hacker_elena_tanaka,username,0.312,0.0,0.0,0.0,0,0.0,0
+916652192187,phone,+916177368230,phone,0.0,0.0,0.0,0.0,0,0.0,0
contact_1889@yahoo.com,email,site_4203.com,domain,0.0,0.0,0.0,0.0,0,0.0,0
ait_johnson,username,yukiahmedsite.com,domain,0.286,0.0,0.0,0.0,0,0.0,0
+916544460051,phone,jane gupta,name,0.0,0.0,0.0,0.0,0,0.0,0
+917430387833,phone,elenatanakasite.com,domain,0.0,0.0,0.0,0.0,0,0.0,0
user_8866,username,contact_7998@gmail.com,email,0.19,0.0,0.0,0.0,0,0.0,0
site_4483.com,domain,+916934512328,phone,0.0,0.0,0.0,0.0,0,0.0,0
+919552044458,phone,+918318297467,phone,0.0,0.0,0.0,0.0,0,0.0,0
site_412.com,domain,jane brown,name,0.091,0.0,0.0,0.0,0,0.0,0
user_6307,username,site_182.com,domain,0.286,0.0,0.0,0.0,0,0.0,0
michael khan,name,contact_3423@gmail.com,email,0.167,0.0,0.0,0.0,0,0.0,0
jon15coder,username,john@customlab.org,email,0.429,0.0,0.0,0.0,2,0.0,1
contact_6477@yahoo.com,email,+916472645383,phone,0.0,0.0,0.0,0.0,0,0.0,0
sara88,username,+919376816771,phone,0.105,0.0,0.0,0.0,0,0.0,0
david patel,name,contact_6001@hotmail.com,email,0.174,0.0,0.0,0.0,0,0.0,0
+917684885731,phone,hacker_lisa_patel,username,0.0,0.0,0.0,0.0,0,0.0,0
jane3dev.org,domain,jane35coder,username,0.696,0.0,0.0,0.0,1,0.0,1
user_3402,username,+916201168726,phone,0.182,0.0,0.0,0.0,1,0.0,0
contact_281@yahoo.com,email,contact_7331@gmail.com,email,0.0,0.0,0.0,0.0,0,0.0,0
jane35@gmail.com,email,+17822494780,phone,0.0,0.0,0.0,0.0,2,0.0,1
lisa tanaka,name,lisa brown,name,0.571,0.0,0.0,0.0,1,0.0,0
emily_brwon,username,emily_brown,username,0.909,0.909,0.0,0.0,3,0.0,1
amit ahmed,name,+916866747189,phone,0.0,0.0,0.0,0.0,0,0.0,0
rajeshsinghsite.com,domain,fatima patel,name,0.258,0.0,0.0,0.0,0,0.0,0
site_1204.com,domain,ananya garcia,name,0.077,0.0,0.0,0.0,0,0.0,0
contact_8188@proton.me,email,contact_8779@yahoo.com,email,0.0,0.0,0.0,0.0,0,0.0,0
ananyakhan,username,naanyakhan,username,0.9,0.9,0.0,0.0,2,0.0,1
+18022317079,phone,elena davis,name,0.0,0.0,0.0,0.0,0,0.0,1
lisa_patel@outlook.com,email,hacker_john_johnson,username,0.138,0.0,0.0,0.0,0,0.0,0
sraa88coder,username,sraa miller,name,0.364,0.0,0.0,0.0,1,0.0,1
contact_6086@hotmail.com,email,site_169.com,domain,0.0,0.0,0.0,0.0,0,0.0,0
+916745080317,phone,user_9125,username,0.273,0.0,0.0,0.0,0,0.0,0
+919733959353,phone,ananyakhansite.com,domain,0.0,0.0,0.0,0.0,1,0.0,0
rajesh gupta,name,jane_singh@gmail.com,email,0.364,0.0,0.0,0.0,0,0.0,0
kenjonessite.com,domain,fatimapatelsite.com,domain,0.0,0.0,0.0,0.0,0,0.0,0
rajesh_singh@hotmail.com,email,elenadavissite.com,domain,0.0,0.0,0.0,0.0,0,0.0,0
+917521726436,phone,hacker_jane_singh,username,0.0,0.0,0.0,0.0,0,0.0,0
lisa williams,name,site_7964.com,domain,0.231,0.0,0.0,0.0,0,0.0,0
site_707.com,domain,site_5394.com,domain,0.0,0.0,0.0,0.0,0,0.0,0
michael_williams@proton.me,email,hacker_priya76,username,0.4,0.0,0.0,0.0,0,0.0,0
+916564220066,phone,contact_5904@outlook.com,email,0.0,0.0,0.0,0.0,0,0.0,0
lisa brown,name,lisa77@lisasite.net,email,0.5,0.0,0.0,0.0,1,0.0,1
priya williams,name,elena35@yahoo.com,email,0.19,0.0,0.0,0.0,0,0.0,0
hacker_kien80,username,jken08,username,0.421,0.421,0.0,0.0,1,0.0,1
+916215278170,phone,site_9418.com,domain,0.0,0.0,0.0,0.0,0,0.0,0
+916108364612,phone,site_6186.com,domain,0.0,0.0,0.0,0.0,0,0.0,0
elena miller,name,+916238648039,phone,0.0,0.0,0.0,0.0,0,0.0,0
alilabs.net,domain,ali42@proton.me,email,0.0,0.0,0.0,0.0,2,0.0,1
lisa_patel@outlook.com,email,lisalabs.net,domain,0.0,0.0,0.0,0.0,0,0.0,1
+15444833329,phone,rajesh_singh,username,0.0,0.0,0.0,0.0,3,0.0,1
+919376816771,phone,john ahmed,name,0.0,0.0,0.0,0.0,0,0.0,0
user_2180,username,site_6490.com,domain,0.364,0.0,0.0,0.0,0,0.0,0
rahulpatelsite.com,domain,janesinghsite.com,domain,0.0,0.0,0.0,0.0,0,0.0,0
ken37@yahoo.com,email,rajeshkhansite.com,domain,0.0,0.0,0.0,0.0,0,0.0,0
+919589711983,phone,+917107621714,phone,0.0,0.0,0.0,0.0,0,0.0,0
priya singh,name,+919369099268,phone,0.0,0.0,0.0,0.0,0,0.0,0
lisabrownsite.com,domain,kengarciasite.com,domain,0.0,0.0,0.0,0.0,0,0.0,0
contact_8613@outlook.com,email,+916784842650,phone,0.0,0.0,0.0,0.0,0,0.0,0
sara_smith@hotmail.com,email,amit johnson,name,0.455,0.0,0.0,0.0,0,0.0,0
contact_3916@proton.me,email,site_1417.com,domain,0.0,0.0,0.0,0.0,0,0.0,0
hacker_rajesh_millxer,username,rajesh miler,name,0.485,0.0,0.0,0.0,2,0.0,1
fatima_patel@outlook.com,email,amit sharma,name,0.348,0.0,0.0,0.0,0,0.0,0
user_4670,username,rajesh sato,name,0.1,0.0,0.0,0.0,0,0.0,0
faitma70,username,fatima70,username,0.875,0.875,0.0,0.0,2,0.0,1
+916116528967,phone,ananya tanaka,name,0.0,0.0,0.0,0.0,0,0.0,0
hacker_amit_johson,username,hacker_amit_johnson,username,0.973,0.973,0.0,0.0,0,0.0,1
elena tanaka,name,site_926.com,domain,0.083,0.0,0.0,0.0,0,0.0,0
priyawilliamssite.com,domain,+918963267690,phone,0.0,0.0,0.0,0.0,0,0.0,0
yuki_ahmed,username,rajesh97@hotmail.com,email,0.222,0.0,0.0,0.0,0,0.0,0
hackerb_sara_smith,username,sara_msith,username,0.643,0.643,0.0,0.0,2,0.0,1
hacker_priya76,username,sarasmithsite.com,domain,0.194,0.0,0.0,0.0,0,0.0,0
site_8502.com,domain,+916639057043,phone,0.0,0.0,0.0,0.0,0,0.0,0
+918965178657,phone,hacker_john_johnson@johnsite.net,email,0.0,0.0,0.0,0.0,2,0.0,1
elena tanaka,name,elena@customlab.org,email,1.0,0.0,0.0,0.0,2,0.0,1
site_6500.com,domain,+916845034754,phone,0.0,0.0,0.0,0.0,0,0.0,0
rajseh_miller,username,rajesh miller,name,0.462,0.0,0.0,0.0,1,0.0,1
john15,username,elena tanaka,name,0.111,0.0,0.0,0.0,0,0.0,0
user_7640,username,user_6827,username,0.667,0.667,0.0,0.0,0,0.0,0
emilybrownsite.com,domain,jken80,username,0.167,0.0,0.0,0.0,0,0.0,0
ken_gupta,username,ken_gupta@kensite.net,email,1.0,0.0,0.0,1.0,1,0.0,1
+16526174328,phone,michaeltanakasite.com,domain,0.0,0.0,0.0,0.0,3,0.0,1
rajeshkhansite.com,domain,rajesh miller,name,0.387,0.0,0.0,0.0,0,0.0,0
elena_tanaka@outlook.com,email,jane sato,name,0.286,0.0,0.0,0.0,0,0.0,0
ken_gupta@outlook.com,email,ali ahmed,name,0.222,0.0,0.0,0.0,0,0.0,0
rajesh68@gmail.com,email,priya brown,name,0.211,0.0,0.0,0.0,1,0.0,0
+918338710195,phone,sara smith,name,0.0,0.0,0.0,0.0,0,0.0,0
user_2267,username,user_9850,username,0.556,0.556,0.0,0.0,0,0.0,0
michael_tanaka@gmail.com,email,hacker_rajesh64,username,0.345,0.0,0.0,0.0,0,0.0,0
michaelbrownsite.com,domain,michaellabs.net,domain,0.0,0.0,0.0,0.0,2,0.0,1
david singh,name,elena_tanaka@outlook.com,email,0.174,0.0,0.0,0.0,0,0.0,0
+919666362423,phone,jane_johnson@hotmail.com,email,0.0,0.0,0.0,0.0,0,0.0,0
lisa singh,name,site_4711.com,domain,0.174,0.0,0.0,0.0,0,0.0,0
site_5459.com,domain,contact_4790@yahoo.com,email,0.0,0.0,0.0,0.0,0,0.0,0
johngarcia,username,john garcia,name,0.571,0.0,0.0,0.0,1,0.0,1
fatima jones,name,rahul patel,name,0.261,0.0,0.0,0.0,0,0.0,0
john khan,name,lisa gupta,name,0.211,0.0,0.0,0.0,0,0.0,0
fatimalabs.net,domain,+19573061161,phone,0.0,0.0,0.0,0.0,1,0.0,1
michael sato,name,emily sato,name,0.727,0.0,0.0,0.0,0,0.0,0
+916316058182,phone,site_2088.com,domain,0.0,0.0,0.0,0.0,0,0.0,0
+916135436443,phone,site_3462.com,domain,0.0,0.0,0.0,0.0,0,0.0,0
user_9385,username,+916203237990,phone,0.182,0.0,0.0,0.0,0,0.0,0
contact_4239@outlook.com,email,contact_7331@gmail.com,email,0.0,0.0,0.0,0.0,0,0.0,0
ken_gupta,username,yuki ahmed,name,0.211,0.0,0.0,0.0,0,0.0,0
site_926.com,domain,priya williams,name,0.154,0.0,0.0,0.0,0,0.0,0
priya3g9,username,prya3g9,username,0.933,0.933,0.0,0.0,0,0.0,1
contact_9618@outlook.com,email,+916910112972,phone,0.0,0.0,0.0,0.0,0,0.0,0
+919837615419,phone,rajesh_martinezdev.org,domain,0.0,0.0,0.0,0.0,2,0.0,1
ali_ahmed@yahoo.com,email,yukiwilliamssite.com,domain,0.0,0.0,0.0,0.0,0,0.0,0
elenatanakasite.com,domain,fatimatanakasite.com,domain,0.0,0.0,0.0,0.0,0,0.0,0
jken80,username,michael_brown@hotmail.com,email,0.211,0.0,0.0,0.0,0,0.0,0
rajeshkhansite.com,domain,lisa77,username,0.167,0.0,0.0,0.0,0,0.0,0
sara8l8,username,sraa miller,name,0.333,0.0,0.0,0.0,0,0.0,1
ahul patel,name,rahulpatelsite.com,domain,0.643,0.0,0.0,0.0,1,0.0,1
sraa_smithdev.org,domain,sara smith,name,0.593,0.0,0.0,0.0,0,0.0,1
user_4040,username,jane jones,name,0.105,0.0,0.0,0.0,0,0.0,0
+917047187022,phone,amitjohnsonsite.com,domain,0.0,0.0,0.0,0.0,0,0.0,0
contact_7693@proton.me,email,rahul tanaka,name,0.167,0.0,0.0,0.0,0,0.0,0
hacker_rajesh97,username,hacker_lisa_patel,username,0.562,0.562,0.0,0.0,0,0.0,0
jane_snigh,username,+919640160203,phone,0.0,0.0,0.0,0.0,2,0.0,1
hacker_amit_johnson,username,mit_johnson,username,0.733,0.733,0.0,0.0,0,0.0,1
+917265935870,phone,rajeshsmithsite.com,domain,0.0,0.0,0.0,0.0,0,0.0,0
emily sharma,name,contact_6477@yahoo.com,email,0.083,0.0,0.0,0.0,0,0.0,0
site_2065.com,domain,michael devi,name,0.16,0.0,0.0,0.0,0,0.0,0
rajeshmillersite.com,domain,yuki_ahmed,username,0.267,0.0,0.0,0.0,0,0.0,0
hacker_rajesh64@rajeshsite.net,email,rajesh64,username,0.696,0.0,0.0,0.0,2,0.0,1
+917336835980,phone,lisalabs.net,domain,0.0,0.0,0.0,0.0,0,0.0,1
rajesh97@hotmail.com,email,+917759419129,phone,0.0,0.0,0.0,0.0,0,0.0,0
user_742,username,contact_583@yahoo.com,email,0.105,0.0,0.0,0.0,0,0.0,0
john sharma,name,site_9260.com,domain,0.167,0.0,0.0,0.0,0,0.0,0
ali_ahmed@yahoo.com,email,kengarciasite.com,domain,0.0,0.0,0.0,0.0,0,0.0,0
user_3402,username,+916759229683,phone,0.091,0.0,0.0,0.0,0,0.0,0
site_6362.com,domain,user_5071,username,0.273,0.0,0.0,0.0,0,0.0,0
alilabs.net,domain,ai4l2,username,0.375,0.0,0.0,0.0,2,0.0,1
hacke_rlisa_patel,username,+918733759412,phone,0.0,0.0,0.0,0.0,2,0.0,1
+917047187022,phone,priya brown,name,0.0,0.0,0.0,0.0,1,0.0,1
+917684885731,phone,michaeltanakasite.com,domain,0.0,0.0,0.0,0.0,0,0.0,0
contact_5484@outlook.com,email,contact_1480@proton.me,email,0.0,0.0,0.0,0.0,1,0.0,0
elena35@yahoo.com,email,michael_williams@proton.me,email,0.0,0.0,0.0,0.0,0,0.0,0
contact_8741@yahoo.com,email,user_1391,username,0.19,0.0,0.0,0.0,0,0.0,0
elena_tanaka@outlook.com,email,carlos sharma,name,0.24,0.0,0.0,0.0,0,0.0,0
+916831754009,phone,user_2051,username,0.091,0.0,0.0,0.0,0,0.0,0
user_819,username,site_8514.com,domain,0.476,0.0,0.0,0.0,0,0.0,0
rajesh64@yahoo.com,email,rajeshsinghsite.com,domain,0.0,0.0,0.0,0.0,0,0.0,0
yuki_amhed,username,yukilabs.net,domain,0.545,0.0,0.0,0.0,1,0.0,1
hackr_priya39,username,priya borwn,name,0.5,0.0,0.0,0.0,1,0.0,1
user_5226,username,robert sharma,name,0.182,0.0,0.0,0.0,0,0.0,0
contact_4013@outlook.com,email,site_2336.com,domain,0.0,0.0,0.0,0.0,0,0.0,0
+916002744605,phone,user_7265,username,0.273,0.0,0.0,0.0,0,0.0,0
rahul77,username,+919596703526,phone,0.1,0.0,0.0,0.0,0,0.0,0
priya76,username,acker_priya76,username,0.7,0.7,0.0,0.0,0,0.0,1
ali_ahmed,username,+918338710195,phone,0.0,0.0,0.0,0.0,0,0.0,0
contact_3846@yahoo.com,email,contact_8986@yahoo.com,email,0.0,0.0,0.0,0.0,0,0.0,0
+919032150374,phone,hcaker_john_ahmed,username,0.0,0.0,0.0,0.0,1,0.0,1
jane sato,name,janesatosite.com,domain,0.64,0.0,0.0,0.0,0,0.0,1
+919243258548,phone,michael_tanaka,username,0.0,0.0,0.0,0.0,0,0.0,0
rajesh_miller,username,rajeshmartinezsite.com,domain,0.514,0.0,0.0,0.0,0,0.0,0
jane sato,name,jane35coder,username,0.5,0.0,0.0,0.0,1,0.0,1
+918318297467,phone,sarasmithsite.com,domain,0.0,0.0,0.0,0.0,0,0.0,0
+916820775899,phone,carlos sato,name,0.0,0.0,0.0,0.0,0,0.0,0
site_3272.com,domain,jane patel,name,0.174,0.0,0.0,0.0,0,0.0,0
anany akhan,name,naanyakhan,username,0.571,0.0,0.0,0.0,0,0.0,1
hackr_rajesh97,username,+917185643633,phone,0.148,0.0,0.0,0.0,1,0.0,1
fatim83,username,priya_williams@yahoo.com,email,0.286,0.0,0.0,0.0,0,0.0,0
priya doe,name,rahul williams,name,0.261,0.0,0.0,0.0,0,0.0,0
user_5365,username,carlos jones,name,0.19,0.0,0.0,0.0,0,0.0,0
emily smith,name,site_4931.com,domain,0.25,0.0,0.0,0.0,0,0.0,0
site_6088.com,domain,elena brown,name,0.083,0.0,0.0,0.0,2,0.0,0
+918475056187,phone,ken80,username,0.222,0.0,0.0,0.0,0,0.0,1
+918318297467,phone,fatima70coer,username,0.08,0.0,0.0,0.0,0,0.0,1
ken gupta,name,+16589069510,phone,0.0,0.0,0.0,0.0,2,0.0,1
saramillersite.com,domain,hacker_rajesh64,username,0.303,0.0,0.0,0.0,0,0.0,0
hacker_rajesh97,username,+918183223644,phone,0.071,0.0,0.0,0.0,0,0.0,0
contact_545@yahoo.com,email,+916948858931,phone,0.0,0.0,0.0,0.0,0,0.0,0
michael tanaka,name,david smith,name,0.24,0.0,0.0,0.0,0,0.0,0
site_4589.com,domain,+916325561467,phone,0.0,0.0,0.0,0.0,0,0.0,0
priyabrownsite.com,domain,jane sato,name,0.37,0.0,0.0,0.0,0,0.0,0
lisadevisite.com,domain,+917185643633,phone,0.0,0.0,0.0,0.0,0,0.0,0
+916801742147,phone,robert smith,name,0.0,0.0,0.0,0.0,0,0.0,0
michael sharma,name,lisa48,username,0.3,0.0,0.0,0.0,0,0.0,0
lisa48@proton.me,email,elenatanakasite.com,domain,0.0,0.0,0.0,0.0,0,0.0,0
ananyakhan,username,ananya khan,name,0.952,0.0,0.0,0.0,0,0.0,1
amit_sharma@proton.me,email,fatim83,username,0.333,0.0,0.0,0.0,0,0.0,0
+918475056187,phone,amit sharma,name,0.0,0.0,0.0,0.0,0,0.0,0
hacker_lisa_patel,username,lisa_patel,username,0.741,0.741,0.0,0.0,0,0.0,1
lisa_patel@outlook.com,email,rajeshmillersite.com,domain,0.0,0.0,0.0,0.0,0,0.0,0
amit_sharma@proton.me,email,elenatanakasite.com,domain,0.0,0.0,0.0,0.0,0,0.0,0
hacker_yuki_ahmed,username,yuki@customlab.org,email,0.381,0.0,0.0,0.0,2,0.0,1
lisa77@lisasite.net,email,lisa77dev.org,domain,0.0,0.0,0.0,0.0,0,0.0,1
+916845034754,phone,contact_6673@outlook.com,email,0.0,0.0,0.0,0.0,0,0.0,0
+917521726436,phone,elena davis,name,0.0,0.0,0.0,0.0,0,0.0,0
+916821109185,phone,+916541167975,phone,0.0,0.0,0.0,0.0,0,0.0,0
+919387772934,phone,hacker_lias77,username,0.154,0.0,0.0,0.0,1,0.0,1
hacker_rajesh64,username,arjesh64,username,0.696,0.696,0.0,0.0,2,0.0,1
kenguptasite.com,domain,+918475056187,phone,0.0,0.0,0.0,0.0,0,0.0,0
elena sharma,name,emily smith,name,0.435,0.0,0.0,0.0,0,0.0,0
ananyakhansite.com,domain,+918733759412,phone,0.0,0.0,0.0,0.0,0,0.0,0
site_2329.com,domain,user_9121,username,0.364,0.0,0.0,0.0,0,0.0,0
+15289047763,phone,rajseh_miler,username,0.0,0.0,0.0,0.0,0,0.0,1
+919289245144,phone,jane singh,name,0.0,0.0,0.0,0.0,0,0.0,0
hacker_john_johnson,username,john_johnson@hotmail.com,email,0.774,0.0,0.0,0.0,0,0.0,1
yuki williams,name,lisapatelsite.com,domain,0.333,0.0,0.0,0.0,0,0.0,0
site_3698.com,domain,user_9517,username,0.364,0.0,0.0,0.0,0,0.0,0
+919916712744,phone,rajesh_singh@hotmail.com,email,0.0,0.0,0.0,0.0,0,0.0,0
+918475056187,phone,lisa48@proton.me,email,0.0,0.0,0.0,0.0,0,0.0,0
+917430387833,phone,elenasatosite.com,domain,0.0,0.0,0.0,0.0,0,0.0,0
john garcia,name,fatimadevisite.com,domain,0.276,0.0,0.0,0.0,0,0.0,0
+919376816771,phone,yu7ki_ahmed,username,0.083,0.0,0.0,0.0,2,0.0,1
rahul77,username,+918981347325,phone,0.1,0.0,0.0,0.0,0,0.0,0
elena51@hotmail.com,email,+919289245144,phone,0.0,0.0,0.0,0.0,0,0.0,0
site_4032.com,domain,+916377613096,phone,0.0,0.0,0.0,0.0,0,0.0,0
janelabs.net,domain,jane_johnson@hotmail.com,email,0.0,0.0,0.0,0.0,1,0.0,1
priya76@proton.me,email,priyalabs.net,domain,0.0,0.0,0.0,0.0,0,0.0,1
john johnson,name,fatima_patel,username,0.0,0.0,0.0,0.0,0,0.0,0
priya brown,name,saramillersite.com,domain,0.207,0.0,0.0,0.0,0,0.0,0
+916269335818,phone,contact_9163@gmail.com,email,0.0,0.0,0.0,0.0,0,0.0,0
+916682006644,phone,contact_9677@hotmail.com,email,0.0,0.0,0.0,0.0,0,0.0,0
+917871714345,phone,+919310858477,phone,0.0,0.0,0.0,0.0,0,0.0,0
rahul patel,name,rajesh_martinez,username,0.231,0.0,0.0,0.0,0,0.0,0
janesatosite.com,domain,elenadavissite.com,domain,0.0,0.0,0.0,0.0,0,0.0,0
+916558666508,phone,contact_1174@gmail.com,email,0.0,0.0,0.0,0.0,0,0.0,0
rajesh_martinez,username,priya76@proton.me,email,0.182,0.0,0.0,0.0,0,0.0,0
+918981347325,phone,ait_johnson,username,0.0,0.0,0.0,0.0,0,0.0,0
priyalabs.net,domain,prizya39,username,0.476,0.0,0.0,0.0,2,0.0,1
yuki_wililams,username,michael_sharmacoder,username,0.25,0.25,0.0,0.0,0,0.0,0
+916313106055,phone,+916223036551,phone,0.0,0.0,0.0,0.0,0,0.0,0
jane scato,name,jane35@gmail.com,email,0.5,0.0,0.0,0.0,0,0.0,1
john_hmed,username,ojhn ahmed,name,0.421,0.0,0.0,0.0,1,0.0,1
sraa_smith,username,sarasmithsite.com,domain,0.593,0.0,0.0,0.0,0,0.0,1
rahul@customlab.org,email,rahullabs.net,domain,0.0,0.0,0.0,0.0,2,0.0,1
priya williams,name,+917185643633,phone,0.0,0.0,0.0,0.0,0,0.0,0
david miller,name,contact_2838@hotmail.com,email,0.083,0.0,0.0,0.0,0,0.0,0
priya_williams@yahoo.com,email,priya_willmiams,username,0.966,0.0,0.0,0.0,0,0.0,1
ken80@gmail.com,email,rajesh_singh,username,0.235,0.0,0.0,0.0,0,0.0,0
priya brown,name,priya borwn,name,0.909,0.0,0.0,0.0,2,0.0,1
fatima martinez,name,priya brown,name,0.231,0.0,0.0,0.0,0,0.0,0
rajesh smith,name,user_6660,username,0.095,0.0,0.0,0.0,0,0.0,0
+916073650905,phone,contact_919@yahoo.com,email,0.0,0.0,0.0,0.0,0,0.0,0
+918474818136,phone,ken3,username,0.118,0.0,0.0,0.0,0,0.0,0
lisa92,username,lisa@customlab.org,email,0.8,0.0,0.0,0.0,0,0.0,1
site_7254.com,domain,neha singh,name,0.174,0.0,0.0,0.0,0,0.0,0
elena davis,name,+917047187022,phone,0.0,0.0,0.0,0.0,0,0.0,0
rajesh_singh@hotmail.com,email,rajesh_singh,username,1.0,0.0,0.0,1.0,1,0.0,1
michael sharma,name,sara_smith@hotmail.com,email,0.333,0.0,0.0,0.0,0,0.0,0
michael_sharma,username,michael sharma,name,0.929,0.0,0.0,0.0,3,0.0,1
lia patel,name,lisa@customlab.org,email,0.462,0.0,0.0,0.0,2,0.0,1
sraa_smith,username,michael sharma,name,0.25,0.0,0.0,0.0,0,0.0,0
emily sato,name,user_3697,username,0.105,0.0,0.0,0.0,0,0.0,0
ananya khan,name,michael_williams,username,0.148,0.0,0.0,0.0,0,0.0,0
michael_tanaka@gmail.com,email,michael tanaka,name,0.929,0.0,0.0,0.0,1,0.0,1
site_9483.com,domain,contact_1480@proton.me,email,0.0,0.0,0.0,0.0,0,0.0,0
ali@customlab.org,email,lai ahmed,name,0.5,0.0,0.0,0.0,1,0.0,1
+918338710195,phone,lisapatelsite.com,domain,0.0,0.0,0.0,0.0,0,0.0,0
site_7361.com,domain,robert sato,name,0.25,0.0,0.0,0.0,0,0.0,0
ken_gupta@outlook.com,email,en_gupat,username,0.824,0.0,0.0,0.0,1,0.0,1
yuki williams,name,fatima tanaka,name,0.308,0.0,0.0,0.0,0,0.0,0
lisa48@proton.me,email,ken_gupta,username,0.133,0.0,0.0,0.0,0,0.0,0
amit johnson,name,+919733959353,phone,0.0,0.0,0.0,0.0,0,0.0,0
+916666141412,phone,site_8643.com,domain,0.0,0.0,0.0,0.0,0,0.0,0
jon15coder,username,john15@outlook.com,email,0.625,0.0,0.0,0.0,0,0.0,1
elena_tanaka@outlook.com,email,lisa ahmed,name,0.273,0.0,0.0,0.0,0,0.0,0
site_7859.com,domain,david smith,name,0.25,0.0,0.0,0.0,0,0.0,0
elenadavissite.com,domain,elena51coder,username,0.467,0.0,0.0,0.0,1,0.0,1
contact_6709@gmail.com,email,site_1701.com,domain,0.0,0.0,0.0,0.0,0,0.0,0
hacker_john_johnson,username,john_johnson,username,0.774,0.774,0.0,0.0,0,0.0,1
+916679637379,phone,fatima johnson,name,0.0,0.0,0.0,0.0,0,0.0,0
fatima83@outlook.com,email,john_garcia@outlook.com,email,0.0,0.0,0.0,0.0,0,0.0,0
+916588403159,phone,fatima doe,name,0.0,0.0,0.0,0.0,0,0.0,0
fatima singh,name,+916704379345,phone,0.0,0.0,0.0,0.0,0,0.0,0
elnea35@elenasite.net,email,elenalabs.net,domain,0.0,0.0,0.0,0.0,2,0.0,1
rahul patel,name,fatima tanaka,name,0.333,0.0,0.0,0.0,1,0.0,0
+919666362423,phone,michael shara,name,0.0,0.0,0.0,0.0,2,0.0,1
elena patel,name,contact_6972@hotmail.com,email,0.261,0.0,0.0,0.0,1,0.0,0
priyabrownsite.com,domain,priya39@gmail.com,email,0.0,0.0,0.0,0.0,1,0.0,1
+916948858931,phone,user_5672,username,0.091,0.0,0.0,0.0,0,0.0,0
carlos ahmed,name,contact_3819@outlook.com,email,0.167,0.0,0.0,0.0,0,0.0,0
rajesh smith,name,hacer_rajesh64,username,0.462,0.0,0.0,0.0,2,0.0,1
contact_631@hotmail.com,email,contact_7653@gmail.com,email,0.0,0.0,0.0,0.0,0,0.0,0
+916548127165,phone,site_7631.com,domain,0.0,0.0,0.0,0.0,0,0.0,0
priya singh,name,priyalabs.net,domain,0.583,0.0,0.0,0.0,3,0.0,1
jane miller,name,amit johnson,name,0.261,0.0,0.0,0.0,0,0.0,0
jane scato,name,jane35coder,username,0.571,0.0,0.0,0.0,1,0.0,1
fatima@customlab.org,email,fatima devi,name,1.0,0.0,0.0,0.0,2,0.0,1
+916364636828,phone,contact_9613@outlook.com,email,0.0,0.0,0.0,0.0,0,0.0,0
elena35,username,elnea35@elenasite.net,email,0.857,0.0,0.0,0.0,3,0.0,1
michael_sharmacoder@michaelsite.net,email,michael_sharma,username,0.848,0.0,0.0,0.0,0,0.0,1
ken khan,name,contact_5051@proton.me,email,0.2,0.0,0.0,0.0,0,0.0,0
+916159493333,phone,+916585626220,phone,0.0,0.0,0.0,0.0,0,0.0,0
+916375391575,phone,contact_9331@proton.me,email,0.0,0.0,0.0,0.0,0,0.0,0
+917684885731,phone,priya_williams,username,0.0,0.0,0.0,0.0,0,0.0,1
jane35@gmail.com,email,janesatosite.com,domain,0.0,0.0,0.0,0.0,0,0.0,1
+916697218394,phone,+916636905477,phone,0.0,0.0,0.0,0.0,0,0.0,0
contact_1445@outlook.com,email,contact_162@yahoo.com,email,0.0,0.0,0.0,0.0,0,0.0,0
jane_snigh,username,hacker_jane_singh,username,0.667,0.667,0.0,0.0,1,0.0,1
hacker_priya76,username,michael_brown@hotmail.com,email,0.37,0.0,0.0,0.0,0,0.0,0
priya brown,name,priy@customlab.org,email,0.533,0.0,0.0,0.0,2,0.0,1
jane@customlab.org,email,janesinghsite.com,domain,0.0,0.0,0.0,0.0,1,0.0,1
rajeshsinghsite.com,domain,+919457189042,phone,0.0,0.0,0.0,0.0,0,0.0,0
yuki_ahmed@outlook.com,email,+917185643633,phone,0.0,0.0,0.0,0.0,0,0.0,0
user_4535,username,site_1731.com,domain,0.364,0.0,0.0,0.0,0,0.0,0
michael_brown@hotmail.com,email,+15394860710,phone,0.0,0.0,0.0,0.0,0,0.0,1
amit_johnson@outlook.com,email,john_johnson@hotmail.com,email,0.0,0.0,0.0,0.0,0,0.0,0
+13361204236,phone,lisa brwon,name,0.0,0.0,0.0,0.0,0,0.0,1
rajeshsinghsite.com,domain,rajesh_singh,username,0.71,0.0,0.0,0.0,0,0.0,1
johngarciasite.com,domain,hacker_john_garcia,username,0.556,0.0,0.0,0.0,3,0.0,1
site_8352.com,domain,contact_2697@hotmail.com,email,0.0,0.0,0.0,0.0,0,0.0,0
lisa ahmed,name,yuki smith,name,0.3,0.0,0.0,0.0,0,0.0,0
rajesh gupta,name,+919387772934,phone,0.0,0.0,0.0,0.0,0,0.0,0
priyasinghsite.com,domain,+16461064505,phone,0.0,0.0,0.0,0.0,1,0.0,1
+17289515273,phone,hacker_lisa48,username,0.08,0.0,0.0,0.0,1,0.0,1
lisa92,username,lisatanakasite.com,domain,0.333,0.0,0.0,0.0,0,0.0,1
contact_9337@yahoo.com,email,+916552147391,phone,0.0,0.0,0.0,0.0,0,0.0,0
+919804281916,phone,sara88@hotmail.com,email,0.0,0.0,0.0,0.0,0,0.0,0
+916179695727,phone,site_8176.com,domain,0.0,0.0,0.0,0.0,0,0.0,0
+916644874082,phone,user_4322,username,0.182,0.0,0.0,0.0,0,0.0,0
ali brown,name,user_4608,username,0.111,0.0,0.0,0.0,0,0.0,0
lisa patel,name,priyawilliamssite.com,domain,0.323,0.0,0.0,0.0,0,0.0,0
contact_2006@yahoo.com,email,contact_5112@hotmail.com,email,0.0,0.0,0.0,0.0,0,0.0,0
fatima tanaka,name,+918595924800,phone,0.0,0.0,0.0,0.0,0,0.0,0
user_9905,username,user_3913,username,0.667,0.667,0.0,0.0,0,0.0,0
lisa_patel,username,lisalabs.net,domain,0.545,0.0,0.0,0.0,1,0.0,1
sara88,username,sara miller,name,0.471,0.0,0.0,0.0,1,0.0,1
michaelsharmasite.com,domain,mich5ael_sharmacoder,username,0.732,0.0,0.0,0.0,0,0.0,1
+13061582067,phone,john15,username,0.222,0.0,0.0,0.0,3,0.0,1
+916179695727,phone,contact_1439@outlook.com,email,0.0,0.0,0.0,0.0,0,0.0,0
aliahmedsite.com,domain,yuki_wililams,username,0.345,0.0,0.0,0.0,0,0.0,0
priyalabs.net,domain,+918595924800,phone,0.0,0.0,0.0,0.0,1,0.0,1
rajesh68,username,+919640160203,phone,0.095,0.0,0.0,0.0,0,0.0,0
yuki_wililams,username,ali kumar,name,0.273,0.0,0.0,0.0,0,0.0,0
elena davis,name,lisatanakasite.com,domain,0.276,0.0,0.0,0.0,0,0.0,0
user_7383,username,+916445448155,phone,0.091,0.0,0.0,0.0,0,0.0,0
david singh,name,+13632976005,phone,0.0,0.0,0.0,0.0,0,0.0,1
+916342395566,phone,site_2795.com,domain,0.0,0.0,0.0,0.0,0,0.0,0
robert brown,name,+916978723541,phone,0.0,0.0,0.0,0.0,0,0.0,0
yuki_devi,username,elnea35,username,0.125,0.125,0.0,0.0,0,0.0,0
ken gupta,name,+916639333838,phone,0.0,0.0,0.0,0.0,0,0.0,0
lisa patel,name,hacke_rlisa_patel,username,0.667,0.0,0.0,0.0,1,0.0,1
user_9266,username,+916611874288,phone,0.273,0.0,0.0,0.0,0,0.0,0
jane@customlab.org,email,hacker_jane_singh,username,0.381,0.0,0.0,0.0,2,0.0,1
lisapatelsite.com,domain,john_johnson@hotmail.com,email,0.0,0.0,0.0,0.0,0,0.0,0
elena1,username,+18022317079,phone,0.111,0.0,0.0,0.0,1,0.0,1
yukiahmedsite.com,domain,uy7ki_ahmed,username,0.571,0.0,0.0,0.0,0,0.0,1
hacker_michael_tanhaka,username,michael_tanka,username,0.743,0.743,0.0,0.0,3,0.0,1
hacker_fatima_patel,username,fatima@customlab.org,email,0.48,0.0,0.0,0.0,1,0.0,1
kengarciasite.com,domain,ken garcia,name,0.519,0.0,0.0,0.0,2,0.0,1
ken80@gmail.com,email,amitsharmasite.com,domain,0.0,0.0,0.0,0.0,0,0.0,0
+18657383171,phone,priya_willaims,username,0.0,0.0,0.0,0.0,2,0.0,1
rajeshkhansite.com,domain,rjaesh97,username,0.385,0.0,0.0,0.0,0,0.0,1
+916504656261,phone,user_6660,username,0.273,0.0,0.0,0.0,0,0.0,0
john johnson,name,john_johnson,username,0.917,0.0,0.0,0.0,2,0.0,1
user_6714,username,neha kumar,name,0.211,0.0,0.0,0.0,0,0.0,0
amit johnson,name,+918474818136,phone,0.0,0.0,0.0,0.0,0,0.0,0
user_6119,username,site_1541.com,domain,0.455,0.0,0.0,0.0,0,0.0,0
asra88,username,+13877537485,phone,0.222,0.0,0.0,0.0,1,0.0,1
rajeshsmithsite.com,domain,michael sharma,name,0.303,0.0,0.0,0.0,0,0.0,0
lisa brown,name,jane singh,name,0.3,0.0,0.0,0.0,0,0.0,0
+918209110951,phone,lisa9,username,0.111,0.0,0.0,0.0,0,0.0,0
contact_7938@gmail.com,email,+916313092643,phone,0.0,0.0,0.0,0.0,0,0.0,0
site_8748.com,domain,fatima patel,name,0.24,0.0,0.0,0.0,0,0.0,0
site_3170.com,domain,+916462677843,phone,0.0,0.0,0.0,0.0,0,0.0,0
sara88@hotmail.com,email,+13877537485,phone,0.0,0.0,0.0,0.0,1,0.0,1
+916091604512,phone,contact_4142@gmail.com,email,0.0,0.0,0.0,0.0,0,0.0,0
carlos brown,name,site_9782.com,domain,0.16,0.0,0.0,0.0,0,0.0,0
+19573061161,phone,fatima@customlab.org,email,0.0,0.0,0.0,0.0,0,0.0,1
user_6322,username,ali jones,name,0.111,0.0,0.0,0.0,0,0.0,0
rajeshmillersite.com,domain,+918474818136,phone,0.0,0.0,0.0,0.0,0,0.0,0
michael shara,name,michael_sharmacoderdev.org,domain,0.615,0.0,0.0,0.0,3,0.0,1
sara jones,name,site_6049.com,domain,0.087,0.0,0.0,0.0,0,0.0,0
amit_johnson@outlook.com,email,jken80,username,0.222,0.0,0.0,0.0,0,0.0,0
contact_8949@gmail.com,email,neha doe,name,0.3,0.0,0.0,0.0,0,0.0,0
user_4704,username,+916455780998,phone,0.273,0.0,0.0,0.0,0,0.0,0
elenadavissite.com,domain,rajesh miller,name,0.258,0.0,0.0,0.0,0,0.0,0
john smith,name,elena_tanaka@outlook.com,email,0.182,0.0,0.0,0.0,0,0.0,0
yuki devi,name,+917658170004,phone,0.0,0.0,0.0,0.0,0,0.0,0
carlossharmasite.com,domain,+918687709408,phone,0.0,0.0,0.0,0.0,0,0.0,0
contact_1209@gmail.com,email,+916216658534,phone,0.0,0.0,0.0,0.0,0,0.0,0
yukilabs.net,domain,yuki@customlab.org,email,0.0,0.0,0.0,0.0,2,0.0,1
ken gupta,name,ken_gupat,username,0.444,0.0,0.0,0.0,0,0.0,1
+916698443238,phone,user_134,username,0.19,0.0,0.0,0.0,0,0.0,0
emily sharma,name,user_6307,username,0.19,0.0,0.0,0.0,1,0.0,0
hacker_priya39,username,priya borwn,name,0.48,0.0,0.0,0.0,1,0.0,1
rahul sharma,name,+916375391575,phone,0.0,0.0,0.0,0.0,0,0.0,0
david singh,name,dvaid singh,name,0.909,0.0,0.0,0.0,0,0.0,1
site_2494.com,domain,robert jones,name,0.16,0.0,0.0,0.0,0,0.0,0
ilsa patel,name,lisa_patle,username,0.7,0.0,0.0,0.0,1,0.0,1
michael_brown@hotmail.com,email,michael_sharmacoder,username,0.625,0.0,0.0,0.0,0,0.0,0
michaelbrownsite.com,domain,+919457189042,phone,0.0,0.0,0.0,0.0,0,0.0,1
user_6138,username,site_3374.com,domain,0.364,0.0,0.0,0.0,0,0.0,0
rajesh97,username,+917185643633,phone,0.19,0.0,0.0,0.0,1,0.0,1
david singh,name,+919733959353,phone,0.0,0.0,0.0,0.0,1,0.0,1
hacker_ken_gupta,username,+918338710195,phone,0.0,0.0,0.0,0.0,1,0.0,1
site_218.com,domain,emily smith,name,0.261,0.0,0.0,0.0,0,0.0,0
amit ojhnson,name,amit_johnson@outlook.com,email,0.833,0.0,0.0,0.0,0,0.0,1
+917047187022,phone,michael_sharma@yahoo.com,email,0.0,0.0,0.0,0.0,0,0.0,0
carlos@customlab.org,email,hacker_carlos_sharma,username,0.462,0.0,0.0,0.0,3,0.0,1
kenb@customlab.org,email,ken jones,name,0.462,0.0,0.0,0.0,1,0.0,1
fatima devi,name,rajesh_miller,username,0.167,0.0,0.0,0.0,0,0.0,0
site_7561.com,domain,user_6660,username,0.364,0.0,0.0,0.0,0,0.0,0
johnlabs.net,domain,+18397435820,phone,0.0,0.0,0.0,0.0,3,0.0,1
ali_ahmed@yahoo.com,email,lai ahmed,name,0.556,0.0,0.0,0.0,3,0.0,1
jken80,username,ken80@gmail.com,email,0.909,0.0,0.0,0.0,2,0.0,1
jane martinez,name,contact_3538@outlook.com,email,0.24,0.0,0.0,0.0,0,0.0,0
+917684885731,phone,priyaw_illmiams,username,0.0,0.0,0.0,0.0,1,0.0,1
janesinghsite.com,domain,fatimadevisite.com,domain,0.0,0.0,0.0,0.0,0,0.0,0
user_3807,username,contact_2476@outlook.com,email,0.19,0.0,0.0,0.0,1,0.0,0
hacker_lbisa_ahmed,username,lisa ahmed,name,0.429,0.0,0.0,0.0,1,0.0,1
priya3g9,username,hacker_priya39,username,0.636,0.636,0.0,0.0,2,0.0,1
lisa taanka,name,lisatanakasite.com,domain,0.621,0.0,0.0,0.0,2,0.0,1
+916879859376,phone,user_9125,username,0.273,0.0,0.0,0.0,0,0.0,0
ananya gupta,name,user_8991,username,0.095,0.0,0.0,0.0,0,0.0,0
+917658170004,phone,michael sharma,name,0.0,0.0,0.0,0.0,0,0.0,0
contact_1003@hotmail.com,email,+916293124167,phone,0.0,0.0,0.0,0.0,0,0.0,0
rajeshkhansite.com,domain,rajesh khan,name,0.414,0.0,0.0,0.0,2,0.0,1
ken_gupta@outlook.com,email,rajesh_gupta@outlook.com,email,0.0,0.0,0.0,0.0,0,0.0,0
+918965178657,phone,+917912548711,phone,0.0,0.0,0.0,0.0,0,0.0,0
michaelsharmasite.com,domain,michael_sharmacoderdev.org,domain,0.0,0.0,0.0,0.0,2,0.0,1
lisa garcia,name,+916415870912,phone,0.0,0.0,0.0,0.0,0,0.0,0
contact_5035@gmail.com,email,user_3909,username,0.19,0.0,0.0,0.0,0,0.0,0
contact_5042@gmail.com,email,site_8820.com,domain,0.0,0.0,0.0,0.0,0,0.0,0
rajeshmartinezsite.com,domain,johnsmithsite.com,domain,0.0,0.0,0.0,0.0,0,0.0,0
fatima williams,name,contact_8188@hotmail.com,email,0.148,0.0,0.0,0.0,0,0.0,0
rahulpatelsite.com,domain,+918183223644,phone,0.0,0.0,0.0,0.0,0,0.0,0
+916013876658,phone,contact_1402@gmail.com,email,0.0,0.0,0.0,0.0,0,0.0,0
rajeshsmithsite.com,domain,sara miller,name,0.2,0.0,0.0,0.0,0,0.0,0
priyabrownsite.com,domain,fatimatanakasite.com,domain,0.0,0.0,0.0,0.0,0,0.0,0
priyasinghsite.com,domain,priya76@proton.me,email,0.0,0.0,0.0,0.0,2,0.0,1
fatima83@outlook.com,email,fatima_patel@outlook.com,email,0.0,0.0,0.0,0.0,0,0.0,0
+12554553068,phone,rahul@customlab.org,email,0.0,0.0,0.0,0.0,0,0.0,1
user_8795,username,site_6285.com,domain,0.455,0.0,0.0,0.0,0,0.0,0
priya39@gmail.com,email,prizya39,username,0.933,0.0,0.0,0.0,2,0.0,1
site_6362.com,domain,contact_1913@yahoo.com,email,0.0,0.0,0.0,0.0,0,0.0,0
+919952958729,phone,rajesh martinez,name,0.0,0.0,0.0,0.0,0,0.0,0
yuki_devi@outlook.com,email,yukilabs.net,domain,0.0,0.0,0.0,0.0,0,0.0,1
+916116528967,phone,user_5007,username,0.182,0.0,0.0,0.0,0,0.0,0
+17908303933,phone,jane johnson,name,0.0,0.0,0.0,0.0,0,0.0,1
rajesh martinez,name,+919837615419,phone,0.0,0.0,0.0,0.0,0,0.0,1
priya sharma,name,user_1313,username,0.19,0.0,0.0,0.0,0,0.0,0
michael_sharm,username,michael shara,name,0.846,0.0,0.0,0.0,0,0.0,1
lis9,username,lisatanakasite.com,domain,0.273,0.0,0.0,0.0,3,0.0,1
davidsinghsite.com,domain,hacker_john_garcia,username,0.222,0.0,0.0,0.0,0,0.0,0
amit_sharma@proton.me,email,amit_sharma,username,1.0,0.0,0.0,1.0,2,0.0,1
lisa johnson,name,contact_1043@yahoo.com,email,0.25,0.0,0.0,0.0,0,0.0,0
jane_nsigh,username,hacker_jane_singh,username,0.667,0.667,0.0,0.0,1,0.0,1
+919733959353,phone,jane35@gmail.com,email,0.0,0.0,0.0,0.0,0,0.0,0
ananya_khan,username,ananya_khan@proton.me,email,1.0,0.0,0.0,1.0,0,0.0,1
priya39@gmail.com,email,ken37@yahoo.com,email,0.0,0.0,0.0,0.0,0,0.0,0
lisabrownsite.com,domain,yuki_wililams,username,0.267,0.0,0.0,0.0,0,0.0,0
user_7287,username,robert martinez,name,0.167,0.0,0.0,0.0,0,0.0,0
hacker_rahul77,username,rahu77,username,0.6,0.6,0.0,0.0,1,0.0,1
ken sato,name,user_2770,username,0.118,0.0,0.0,0.0,0,0.0,0
jane johnson,name,hacker_john_ahmed,username,0.414,0.0,0.0,0.0,0,0.0,0
+916931266556,phone,user_3654,username,0.273,0.0,0.0,0.0,0,0.0,0
rajesh gupta,name,john johnson,name,0.25,0.0,0.0,0.0,0,0.0,0
carlos_sharma@hotmail.com,email,lisabrownsite.com,domain,0.0,0.0,0.0,0.0,0,0.0,0
david ahmed,name,+916893035856,phone,0.0,0.0,0.0,0.0,0,0.0,0
elena tanaka,name,elena sato,name,0.667,0.0,0.0,0.0,0,0.0,0
aliahmedsite.com,domain,amitjohnsonsite.com,domain,0.0,0.0,0.0,0.0,0,0.0,0
site_9886.com,domain,rahul khan,name,0.0,0.0,0.0,0.0,0,0.0,0
contact_9728@outlook.com,email,user_5852,username,0.19,0.0,0.0,0.0,0,0.0,0
lisapatelsite.com,domain,david38,username,0.167,0.0,0.0,0.0,0,0.0,0
yuki iwlliams,name,yukilabs.net,domain,0.32,0.0,0.0,0.0,1,0.0,1
contact_811@gmail.com,email,site_6480.com,domain,0.0,0.0,0.0,0.0,2,0.0,0
michael_williams@proton.me,email,john garcia,name,0.222,0.0,0.0,0.0,0,0.0,0
rajesh68@gmail.com,email,rajesh68c8oder,username,0.727,0.0,0.0,0.0,0,0.0,1
amit jones,name,site_3810.com,domain,0.261,0.0,0.0,0.0,0,0.0,0
site_3740.com,domain,user_8305,username,0.455,0.0,0.0,0.0,0,0.0,0
rahul77,username,amitjohnsonsite.com,domain,0.154,0.0,0.0,0.0,0,0.0,0
+916877556541,phone,ken williams,name,0.0,0.0,0.0,0.0,0,0.0,0
contact_7473@proton.me,email,site_7392.com,domain,0.0,0.0,0.0,0.0,0,0.0,0
fatima_patel@outlook.com,email,+919254703979,phone,0.0,0.0,0.0,0.0,0,0.0,0
rajesh68@gmail.com,email,johnsmithsite.com,domain,0.0,0.0,0.0,0.0,0,0.0,0
+918965178657,phone,+919387772934,phone,0.0,0.0,0.0,0.0,0,0.0,0
fatima khan,name,user_9146,username,0.0,0.0,0.0,0.0,0,0.0,0
+916449213567,phone,+916337112725,phone,0.0,0.0,0.0,0.0,0,0.0,0
michael_brown@hotmail.com,email,+917047187022,phone,0.0,0.0,0.0,0.0,0,0.0,0
hacker_emily_brown,username,david singh,name,0.207,0.0,0.0,0.0,0,0.0,0
yukidevisite.com,domain,michaelwilliamssite.com,domain,0.0,0.0,0.0,0.0,0,0.0,0
user_3601,username,neha devi,name,0.111,0.0,0.0,0.0,0,0.0,0
contact_9331@proton.me,email,user_9822,username,0.19,0.0,0.0,0.0,0,0.0,0
aliahmedsite.com,domain,lisadevisite.com,domain,0.0,0.0,0.0,0.0,0,0.0,0
hacker_rajesh_guta,username,hacker_rajesh_gupta,username,0.973,0.973,0.0,0.0,0,0.0,1
contact_8056@hotmail.com,email,+916866747189,phone,0.0,0.0,0.0,0.0,1,0.0,0
+17833385519,phone,hackr_priya39,username,0.16,0.0,0.0,0.0,1,0.0,1
rajesh miller,name,lisa ahmed,name,0.348,0.0,0.0,0.0,0,0.0,0
sara8l8,username,sara@customlab.org,email,0.727,0.0,0.0,0.0,1,0.0,1
michael brown,name,priya39@gmail.com,email,0.3,0.0,0.0,0.0,0,0.0,0
ananya_khan@proton.me,email,hacker_jane_singh,username,0.357,0.0,0.0,0.0,0,0.0,0
user_5764,username,+916825168062,phone,0.182,0.0,0.0,0.0,0,0.0,0
site_4830.com,domain,+916821146666,phone,0.0,0.0,0.0,0.0,1,0.0,0
john_johns2on,username,+19452583744,phone,0.08,0.0,0.0,0.0,0,0.0,1
contact_9582@gmail.com,email,contact_5548@hotmail.com,email,0.0,0.0,0.0,0.0,0,0.0,0
site_8992.com,domain,user_7394,username,0.364,0.0,0.0,0.0,0,0.0,0
site_1136.com,domain,user_7689,username,0.364,0.0,0.0,0.0,0,0.0,0
site_8087.com,domain,site_7670.com,domain,0.0,0.0,0.0,0.0,0,0.0,0
user_2181,username,user_8476,username,0.667,0.667,0.0,0.0,0,0.0,0
john_ahmed,username,john_amhed,username,0.9,0.9,0.0,0.0,1,0.0,1
hakcer_john_johnson,username,johnjohnsonsite.com,domain,0.579,0.0,0.0,0.0,2,0.0,1
michael_tanaka@gmail.com,email,michaeltanakasite.com,domain,0.0,0.0,0.0,0.0,1,0.0,1
ali khan,name,user_2310,username,0.0,0.0,0.0,0.0,0,0.0,0
johnsmithsite.com,domain,priya williams,name,0.194,0.0,0.0,0.0,0,0.0,0
sara miller,name,davidsinghsite.com,domain,0.138,0.0,0.0,0.0,0,0.0,0
site_6148.com,domain,david miller,name,0.16,0.0,0.0,0.0,0,0.0,0
sara88dev.org,domain,sara@customlab.org,email,0.0,0.0,0.0,0.0,0,0.0,1
emily_brown@yahoo.com,email,ali42coder,username,0.19,0.0,0.0,0.0,0,0.0,0
lisabrownsite.com,domain,fatima83@outlook.com,email,0.0,0.0,0.0,0.0,0,0.0,0
contact_1896@hotmail.com,email,site_1541.com,domain,0.0,0.0,0.0,0.0,0,0.0,0
aftima70,username,fatima70coder,username,0.667,0.667,0.0,0.0,1,0.0,1
fatima70coer,username,fatima70coder,username,0.96,0.96,0.0,0.0,0,0.0,1
site_5238.com,domain,rahul doe,name,0.091,0.0,0.0,0.0,0,0.0,0
emily brown,name,+917430387833,phone,0.0,0.0,0.0,0.0,0,0.0,0
jane sato,name,+917912548711,phone,0.0,0.0,0.0,0.0,0,0.0,1
priyawilliamssite.com,domain,rajeshsinghsite.com,domain,0.0,0.0,0.0,0.0,0,0.0,0
contact_9613@outlook.com,email,robert johnson,name,0.231,0.0,0.0,0.0,0,0.0,0
elena51,username,elenalabs.net,domain,0.5,0.0,0.0,0.0,0,0.0,1
user_1850,username,contact_1896@hotmail.com,email,0.286,0.0,0.0,0.0,0,0.0,0
ananya khan,name,ananyakhandev.org,domain,0.714,0.0,0.0,0.0,0,0.0,1
robert martinez,name,+916953681892,phone,0.0,0.0,0.0,0.0,0,0.0,0
+13061582067,phone,+918474818136,phone,0.0,0.0,0.0,0.0,0,0.0,1
elena_tanaka@outlook.com,email,elenalabs.net,domain,0.0,0.0,0.0,0.0,1,0.0,1
rajesh martinz,name,rajesh_martine,username,0.5,0.0,0.0,0.0,0,0.0,1
priya patel,name,contact_867@proton.me,email,0.182,0.0,0.0,0.0,0,0.0,0
yuki_ahmed@outlook.com,email,hacker_yuki_ahmed,username,0.741,0.0,0.0,0.0,1,0.0,1
site_874.com,domain,ali sharma,name,0.182,0.0,0.0,0.0,0,0.0,0
johngarciasite.com,domain,ken_gupta,username,0.222,0.0,0.0,0.0,0,0.0,0
priya_williams@yahoo.com,email,lisapatelsite.com,domain,0.0,0.0,0.0,0.0,0,0.0,0
hacker_ken_gupta,username,en_gupat,username,0.583,0.583,0.0,0.0,2,0.0,1
john miller,name,+916415870912,phone,0.0,0.0,0.0,0.0,0,0.0,0
ananya jones,name,user_5318,username,0.095,0.0,0.0,0.0,0,0.0,0
robert martinez,name,+916877556541,phone,0.0,0.0,0.0,0.0,0,0.0,0
fatima70@hotmail.com,email,priyabrownsite.com,domain,0.0,0.0,0.0,0.0,0,0.0,0
amit_johnson@outlook.com,email,sraa_smith,username,0.455,0.0,0.0,0.0,0,0.0,0
elena51@hotmail.com,email,yuki_wililams,username,0.2,0.0,0.0,0.0,0,0.0,0
michael_sharmacoder,username,michael shara,name,0.75,0.0,0.0,0.0,0,0.0,1
yuki_wililams,username,sara miller,name,0.333,0.0,0.0,0.0,0,0.0,0
michael williams,name,+917047187022,phone,0.0,0.0,0.0,0.0,0,0.0,0
+17833385519,phone,hacker_priya39,username,0.154,0.0,0.0,0.0,2,0.0,1
ananya khan,name,john ahmed,name,0.381,0.0,0.0,0.0,0,0.0,0
contact_5051@proton.me,email,+916339126138,phone,0.0,0.0,0.0,0.0,0,0.0,0
+916258549831,phone,user_6732,username,0.182,0.0,0.0,0.0,0,0.0,0
saramillersite.com,domain,ali kumar,name,0.296,0.0,0.0,0.0,0,0.0,0
site_8028.com,domain,ali khan,name,0.095,0.0,0.0,0.0,0,0.0,0
rajesh_singh@hotmail.com,email,rajehs_singh,username,0.917,0.0,0.0,0.0,2,0.0,1
lias_patel,username,lisapatelsite.com,domain,0.593,0.0,0.0,0.0,2,0.0,1
robert williams,name,user_2236,username,0.167,0.0,0.0,0.0,0,0.0,0
amit_sharma@proton.me,email,amit sharma,name,0.909,0.0,0.0,0.0,0,0.0,1
hacker_rajesh64,username,faitma70,username,0.174,0.174,0.0,0.0,0,0.0,0
+916337112725,phone,david martinez,name,0.0,0.0,0.0,0.0,0,0.0,0
hacker_david38,username,davidsinghsite.com,domain,0.312,0.0,0.0,0.0,2,0.0,1
michael_sharmacoder,username,john_garcia@outlook.com,email,0.333,0.0,0.0,0.0,0,0.0,0
user_5668,username,site_5701.com,domain,0.364,0.0,0.0,0.0,0,0.0,0
+916051338808,phone,+916128841576,phone,0.0,0.0,0.0,0.0,0,0.0,0
user_885,username,site_2795.com,domain,0.381,0.0,0.0,0.0,0,0.0,0
robert singh,name,user_2900,username,0.19,0.0,0.0,0.0,0,0.0,0
+919376816771,phone,yuki_ahmed@outlook.com,email,0.0,0.0,0.0,0.0,2,0.0,1
hacker_rajesh97,username,rajeshlabs.net,domain,0.414,0.0,0.0,0.0,3,0.0,1
fatim83,username,+917212115091,phone,0.0,0.0,0.0,0.0,0,0.0,0
+918981347325,phone,+919804281916,phone,0.0,0.0,0.0,0.0,0,0.0,0
john@customlab.org,email,john15@outlook.com,email,0.0,0.0,0.0,0.0,3,0.0,1
hacker_john_ahmed,username,ali kumar,name,0.231,0.0,0.0,0.0,0,0.0,0
hacker_davvid38,username,dvaid singh,name,0.308,0.0,0.0,0.0,0,0.0,1
+918963267690,phone,+919589711983,phone,0.0,0.0,0.0,0.0,0,0.0,0
john garcia,name,rajeshkhansite.com,domain,0.345,0.0,0.0,0.0,0,0.0,0
contact_4205@yahoo.com,email,user_2441,username,0.19,0.0,0.0,0.0,0,0.0,0
elena35@yahoo.com,email,+917759419129,phone,0.0,0.0,0.0,0.0,0,0.0,0
ananyakhan,username,+13420505754,phone,0.0,0.0,0.0,0.0,1,0.0,1
john devi,name,user_5461,username,0.111,0.0,0.0,0.0,0,0.0,0
yuki smith,name,+916068858231,phone,0.0,0.0,0.0,0.0,1,0.0,0
+916038052795,phone,+916051338808,phone,0.0,0.0,0.0,0.0,0,0.0,0
neha ahmed,name,rajesh sato,name,0.381,0.0,0.0,0.0,0,0.0,0
john15,username,ait_johnson,username,0.471,0.471,0.0,0.0,0,0.0,0
michael_willias,username,michael_williamsdev.org,domain,0.789,0.0,0.0,0.0,1,0.0,1
johngarciasite.com,domain,janejohnsonsite.com,domain,0.0,0.0,0.0,0.0,1,0.0,0
hacker_john_johnson,username,rajesh97@hotmail.com,email,0.222,0.0,0.0,0.0,0,0.0,0
amitjohnsonsite.com,domain,michaelsharmasite.com,domain,0.0,0.0,0.0,0.0,0,0.0,0
ken gupta,name,lisa_patel@hotmail.com,email,0.316,0.0,0.0,0.0,0,0.0,0
+916099113942,phone,michael garcia,name,0.0,0.0,0.0,0.0,0,0.0,0
hacker_rajesh64,username,ken jones,name,0.25,0.0,0.0,0.0,0,0.0,0
fatima singh,name,user_4451,username,0.095,0.0,0.0,0.0,0,0.0,0
fatimapatelsite.com,domain,fatima_patel,username,0.71,0.0,0.0,0.0,1,0.0,1
john garcia,name,jane35@gmail.com,email,0.235,0.0,0.0,0.0,0,0.0,0
fatima_patel,username,+18258444177,phone,0.0,0.0,0.0,0.0,3,0.0,1
site_809.com,domain,site_5981.com,domain,0.0,0.0,0.0,0.0,0,0.0,0
hacker_john_ahmed,username,+919376816771,phone,0.0,0.0,0.0,0.0,0,0.0,0
yuki gupta,name,+916581297175,phone,0.0,0.0,0.0,0.0,0,0.0,0
ali42@proton.me,email,rajesh97@hotmail.com,email,0.0,0.0,0.0,0.0,0,0.0,0
+917185643633,phone,priya brown,name,0.0,0.0,0.0,0.0,0,0.0,0
rajesh smith,name,sara88@hotmail.com,email,0.222,0.0,0.0,0.0,0,0.0,0
user_1333,username,site_470.com,domain,0.286,0.0,0.0,0.0,0,0.0,0
sara gupta,name,user_3215,username,0.316,0.0,0.0,0.0,0,0.0,0
+916866747189,phone,site_1136.com,domain,0.0,0.0,0.0,0.0,0,0.0,0
alikumarsite.com,domain,fatimapatelsite.com,domain,0.0,0.0,0.0,0.0,0,0.0,0
+17833385519,phone,prya3g9,username,0.211,0.0,0.0,0.0,2,0.0,1
+916714915822,phone,ken kumar,name,0.0,0.0,0.0,0.0,0,0.0,0
john15,username,fatima_patel@outlook.com,email,0.0,0.0,0.0,0.0,0,0.0,0
lisa_patel,username,+918733759412,phone,0.0,0.0,0.0,0.0,3,0.0,1
site_9518.com,domain,contact_9294@proton.me,email,0.0,0.0,0.0,0.0,0,0.0,0
priya martinez,name,contact_2066@gmail.com,email,0.154,0.0,0.0,0.0,0,0.0,0
rajesh miller,name,lisa_patle,username,0.261,0.0,0.0,0.0,0,0.0,0
jane_johnson,username,jane3,username,0.471,0.471,0.0,0.0,0,0.0,0
+916947246507,phone,user_7208,username,0.273,0.0,0.0,0.0,0,0.0,0
sara88coder,username,sara8l8,username,0.667,0.667,0.0,0.0,0,0.0,1
ken garcia,name,ken80@gmail.com,email,0.4,0.0,0.0,0.0,2,0.0,1
site_9886.com,domain,david smith,name,0.25,0.0,0.0,0.0,0,0.0,0
site_4199.com,domain,user_3081,username,0.364,0.0,0.0,0.0,1,0.0,0
user_7900,username,rahul davis,name,0.2,0.0,0.0,0.0,0,0.0,0
+919596703526,phone,fatiam patel,name,0.0,0.0,0.0,0.0,1,0.0,1
amit johnson,name,hacker_jane_singh,username,0.345,0.0,0.0,0.0,0,0.0,0
fatima@customlab.org,email,fatim83,username,0.769,0.0,0.0,0.0,0,0.0,1
+919640160203,phone,+18219476000,phone,0.0,0.0,0.0,0.0,2,0.0,1
michael_sharma@yahoo.com,email,elena sato,name,0.333,0.0,0.0,0.0,0,0.0,0
user_7451,username,contact_7413@gmail.com,email,0.381,0.0,0.0,0.0,0,0.0,0
+919994107253,phone,carlos sharma,name,0.0,0.0,0.0,0.0,0,0.0,0
ananyakhan@ananyasite.net,email,+918123425397,phone,0.0,0.0,0.0,0.0,1,0.0,1
elena51@hotmail.com,email,ali ahmed,name,0.25,0.0,0.0,0.0,0,0.0,0
elnea35,username,elnea35@elenasite.net,email,1.0,0.0,0.0,1.0,0,0.0,1
lisa77,username,lisa_ahmed,username,0.5,0.5,0.0,0.0,0,0.0,0
jane tanaka,name,user_9255,username,0.1,0.0,0.0,0.0,0,0.0,0
rajesh miller,name,elena51@hotmail.com,email,0.3,0.0,0.0,0.0,0,0.0,0
+917265935870,phone,elenadavissite.com,domain,0.0,0.0,0.0,0.0,0,0.0,1
contact_1867@gmail.com,email,site_4209.com,domain,0.0,0.0,0.0,0.0,0,0.0,0
ali_ahmed,username,lai ahmed,name,0.556,0.0,0.0,0.0,1,0.0,1
user_9125,username,jane tanaka,name,0.1,0.0,0.0,0.0,0,0.0,0
+919666362423,phone,rajesh khan,name,0.0,0.0,0.0,0.0,0,0.0,0
amitjohnsonsite.com,domain,aliahmedsite.com,domain,0.0,0.0,0.0,0.0,0,0.0,0
amit_johnson@outlook.com,email,michael_tanaka@gmail.com,email,0.0,0.0,0.0,0.0,0,0.0,0
user_2534,username,+916132119557,phone,0.182,0.0,0.0,0.0,0,0.0,0
david38@hotmail.com,email,michael_brown@hotmail.com,email,0.0,0.0,0.0,0.0,0,0.0,0
+916931266556,phone,user_9830,username,0.182,0.0,0.0,0.0,0,0.0,0
site_8937.com,domain,+916800399222,phone,0.0,0.0,0.0,0.0,0,0.0,0
john garcia,name,+919254703979,phone,0.0,0.0,0.0,0.0,3,0.0,1
+916267553479,phone,site_2560.com,domain,0.0,0.0,0.0,0.0,0,0.0,0
anany akhan,name,ananyakhandev.org,domain,0.429,0.0,0.0,0.0,1,0.0,1
david sharma,name,yuki sharma,name,0.706,0.0,0.0,0.0,0,0.0,0
hacker_michael_tanaka,username,+919804281916,phone,0.0,0.0,0.0,0.0,1,0.0,1
+916909737899,phone,contact_3693@gmail.com,email,0.0,0.0,0.0,0.0,0,0.0,0
priyasinghsite.com,domain,hacker_priya76@priyasite.net,email,0.0,0.0,0.0,0.0,2,0.0,1
kenjonessite.com,domain,david38@hotmail.com,email,0.0,0.0,0.0,0.0,0,0.0,0
michael_brown@hotmail.com,email,michael borwn,name,0.538,0.0,0.0,0.0,1,0.0,1
jane35@gmail.com,email,jane35,username,1.0,0.0,0.0,1.0,2,0.0,1
michael tanaka,name,+917212115091,phone,0.0,0.0,0.0,0.0,0,0.0,0
user_7900,username,site_6683.com,domain,0.273,0.0,0.0,0.0,0,0.0,0
michael_tanaka,username,hacker_lisa_patel,username,0.387,0.387,0.0,0.0,0,0.0,0
ali martinez,name,user_1566,username,0.095,0.0,0.0,0.0,0,0.0,0
+916836461469,phone,+916669243768,phone,0.0,0.0,0.0,0.0,0,0.0,0
+917912548711,phone,ken37@yahoo.com,email,0.0,0.0,0.0,0.0,0,0.0,0
miqchael_willias,username,hacker_michael_williams9,username,0.75,0.75,0.0,0.0,0,0.0,1
+916653857733,phone,+916151492303,phone,0.0,0.0,0.0,0.0,0,0.0,0
alilabs.net,domain,aliahmedsite.com,domain,0.0,0.0,0.0,0.0,2,0.0,1
rajeshlabs.net,domain,rajseh_miler,username,0.538,0.0,0.0,0.0,1,0.0,1
johnlabs.net,domain,pjohn_hmed,username,0.455,0.0,0.0,0.0,0,0.0,1
site_6127.com,domain,contact_4237@gmail.com,email,0.0,0.0,0.0,0.0,0,0.0,0
+919596703526,phone,lisa_patel@outlook.com,email,0.0,0.0,0.0,0.0,0,0.0,0
user_9095,username,+916522716226,phone,0.182,0.0,0.0,0.0,0,0.0,0
site_6309.com,domain,elena doe,name,0.091,0.0,0.0,0.0,0,0.0,0
contact_9811@outlook.com,email,contact_4799@gmail.com,email,0.0,0.0,0.0,0.0,0,0.0,0
site_3118.com,domain,user_1333,username,0.364,0.0,0.0,0.0,0,0.0,0
user_7842,username,site_7254.com,domain,0.455,0.0,0.0,0.0,0,0.0,0
jane sato,name,priyawilliamssite.com,domain,0.267,0.0,0.0,0.0,0,0.0,0
+917336835980,phone,priya singh,name,0.0,0.0,0.0,0.0,0,0.0,0
rajeshmillersite.com,domain,+917047187022,phone,0.0,0.0,0.0,0.0,0,0.0,0
saramillersite.com,domain,+13877537485,phone,0.0,0.0,0.0,0.0,0,0.0,1
kenguptasite.com,domain,emily_brown@yahoo.com,email,0.0,0.0,0.0,0.0,0,0.0,0
rajesh gupta,name,rajesh_singh@hotmail.com,email,0.5,0.0,0.0,0.0,0,0.0,0
emily tanaka,name,user_184,username,0.1,0.0,0.0,0.0,0,0.0,0
hacker_rajesh97,username,hacker_priya39,username,0.69,0.69,0.0,0.0,0,0.0,0
contact_5243@outlook.com,email,site_2406.com,domain,0.0,0.0,0.0,0.0,0,0.0,0
+919376816771,phone,+917521726436,phone,0.0,0.0,0.0,0.0,0,0.0,0
john_johnson@hotmail.com,email,hacker_carlos_sharma,username,0.25,0.0,0.0,0.0,0,0.0,0
carlos shrama,name,carlossharmasite.com,domain,0.667,0.0,0.0,0.0,2,0.0,1
yuki_ahmed,username,hackr_yuki_ahmed,username,0.769,0.769,0.0,0.0,2,0.0,1
fatima_patel,username,elena35@yahoo.com,email,0.211,0.0,0.0,0.0,0,0.0,0
fatimadevisite.com,domain,+919457189042,phone,0.0,0.0,0.0,0.0,0,0.0,0
priya_williamscoder@priyasite.net,email,priya_williams,username,0.848,0.0,0.0,0.0,0,0.0,1
+14681632915,phone,lisa ahmed,name,0.0,0.0,0.0,0.0,0,0.0,1
michael_tanaka,username,michael_tanka,username,0.963,0.963,0.0,0.0,0,0.0,1
site_5941.com,domain,david sato,name,0.261,0.0,0.0,0.0,0,0.0,0
lisa brown,name,priya_williamscoder,username,0.345,0.0,0.0,0.0,0,0.0,0
carlos sharma,name,lisa77,username,0.316,0.0,0.0,0.0,0,0.0,0
yukiahmedsite.com,domain,ali42@proton.me,email,0.0,0.0,0.0,0.0,0,0.0,0
user_9494,username,priya martinez,name,0.174,0.0,0.0,0.0,0,0.0,0
contact_2285@gmail.com,email,user_5592,username,0.19,0.0,0.0,0.0,0,0.0,0
ali williams,name,+916482679828,phone,0.0,0.0,0.0,0.0,0,0.0,0
jane35@gmail.com,email,+918963267690,phone,0.0,0.0,0.0,0.0,0,0.0,0
contact_7633@hotmail.com,email,user_1499,username,0.095,0.0,0.0,0.0,0,0.0,0
rajesh miller,name,rajesh_miller@proton.me,email,0.462,0.0,0.0,0.0,0,0.0,1
michaeltanakasite.com,domain,lisapatelsite.com,domain,0.0,0.0,0.0,0.0,0,0.0,0
fatim83,username,+917871714345,phone,0.2,0.0,0.0,0.0,0,0.0,0
carlos shrama,name,carlos_sharma,username,0.846,0.0,0.0,0.0,0,0.0,1
user_7903,username,contact_3205@gmail.com,email,0.19,0.0,0.0,0.0,0,0.0,0
priya brown,name,rajesh singh,name,0.261,0.0,0.0,0.0,0,0.0,0
john_johnson@hotmail.com,email,john_johnson,username,1.0,0.0,0.0,1.0,0,0.0,1
+916912650449,phone,contact_7215@hotmail.com,email,0.0,0.0,0.0,0.0,0,0.0,0
ali42coder,username,ali42cder,username,0.947,0.947,0.0,0.0,3,0.0,1
ken devi,name,user_8707,username,0.118,0.0,0.0,0.0,0,0.0,0
+917107621714,phone,priya76@proton.me,email,0.0,0.0,0.0,0.0,0,0.0,0
+918733759412,phone,elenatanakasite.com,domain,0.0,0.0,0.0,0.0,0,0.0,0
contact_2066@gmail.com,email,user_3991,username,0.095,0.0,0.0,0.0,0,0.0,0
+14681632915,phone,hacker_lbisa_ahmed,username,0.0,0.0,0.0,0.0,0,0.0,1
priya singh,name,+917912548711,phone,0.0,0.0,0.0,0.0,0,0.0,0
michaelwilliamssite.com,domain,mihcael williams,name,0.718,0.0,0.0,0.0,1,0.0,1
+919289245144,phone,lisa77@yahoo.com,email,0.0,0.0,0.0,0.0,0,0.0,0
user_2676,username,john devi,name,0.111,0.0,0.0,0.0,0,0.0,0
jane_johnson@janesite.net,email,janelabs.net,domain,0.0,0.0,0.0,0.0,0,0.0,1
user_1566,username,user_8497,username,0.556,0.556,0.0,0.0,0,0.0,0
ananyakhan,username,aanya_khan,username,0.9,0.9,0.0,0.0,1,0.0,1
user_6829,username,robert martinez,name,0.167,0.0,0.0,0.0,0,0.0,0
priyawilliamssite.com,domain,lisa tanaka,name,0.25,0.0,0.0,0.0,0,0.0,0
michael_brown@hotmail.com,email,jane35@gmail.com,email,0.0,0.0,0.0,0.0,0,0.0,0
ken3,username,hackerq_ken37,username,0.471,0.471,0.0,0.0,1,0.0,1
contact_4385@hotmail.com,email,sara doe,name,0.2,0.0,0.0,0.0,0,0.0,0
user_3286,username,ken khan,name,0.118,0.0,0.0,0.0,0,0.0,0
sara88dev.org,domain,saramillersite.com,domain,0.0,0.0,0.0,0.0,0,0.0,1
priya williams,name,aliahmedsite.com,domain,0.4,0.0,0.0,0.0,0,0.0,0
site_1243.com,domain,+916981942991,phone,0.0,0.0,0.0,0.0,0,0.0,0
site_5216.com,domain,site_5484.com,domain,0.0,0.0,0.0,0.0,0,0.0,0
user_215,username,contact_4688@proton.me,email,0.1,0.0,0.0,0.0,0,0.0,0
+916553377471,phone,user_1499,username,0.182,0.0,0.0,0.0,0,0.0,0
site_1861.com,domain,+916829101498,phone,0.0,0.0,0.0,0.0,0,0.0,0
michael tanaka,name,jane_johnson@hotmail.com,email,0.231,0.0,0.0,0.0,1,0.0,0
site_510.com,domain,neha tanaka,name,0.087,0.0,0.0,0.0,0,0.0,0
+917521726436,phone,lisa ahmed,name,0.0,0.0,0.0,0.0,0,0.0,0
lisa770,username,lisa77dev.org,domain,0.6,0.0,0.0,0.0,0,0.0,1
carlos_sharma@hotmail.com,email,+918474818136,phone,0.0,0.0,0.0,0.0,0,0.0,0
janesinghsite.com,domain,amitjohnsonsite.com,domain,0.0,0.0,0.0,0.0,0,0.0,0
johnahmedsite.com,domain,rajesh_singh,username,0.276,0.0,0.0,0.0,0,0.0,0
david38@hotmail.com,email,yukidevisite.com,domain,0.0,0.0,0.0,0.0,0,0.0,0
hacker_rahul77,username,hackerj_rahul77,username,0.966,0.966,0.0,0.0,1,0.0,1
sra8l8,username,sara88@hotmail.com,email,0.833,0.0,0.0,0.0,0,0.0,1
david singh,name,+917107621714,phone,0.0,0.0,0.0,0.0,0,0.0,0
rajesh97@hotmail.com,email,lisa patel,name,0.222,0.0,0.0,0.0,0,0.0,0
site_2812.com,domain,contact_8668@proton.me,email,0.0,0.0,0.0,0.0,0,0.0,0
rajesh68,username,+918475056187,phone,0.19,0.0,0.0,0.0,0,0.0,0
jane singh,name,hacker_jane_singh,username,0.667,0.0,0.0,0.0,1,0.0,1
+917871714345,phone,rajesh68,username,0.095,0.0,0.0,0.0,0,0.0,1
+916697252219,phone,user_7933,username,0.182,0.0,0.0,0.0,0,0.0,0
lisa_patel,username,lisa_patel@outlook.com,email,1.0,0.0,0.0,1.0,0,0.0,1
yuki ahmed,name,janesatosite.com,domain,0.231,0.0,0.0,0.0,0,0.0,0
michael_williams@proton.me,email,ken_gupta@outlook.com,email,0.0,0.0,0.0,0.0,0,0.0,0
ajne johnson,name,jane_johnson,username,0.833,0.0,0.0,0.0,2,0.0,1
michael brown,name,fatima_patel@outlook.com,email,0.32,0.0,0.0,0.0,0,0.0,0
+919804281916,phone,rajeshsinghsite.com,domain,0.0,0.0,0.0,0.0,0,0.0,0
rajesh_singh,username,ananyakhansite.com,domain,0.267,0.0,0.0,0.0,0,0.0,0
+916821109185,phone,+916420716661,phone,0.0,0.0,0.0,0.0,0,0.0,0
rajesh97@hotmail.com,email,rajesh_martinez,username,0.522,0.0,0.0,0.0,0,0.0,0
lisa_patl,username,lisa@customlab.org,email,0.615,0.0,0.0,0.0,1,0.0,1
hacker_david38,username,davidlabs.net,domain,0.37,0.0,0.0,0.0,1,0.0,1
priya martinez,name,site_5394.com,domain,0.148,0.0,0.0,0.0,0,0.0,0
+918335090736,phone,rajesh_singh,username,0.0,0.0,0.0,0.0,0,0.0,0
yuki williams,name,+919254703979,phone,0.0,0.0,0.0,0.0,0,0.0,0
yuki iwlliams,name,hacker_yuki_williams,username,0.485,0.0,0.0,0.0,2,0.0,1
+916238648039,phone,rajesh patel,name,0.0,0.0,0.0,0.0,0,0.0,0
contact_8644@yahoo.com,email,priya kumar,name,0.087,0.0,0.0,0.0,0,0.0,0
elena miller,name,contact_7359@gmail.com,email,0.167,0.0,0.0,0.0,0,0.0,0
hacker_elena35,username,elnea35@elenasite.net,email,0.571,0.0,0.0,0.0,1,0.0,1
ali kumar,name,+919032150374,phone,0.0,0.0,0.0,0.0,0,0.0,0
user_4946,username,site_6309.com,domain,0.364,0.0,0.0,0.0,0,0.0,0
michael_sharma,username,mich5ael_sharmacoder,username,0.824,0.824,0.0,0.0,0,0.0,1
user_3748,username,user_637,username,0.824,0.824,0.0,0.0,0,0.0,0
priya76@proton.me,email,rajeshsinghsite.com,domain,0.0,0.0,0.0,0.0,0,0.0,0
fatima tanaka,name,rajesh_gupta@outlook.com,email,0.24,0.0,0.0,0.0,0,0.0,0
elena tanaka,name,contact_9206@outlook.com,email,0.25,0.0,0.0,0.0,0,0.0,0
+917521726436,phone,ken37@yahoo.com,email,0.0,0.0,0.0,0.0,0,0.0,0
rajesh smith,name,rajesh miller,name,0.72,0.0,0.0,0.0,0,0.0,0
contact_9713@outlook.com,email,robert singh,name,0.167,0.0,0.0,0.0,0,0.0,0
rajesh_miller,username,lisa48@proton.me,email,0.105,0.0,0.0,0.0,0,0.0,0
user_5851,username,contact_8764@gmail.com,email,0.19,0.0,0.0,0.0,0,0.0,0
lisa9,username,rajesh miller,name,0.222,0.0,0.0,0.0,0,0.0,0
david patel,name,michael patel,name,0.625,0.0,0.0,0.0,0,0.0,0
hacker_lisa_patel,username,lisa_patl,username,0.692,0.692,0.0,0.0,2,0.0,1
contact_8668@proton.me,email,user_4322,username,0.095,0.0,0.0,0.0,0,0.0,0
contact_8279@outlook.com,email,site_9930.com,domain,0.0,0.0,0.0,0.0,0,0.0,0
hacker_carlos_sharma,username,lisa_patel@outlook.com,email,0.267,0.0,0.0,0.0,0,0.0,0
ananya singh,name,+916464177293,phone,0.0,0.0,0.0,0.0,0,0.0,0
rjaesh97,username,rajesh97@hotmail.com,email,0.875,0.0,0.0,0.0,0,0.0,1
emily johnson,name,site_2676.com,domain,0.154,0.0,0.0,0.0,0,0.0,0
david singh,name,contact_4080@gmail.com,email,0.087,0.0,0.0,0.0,0,0.0,0
site_5059.com,domain,+916462677843,phone,0.0,0.0,0.0,0.0,0,0.0,0
rajesh doe,name,contact_6330@gmail.com,email,0.182,0.0,0.0,0.0,0,0.0,0
rajesh_miller@proton.me,email,rajseh_miler,username,0.88,0.0,0.0,0.0,2,0.0,1
lisapatelsite.com,domain,elenasatosite.com,domain,0.0,0.0,0.0,0.0,0,0.0,0
+16443294810,phone,sara smith,name,0.0,0.0,0.0,0.0,3,0.0,1
user_4348,username,site_510.com,domain,0.286,0.0,0.0,0.0,0,0.0,0
jane sato,name,priya brown,name,0.3,0.0,0.0,0.0,0,0.0,0
carlossharmasite.com,domain,priya williams,name,0.294,0.0,0.0,0.0,0,0.0,0
elenatanakasite.com,domain,elena@customlab.org,email,0.0,0.0,0.0,0.0,0,0.0,1
rajeshmillersite.com,domain,rajesh miler,name,0.375,0.0,0.0,0.0,1,0.0,1
site_1541.com,domain,john sato,name,0.273,0.0,0.0,0.0,0,0.0,0
user_9295,username,+916829101498,phone,0.273,0.0,0.0,0.0,0,0.0,0
yuki_williams@gmail.com,email,lisa patel,name,0.261,0.0,0.0,0.0,0,0.0,0
contact_9856@hotmail.com,email,contact_6998@outlook.com,email,0.0,0.0,0.0,0.0,0,0.0,0
elena sharma,name,user_3575,username,0.19,0.0,0.0,0.0,0,0.0,0
+916672275127,phone,elena davis,name,0.0,0.0,0.0,0.0,0,0.0,0
+15692639547,phone,hacker_elena_tanaka,username,0.0,0.0,0.0,0.0,3,0.0,1
priya brown,name,+917185643633,phone,0.0,0.0,0.0,0.0,0,0.0,0
+13491643388,phone,rajeshsmithsite.com,domain,0.0,0.0,0.0,0.0,1,0.0,1
michael_williams,username,hacker_priya76,username,0.4,0.4,0.0,0.0,0,0.0,0
+919994107253,phone,faitma70,username,0.095,0.0,0.0,0.0,0,0.0,0
rajeshguptasite.com,domain,+917212115091,phone,0.0,0.0,0.0,0.0,0,0.0,0
rajeshmillersite.com,domain,elenadavissite.com,domain,0.0,0.0,0.0,0.0,0,0.0,0
michael_tanaka,username,lisa48,username,0.2,0.2,0.0,0.0,0,0.0,0
pria williams,name,+917684885731,phone,0.0,0.0,0.0,0.0,2,0.0,1
rahul77,username,michael_williams@proton.me,email,0.174,0.0,0.0,0.0,0,0.0,0
michael gupta,name,contact_884@hotmail.com,email,0.25,0.0,0.0,0.0,0,0.0,0
+916445177519,phone,contact_4226@outlook.com,email,0.0,0.0,0.0,0.0,0,0.0,0
contact_7106@gmail.com,email,user_3288,username,0.095,0.0,0.0,0.0,0,0.0,0
rajesh_singh@hotmail.com,email,+917684885731,phone,0.0,0.0,0.0,0.0,0,0.0,0
ali42,username,al kumar,name,0.308,0.0,0.0,0.0,0,0.0,1
priyasinghsite.com,domain,priya singh,name,0.69,0.0,0.0,0.0,1,0.0,1
amit_sharma,username,sara88,username,0.471,0.471,0.0,0.0,0,0.0,0
+918595924800,phone,davidsinghsite.com,domain,0.0,0.0,0.0,0.0,0,0.0,0
sara88coder,username,+917430387833,phone,0.167,0.0,0.0,0.0,0,0.0,1
ananya khan,name,naanyakhan,username,0.857,0.0,0.0,0.0,0,0.0,1
johnsmithsite.com,domain,ken_gupta,username,0.154,0.0,0.0,0.0,0,0.0,0
rajesh_martinez,username,fatim83,username,0.273,0.273,0.0,0.0,0,0.0,0
hacker_jane_singh,username,amit sharma,name,0.286,0.0,0.0,0.0,0,0.0,0
+917047187022,phone,prizya39,username,0.095,0.0,0.0,0.0,0,0.0,1
+13491643388,phone,hacker_rajesh64,username,0.148,0.0,0.0,0.0,2,0.0,1
+916043980201,phone,+916788360209,phone,0.0,0.0,0.0,0.0,0,0.0,0
+16443294810,phone,sara_msith,username,0.0,0.0,0.0,0.0,1,0.0,1
john davis,name,rajesh brown,name,0.273,0.0,0.0,0.0,0,0.0,0
johnlabs.net,domain,johngarciasite.com,domain,0.0,0.0,0.0,0.0,0,0.0,1
contact_827@gmail.com,email,site_6319.com,domain,0.0,0.0,0.0,0.0,0,0.0,0
hacker_rajesh_miller,username,rajesh miler,name,0.5,0.0,0.0,0.0,1,0.0,1
hacker_jane_johnson,username,jane_johnson@janesite.net,email,0.774,0.0,0.0,0.0,0,0.0,1
rajesh64@yahoo.com,email,+917212115091,phone,0.0,0.0,0.0,0.0,0,0.0,0
yuki_ahmed@outlook.com,email,rajesh_gupta@outlook.com,email,0.0,0.0,0.0,0.0,0,0.0,0
+917430387833,phone,sraa miller,name,0.0,0.0,0.0,0.0,1,0.0,1
contact_4719@hotmail.com,email,site_2336.com,domain,0.0,0.0,0.0,0.0,0,0.0,0
user_8879,username,user_4704,username,0.667,0.667,0.0,0.0,0,0.0,0
jane sato,name,ananyakhan,username,0.316,0.0,0.0,0.0,0,0.0,0
contact_5595@outlook.com,email,+916414416341,phone,0.0,0.0,0.0,0.0,0,0.0,0
+916705439601,phone,site_1855.com,domain,0.0,0.0,0.0,0.0,0,0.0,0
+919582781625,phone,lisa9,username,0.111,0.0,0.0,0.0,0,0.0,0
+12554553068,phone,rahul patel,name,0.0,0.0,0.0,0.0,2,0.0,1
+916819741182,phone,contact_6561@hotmail.com,email,0.0,0.0,0.0,0.0,0,0.0,0
+18606001900,phone,+919310858477,phone,0.0,0.0,0.0,0.0,1,0.0,1
kenb@customlab.org,email,hackerq_ken37,username,0.353,0.0,0.0,0.0,2,0.0,1
priyabrownsite.com,domain,+917430387833,phone,0.0,0.0,0.0,0.0,0,0.0,0
rajesh_singh,username,john garcia,name,0.435,0.0,0.0,0.0,0,0.0,0
user_8828,username,fatima johnson,name,0.087,0.0,0.0,0.0,0,0.0,0
+917047187022,phone,priy@customlab.org,email,0.0,0.0,0.0,0.0,0,0.0,1
johnjohnsonsite.com,domain,+919310858477,phone,0.0,0.0,0.0,0.0,0,0.0,0
elena51,username,lisaahmedsite.com,domain,0.167,0.0,0.0,0.0,0,0.0,0
site_4734.com,domain,user_2708,username,0.364,0.0,0.0,0.0,0,0.0,0
+916610739492,phone,contact_8439@yahoo.com,email,0.0,0.0,0.0,0.0,0,0.0,0
+919323536905,phone,elena davis,name,0.0,0.0,0.0,0.0,0,0.0,0
+919457189042,phone,+919387772934,phone,0.0,0.0,0.0,0.0,0,0.0,0
user_9206,username,amit garcia,name,0.1,0.0,0.0,0.0,0,0.0,0
john_garica,username,+919254703979,phone,0.0,0.0,0.0,0.0,0,0.0,1
michaelsharmasite.com,domain,hacker_jane_singh,username,0.368,0.0,0.0,0.0,0,0.0,0
michael_tanaka,username,lisapatelsite.com,domain,0.323,0.0,0.0,0.0,0,0.0,0
elena davis,name,fatima_patel@outlook.com,email,0.348,0.0,0.0,0.0,0,0.0,0
rajeshguptasite.com,domain,hacker_priya39,username,0.242,0.0,0.0,0.0,1,0.0,0
carlossharmasite.com,domain,johnsmithsite.com,domain,0.0,0.0,0.0,0.0,0,0.0,0
carlossharmasite.com,domain,carlos@customlab.org,email,0.0,0.0,0.0,0.0,3,0.0,1
rajeshmillersite.com,domain,michaelbrownsite.com,domain,0.0,0.0,0.0,0.0,0,0.0,0
user_6307,username,contact_7693@proton.me,email,0.286,0.0,0.0,0.0,0,0.0,0
rajeshmillersite.com,domain,yuki_ahmed,username,0.267,0.0,0.0,0.0,0,0.0,0
rahul khan,name,user_4323,username,0.105,0.0,0.0,0.0,0,0.0,0
priya39,username,+917047187022,phone,0.1,0.0,0.0,0.0,2,0.0,1
lisa brown,name,+917107621714,phone,0.0,0.0,0.0,0.0,0,0.0,0
rahulpatelsite.com,domain,aliahmedsite.com,domain,0.0,0.0,0.0,0.0,0,0.0,0
site_539.com,domain,user_6596,username,0.476,0.0,0.0,0.0,0,0.0,0
yuik ahmed,name,yuki_amhed,username,0.4,0.0,0.0,0.0,2,0.0,1
fatima70@hotmail.com,email,fatima70,username,1.0,0.0,0.0,1.0,2,0.0,1
lisadevisite.com,domain,lis4a8,username,0.364,0.0,0.0,0.0,2,0.0,1
rajeshmillersite.com,domain,rajesh mliler,name,0.364,0.0,0.0,0.0,1,0.0,1
+919589711983,phone,rajesh singh,name,0.0,0.0,0.0,0.0,1,0.0,0
contact_3115@proton.me,email,ananya gupta,name,0.25,0.0,0.0,0.0,0,0.0,0
+916433125865,phone,site_7672.com,domain,0.0,0.0,0.0,0.0,0,0.0,0
rahul77,username,+918981347325,phone,0.1,0.0,0.0,0.0,0,0.0,0
priya_williamscoder,username,rajesh_martinez@yahoo.com,email,0.294,0.0,0.0,0.0,0,0.0,0
rajeshsmithsite.com,domain,elenatanakasite.com,domain,0.0,0.0,0.0,0.0,0,0.0,0
john garcia,name,site_5941.com,domain,0.167,0.0,0.0,0.0,0,0.0,0
amit_sharma,username,emilybrownsite.com,domain,0.276,0.0,0.0,0.0,0,0.0,0
fatima83@outlook.com,email,fatima83,username,1.0,0.0,0.0,1.0,2,0.0,1
contact_1281@proton.me,email,contact_714@outlook.com,email,0.0,0.0,0.0,0.0,0,0.0,0
+13420505754,phone,naanyakhan,username,0.0,0.0,0.0,0.0,0,0.0,1
michael kumar,name,site_7363.com,domain,0.154,0.0,0.0,0.0,0,0.0,0
rajeshsmithsite.com,domain,rajesh_martinez@yahoo.com,email,0.0,0.0,0.0,0.0,1,0.0,0
+916219594712,phone,contact_2915@hotmail.com,email,0.0,0.0,0.0,0.0,0,0.0,0
site_539.com,domain,user_1293,username,0.381,0.0,0.0,0.0,0,0.0,0
user_4555,username,site_6908.com,domain,0.273,0.0,0.0,0.0,0,0.0,0
user_5967,username,rajesh singh,name,0.095,0.0,0.0,0.0,0,0.0,0
priya devi,name,site_4627.com,domain,0.087,0.0,0.0,0.0,0,0.0,0
elena williams,name,contact_5386@proton.me,email,0.154,0.0,0.0,0.0,0,0.0,0
jane singh,name,davidsinghsite.com,domain,0.429,0.0,0.0,0.0,0,0.0,0
+919243258548,phone,elenadavissite.com,domain,0.0,0.0,0.0,0.0,1,0.0,0
+916820775899,phone,contact_5910@outlook.com,email,0.0,0.0,0.0,0.0,0,0.0,0
emily_brwon,username,emilyb_rown,username,0.818,0.818,0.0,0.0,0,0.0,1
jane_snigh,username,jane@customlab.org,email,0.571,0.0,0.0,0.0,2,0.0,1
michael_borwn,username,michaelsharmasite.com,domain,0.471,0.0,0.0,0.0,0,0.0,0
michael_williams@proton.me,email,+918963267690,phone,0.0,0.0,0.0,0.0,0,0.0,0
jane johnson,name,priyabrownsite.com,domain,0.333,0.0,0.0,0.0,1,0.0,0
yuki_williams@gmail.com,email,lisadevisite.com,domain,0.0,0.0,0.0,0.0,0,0.0,0
elenasatosite.com,domain,yuki devi,name,0.154,0.0,0.0,0.0,0,0.0,0
user_6618,username,contact_6089@gmail.com,email,0.286,0.0,0.0,0.0,0,0.0,0
johngarciasite.com,domain,sraa_smith,username,0.357,0.0,0.0,0.0,0,0.0,0
david38,username,+918595924800,phone,0.1,0.0,0.0,0.0,0,0.0,0
sarasmithsite.com,domain,michael_borwn,username,0.333,0.0,0.0,0.0,0,0.0,0
+917684885731,phone,fatim83,username,0.2,0.0,0.0,0.0,0,0.0,0
michael_borwn,username,fatima83@outlook.com,email,0.19,0.0,0.0,0.0,0,0.0,0
lisapatelsite.com,domain,+917430387833,phone,0.0,0.0,0.0,0.0,0,0.0,0
rajesh miller,name,rajesh68,username,0.571,0.0,0.0,0.0,2,0.0,1
+916552934587,phone,amit garcia,name,0.0,0.0,0.0,0.0,0,0.0,0
lisa92,username,lisa92coder,username,0.706,0.706,0.0,0.0,0,0.0,1
+916547946476,phone,user_5223,username,0.091,0.0,0.0,0.0,0,0.0,0
michael sharma,name,rajesh martinez,name,0.414,0.0,0.0,0.0,0,0.0,0
rajesh_gupta@outlook.com,email,john_garcia@outlook.com,email,0.0,0.0,0.0,0.0,0,0.0,0
carlos_sharma,username,+12299280777,phone,0.0,0.0,0.0,0.0,2,0.0,1
elena51,username,lisa devi,name,0.375,0.0,0.0,0.0,0,0.0,0
user_718,username,jane johnson,name,0.1,0.0,0.0,0.0,0,0.0,0
+916251167740,phone,contact_9713@outlook.com,email,0.0,0.0,0.0,0.0,0,0.0,0
rajesh gupta,name,rajesh_miller@proton.me,email,0.48,0.0,0.0,0.0,0,0.0,0
lisadevisite.com,domain,+918981347325,phone,0.0,0.0,0.0,0.0,0,0.0,0
+916116528967,phone,contact_3405@yahoo.com,email,0.0,0.0,0.0,0.0,0,0.0,0
lisa patel,name,fatima83@outlook.com,email,0.222,0.0,0.0,0.0,0,0.0,0
john_garica,username,+18397435820,phone,0.0,0.0,0.0,0.0,0,0.0,1
lisadevisite.com,domain,+917658170004,phone,0.0,0.0,0.0,0.0,1,0.0,1
contact_9868@proton.me,email,site_1825.com,domain,0.0,0.0,0.0,0.0,0,0.0,0
amit johnson,name,+918475056187,phone,0.0,0.0,0.0,0.0,0,0.0,0
rajesh_miller,username,+919376816771,phone,0.0,0.0,0.0,0.0,1,0.0,0
fatima johnson,name,contact_5731@hotmail.com,email,0.154,0.0,0.0,0.0,0,0.0,0
user_341,username,user_8824,username,0.706,0.706,0.0,0.0,1,0.0,0
rahul77,username,yuki williams,name,0.2,0.0,0.0,0.0,0,0.0,0
ali42coder,username,ail42,username,0.533,0.533,0.0,0.0,2,0.0,1
fatima_patel@outlook.com,email,hacker_fatima_patel,username,0.774,0.0,0.0,0.0,2,0.0,1
rajeshsinghsite.com,domain,johnsmithsite.com,domain,0.0,0.0,0.0,0.0,0,0.0,0
+916955578290,phone,site_2251.com,domain,0.0,0.0,0.0,0.0,0,0.0,0
rajeshkhansite.com,domain,+919582781625,phone,0.0,0.0,0.0,0.0,0,0.0,0
user_1586,username,user_7970,username,0.556,0.556,0.0,0.0,0,0.0,0
ali kumar,name,jane_johnson@hotmail.com,email,0.095,0.0,0.0,0.0,0,0.0,0
+919243258548,phone,+919837615419,phone,0.0,0.0,0.0,0.0,0,0.0,0
robert singh,name,user_8824,username,0.19,0.0,0.0,0.0,0,0.0,0
john singh,name,+916523648129,phone,0.0,0.0,0.0,0.0,0,0.0,0
ananya_khan@proton.me,email,priyawilliamssite.com,domain,0.0,0.0,0.0,0.0,0,0.0,0
michael tanaka,name,sara_smith@hotmail.com,email,0.25,0.0,0.0,0.0,0,0.0,0
elena garcia,name,site_1417.com,domain,0.16,0.0,0.0,0.0,0,0.0,0
fatima devi,name,+916655459946,phone,0.0,0.0,0.0,0.0,0,0.0,0
priya tanaka,name,user_5261,username,0.095,0.0,0.0,0.0,0,0.0,0
carlos williams,name,yuki devi,name,0.167,0.0,0.0,0.0,0,0.0,0
johnsmithsite.com,domain,hacker_john_ahmed,username,0.353,0.0,0.0,0.0,0,0.0,0
hacker_john_johnsondev.org,domain,hakcer_john_johnson,username,0.8,0.0,0.0,0.0,0,0.0,1
yuki doe,name,+916026533033,phone,0.0,0.0,0.0,0.0,0,0.0,0
ilsa@customlab.org,email,lisa dervi,name,0.571,0.0,0.0,0.0,3,0.0,1
user_4310,username,contact_1193@hotmail.com,email,0.19,0.0,0.0,0.0,0,0.0,0
user_1236,username,contact_5352@yahoo.com,email,0.19,0.0,0.0,0.0,0,0.0,0
ken gupta,name,john johnson,name,0.19,0.0,0.0,0.0,0,0.0,0
emily tanaka,name,amit singh,name,0.364,0.0,0.0,0.0,0,0.0,0
site_4931.com,domain,contact_164@yahoo.com,email,0.0,0.0,0.0,0.0,0,0.0,0
ali kumar,name,ali42@proton.me,email,0.429,0.0,0.0,0.0,0,0.0,1
+916769208966,phone,+916254665278,phone,0.0,0.0,0.0,0.0,0,0.0,0
user_6468,username,+916585626220,phone,0.182,0.0,0.0,0.0,0,0.0,0
rahul77,username,johnsmithsite.com,domain,0.083,0.0,0.0,0.0,1,0.0,0
+13361204236,phone,hacker_lias77,username,0.0,0.0,0.0,0.0,0,0.0,1
lisabrownsite.com,domain,sara miller,name,0.286,0.0,0.0,0.0,0,0.0,0
+17431136938,phone,hacker_yuki_devi,username,0.0,0.0,0.0,0.0,2,0.0,1
lisa ahmed,name,michael_williams@proton.me,email,0.385,0.0,0.0,0.0,0,0.0,0
alilabs.net,domain,ali_ahmed@yahoo.com,email,0.0,0.0,0.0,0.0,2,0.0,1
+916613492850,phone,site_7840.com,domain,0.0,0.0,0.0,0.0,0,0.0,0
lias_patel,username,+14850779746,phone,0.0,0.0,0.0,0.0,2,0.0,1
lisa devi,name,ilsa@customlab.org,email,0.615,0.0,0.0,0.0,2,0.0,1
lisa9,username,rajesh_miller,username,0.111,0.111,0.0,0.0,0,0.0,0
michael_sharma@yahoo.com,email,rahul patel,name,0.4,0.0,0.0,0.0,0,0.0,0
amit@customlab.org,email,mit_johnson,username,0.4,0.0,0.0,0.0,3,0.0,1
user_6816,username,emily johnson,name,0.091,0.0,0.0,0.0,0,0.0,0
site_5786.com,domain,+916824988592,phone,0.0,0.0,0.0,0.0,0,0.0,0
jken80,username,amitjohnsonsite.com,domain,0.16,0.0,0.0,0.0,0,0.0,0
fatima_patel@outlook.com,email,fatima@customlab.org,email,0.0,0.0,0.0,0.0,0,0.0,1
+919837615419,phone,rajesh_martinez,username,0.0,0.0,0.0,0.0,1,0.0,1
carlossharmasite.com,domain,+919596703526,phone,0.0,0.0,0.0,0.0,2,0.0,0
rajesh_singh@hotmail.com,email,ait_johnson,username,0.435,0.0,0.0,0.0,0,0.0,0
user_9095,username,+916547999146,phone,0.182,0.0,0.0,0.0,0,0.0,0
+14681632915,phone,lsia@customlab.org,email,0.0,0.0,0.0,0.0,2,0.0,1
+918595924800,phone,amitjohnsonsite.com,domain,0.0,0.0,0.0,0.0,0,0.0,0
johnlabs.net,domain,john15,username,0.444,0.0,0.0,0.0,1,0.0,1
+918183223644,phone,michael_williams@proton.me,email,0.0,0.0,0.0,0.0,0,0.0,0
+916412365713,phone,ali doe,name,0.0,0.0,0.0,0.0,0,0.0,0
+917430387833,phone,+918687709408,phone,0.0,0.0,0.0,0.0,0,0.0,0
+916445253942,phone,+916661054403,phone,0.0,0.0,0.0,0.0,0,0.0,0
user_4002,username,user_9206,username,0.667,0.667,0.0,0.0,0,0.0,0
contact_7701@hotmail.com,email,+916487230985,phone,0.0,0.0,0.0,0.0,0,0.0,0
jane3@janesite.net,email,jane35coder,username,0.625,0.0,0.0,0.0,1,0.0,1
+916732958579,phone,contact_9320@yahoo.com,email,0.0,0.0,0.0,0.0,0,0.0,0
yuki_devi,username,fatima devi,name,0.4,0.0,0.0,0.0,0,0.0,0
rajesh68@gmail.com,email,rahul77@outlook.com,email,0.0,0.0,0.0,0.0,0,0.0,0
hacker_rajesh_gupta,username,yukiahmedsite.com,domain,0.278,0.0,0.0,0.0,0,0.0,0
ali_ahmed,username,rajesh_singh,username,0.286,0.286,0.0,0.0,1,0.0,0
carlos_sharma@hotmail.com,email,rajesh_singh,username,0.4,0.0,0.0,0.0,0,0.0,0
+916928251883,phone,contact_8633@yahoo.com,email,0.0,0.0,0.0,0.0,0,0.0,0
hacker_david38,username,+919733959353,phone,0.074,0.0,0.0,0.0,2,0.0,1
site_8502.com,domain,contact_9737@gmail.com,email,0.0,0.0,0.0,0.0,0,0.0,0
+919994107253,phone,priya39@gmail.com,email,0.0,0.0,0.0,0.0,0,0.0,0
ait_jlohnson,username,mit_johnson,username,0.87,0.87,0.0,0.0,0,0.0,1
+919596703526,phone,+18258444177,phone,0.0,0.0,0.0,0.0,1,0.0,1
site_5979.com,domain,ali ahmed,name,0.091,0.0,0.0,0.0,0,0.0,0
david patel,name,user_3410,username,0.1,0.0,0.0,0.0,0,0.0,0
rajesh khan,name,michaeltanakasite.com,domain,0.312,0.0,0.0,0.0,0,0.0,0
ait_johnson,username,+17016107865,phone,0.0,0.0,0.0,0.0,3,0.0,1
priya johnson,name,amit tanaka,name,0.167,0.0,0.0,0.0,0,0.0,0
ail42,username,ali42,username,0.8,0.8,0.0,0.0,1,0.0,1
yuki ahmed,name,rajesh_martinez@yahoo.com,email,0.32,0.0,0.0,0.0,0,0.0,0
site_6806.com,domain,contact_6673@outlook.com,email,0.0,0.0,0.0,0.0,0,0.0,0
neha garcia,name,user_5576,username,0.1,0.0,0.0,0.0,0,0.0,0
lisa770,username,+919387772934,phone,0.2,0.0,0.0,0.0,0,0.0,1
site_3778.com,domain,user_5300,username,0.364,0.0,0.0,0.0,0,0.0,0
site_407.com,domain,user_5705,username,0.381,0.0,0.0,0.0,0,0.0,0
user_7689,username,user_3309,username,0.667,0.667,0.0,0.0,0,0.0,0
ken garcia,name,fatimapatelsite.com,domain,0.276,0.0,0.0,0.0,0,0.0,0
john ahmed,name,michael_tanaka@gmail.com,email,0.25,0.0,0.0,0.0,0,0.0,0
+916856280871,phone,contact_8555@proton.me,email,0.0,0.0,0.0,0.0,0,0.0,0
+919596703526,phone,lisa brown,name,0.0,0.0,0.0,0.0,0,0.0,0
fatima patel,name,contact_4688@proton.me,email,0.25,0.0,0.0,0.0,0,0.0,0
lisa92@gmail.com,email,lisa tanaka,name,0.471,0.0,0.0,0.0,0,0.0,1
lisa_patel@outlook.com,email,lisa_patl,username,0.947,0.0,0.0,0.0,0,0.0,1
contact_3269@yahoo.com,email,+916195334935,phone,0.0,0.0,0.0,0.0,0,0.0,0
+916179695727,phone,john khan,name,0.0,0.0,0.0,0.0,0,0.0,0
+919640160203,phone,jane_singh@gmail.com,email,0.0,0.0,0.0,0.0,1,0.0,1
+919457189042,phone,ananyakhansite.com,domain,0.0,0.0,0.0,0.0,0,0.0,0
+919994107253,phone,fatim83,username,0.1,0.0,0.0,0.0,2,0.0,1
ananya sharma,name,user_9822,username,0.182,0.0,0.0,0.0,0,0.0,0
+919916712744,phone,fatima devi,name,0.0,0.0,0.0,0.0,0,0.0,0
+918338710195,phone,michael brown,name,0.0,0.0,0.0,0.0,0,0.0,0
johngarciasite.com,domain,hacke_rjohn_garcia,username,0.556,0.0,0.0,0.0,1,0.0,1
jane johnson,name,john ahmed,name,0.636,0.0,0.0,0.0,0,0.0,0
elena1,username,elena51coder,username,0.667,0.667,0.0,0.0,1,0.0,1
priya39,username,prizya39,username,0.933,0.933,0.0,0.0,0,0.0,1
+916564220066,phone,contact_6439@yahoo.com,email,0.0,0.0,0.0,0.0,0,0.0,0
rajesh martinz,name,rajesh_martinezdev.org,domain,0.444,0.0,0.0,0.0,2,0.0,1
site_723.com,domain,site_2845.com,domain,0.0,0.0,0.0,0.0,0,0.0,0
sara88coder,username,asra88,username,0.588,0.588,0.0,0.0,1,0.0,1
amit_johnson@outlook.com,email,johnsmithsite.com,domain,0.0,0.0,0.0,0.0,0,0.0,0
yuki gupta,name,contact_7110@hotmail.com,email,0.182,0.0,0.0,0.0,0,0.0,0
rajeshmartinezsite.com,domain,+917107621714,phone,0.0,0.0,0.0,0.0,0,0.0,0
davidsinghsite.com,domain,lisa9,username,0.174,0.0,0.0,0.0,0,0.0,0
+19573061161,phone,fatima70coder,username,0.16,0.0,0.0,0.0,0,0.0,1
rahul patel,name,+919837615419,phone,0.0,0.0,0.0,0.0,0,0.0,0
contact_8668@proton.me,email,emily davis,name,0.087,0.0,0.0,0.0,0,0.0,0
contact_1162@gmail.com,email,site_8930.com,domain,0.0,0.0,0.0,0.0,0,0.0,0
+916412365713,phone,carlos smith,name,0.0,0.0,0.0,0.0,0,0.0,0
john_johns2on,username,hacker_john_johnsondev.org,domain,0.615,0.0,0.0,0.0,0,0.0,1
sraa_smith,username,elena sato,name,0.3,0.0,0.0,0.0,0,0.0,0
ken_gupta@kensite.net,email,ken_guptadev.org,domain,0.0,0.0,0.0,0.0,0,0.0,1
ken_gupta,username,sarasmithsite.com,domain,0.077,0.0,0.0,0.0,0,0.0,0
rajeshsinghsite.com,domain,rajseh_singh,username,0.645,0.0,0.0,0.0,2,0.0,1
user_4389,username,contact_5112@hotmail.com,email,0.095,0.0,0.0,0.0,0,0.0,0
+916848996954,phone,+916801742147,phone,0.0,0.0,0.0,0.0,0,0.0,0
john_hmed,username,hcaker_john_ahmed,username,0.692,0.692,0.0,0.0,2,0.0,1
+918335090736,phone,priya_williams@yahoo.com,email,0.0,0.0,0.0,0.0,0,0.0,0
johnlabs.net,domain,ojhn ahmed,name,0.273,0.0,0.0,0.0,0,0.0,1
ali42@proton.me,email,rajesh68@gmail.com,email,0.0,0.0,0.0,0.0,0,0.0,0
pria williams,name,priya_williams,username,0.889,0.0,0.0,0.0,1,0.0,1
user_9495,username,user_988,username,0.706,0.706,0.0,0.0,0,0.0,0
site_1319.com,domain,user_9965,username,0.364,0.0,0.0,0.0,0,0.0,0
jane_johnson,username,ananyakhan,username,0.364,0.364,0.0,0.0,0,0.0,0
contact_7401@yahoo.com,email,+916758007333,phone,0.0,0.0,0.0,0.0,0,0.0,0
lisa patel,name,+918335090736,phone,0.0,0.0,0.0,0.0,0,0.0,0
lisa brown,name,rajeshkhansite.com,domain,0.214,0.0,0.0,0.0,0,0.0,0
site_9161.com,domain,site_4266.com,domain,0.0,0.0,0.0,0.0,0,0.0,0
+916707754938,phone,contact_1002@gmail.com,email,0.0,0.0,0.0,0.0,0,0.0,0
michaelwilliamssite.com,domain,michael_wirlliams,username,0.75,0.0,0.0,0.0,3,0.0,1
contact_714@outlook.com,email,ananya tanaka,name,0.25,0.0,0.0,0.0,1,0.0,0
+919596703526,phone,sarasmithsite.com,domain,0.0,0.0,0.0,0.0,0,0.0,0
+916180454120,phone,user_9532,username,0.273,0.0,0.0,0.0,0,0.0,0
site_487.com,domain,contact_2964@proton.me,email,0.0,0.0,0.0,0.0,0,0.0,0
+917521726436,phone,alilabs.net,domain,0.0,0.0,0.0,0.0,0,0.0,1
+916947246507,phone,user_2722,username,0.182,0.0,0.0,0.0,0,0.0,0
user_421,username,robert tanaka,name,0.19,0.0,0.0,0.0,0,0.0,0
hacker_priya76,username,praiya76,username,0.636,0.636,0.0,0.0,1,0.0,1
yuki_devi,username,yuki_devi@yukisite.net,email,1.0,0.0,0.0,1.0,0,0.0,1
ali patel,name,site_8384.com,domain,0.273,0.0,0.0,0.0,0,0.0,0
amit srharma,name,aimt_sharma,username,0.783,0.0,0.0,0.0,2,0.0,1
hacker_ken80,username,ken garcia,name,0.455,0.0,0.0,0.0,0,0.0,1
priya39,username,prya3g9,username,0.857,0.857,0.0,0.0,2,0.0,1
rajeshsmithsite.com,domain,hacker_john_johnson,username,0.316,0.0,0.0,0.0,0,0.0,0
david38,username,+917430387833,phone,0.2,0.0,0.0,0.0,0,0.0,0
rajesh miller,name,yuki williams,name,0.385,0.0,0.0,0.0,0,0.0,0
site_4332.com,domain,rajesh gupta,name,0.16,0.0,0.0,0.0,0,0.0,0
site_3799.com,domain,+916732457821,phone,0.0,0.0,0.0,0.0,0,0.0,0
site_2088.com,domain,site_2863.com,domain,0.0,0.0,0.0,0.0,0,0.0,0
sara_smith@hotmail.com,email,ken_gupta@outlook.com,email,0.0,0.0,0.0,0.0,0,0.0,0
hacker_ken80,username,jken08,username,0.444,0.444,0.0,0.0,2,0.0,1
user_611,username,user_5910,username,0.706,0.706,0.0,0.0,0,0.0,0
lisa92coder,username,lisalabs.net,domain,0.435,0.0,0.0,0.0,0,0.0,1
contact_5484@outlook.com,email,contact_2072@outlook.com,email,0.0,0.0,0.0,0.0,0,0.0,0
rajesh_singh,username,lisa48@proton.me,email,0.111,0.0,0.0,0.0,0,0.0,0
john_johnson@hotmail.com,email,johnc johnson,name,0.88,0.0,0.0,0.0,2,0.0,1
contact_3239@gmail.com,email,site_2080.com,domain,0.0,0.0,0.0,0.0,0,0.0,0
hackerq_ken37,username,ken37@yahoo.com,email,0.556,0.0,0.0,0.0,2,0.0,1
+918733759412,phone,lisa@customlab.org,email,0.0,0.0,0.0,0.0,1,0.0,1
site_5941.com,domain,contact_9811@outlook.com,email,0.0,0.0,0.0,0.0,0,0.0,0
ken_gupta@kensite.net,email,kenguptasite.com,domain,0.0,0.0,0.0,0.0,2,0.0,1
user_4750,username,user_7081,username,0.778,0.778,0.0,0.0,0,0.0,0
ken80,username,ken garcia,name,0.4,0.0,0.0,0.0,0,0.0,1
+919310858477,phone,elena35@yahoo.com,email,0.0,0.0,0.0,0.0,2,0.0,1
mich5ael_sharmacoder,username,michael_sharmacoderdev.org,domain,0.826,0.0,0.0,0.0,0,0.0,1
+918687709408,phone,amit_sharma,username,0.0,0.0,0.0,0.0,0,0.0,0
aliahmedsite.com,domain,+918183223644,phone,0.0,0.0,0.0,0.0,0,0.0,0
lisa taanka,name,lisalabs.net,domain,0.522,0.0,0.0,0.0,2,0.0,1
contact_3205@gmail.com,email,elena kumar,name,0.174,0.0,0.0,0.0,0,0.0,0
+918335090736,phone,+917521726436,phone,0.0,0.0,0.0,0.0,0,0.0,0
contact_9677@hotmail.com,email,user_4670,username,0.286,0.0,0.0,0.0,0,0.0,0
user_4535,username,contact_315@outlook.com,email,0.3,0.0,0.0,0.0,0,0.0,0
jane35@gmail.com,email,michaeltanakasite.com,domain,0.0,0.0,0.0,0.0,0,0.0,0
rajesh@customlab.org,email,+19048490232,phone,0.0,0.0,0.0,0.0,3,0.0,1
hacker_lisa_patel,username,+918335090736,phone,0.0,0.0,0.0,0.0,0,0.0,1
+919376816771,phone,john_ahmed@hotmail.com,email,0.0,0.0,0.0,0.0,0,0.0,0
emily brown,name,amitjohnsonsite.com,domain,0.267,0.0,0.0,0.0,0,0.0,0
elenadavissite.com,domain,michael_sharma@yahoo.com,email,0.0,0.0,0.0,0.0,0,0.0,0
michael tanaka,name,elenatanakasite.com,domain,0.485,0.0,0.0,0.0,0,0.0,0
jane miller,name,+916944440625,phone,0.0,0.0,0.0,0.0,0,0.0,0
+916859957950,phone,+916489416319,phone,0.0,0.0,0.0,0.0,0,0.0,0
contact_2472@yahoo.com,email,contact_4933@yahoo.com,email,0.0,0.0,0.0,0.0,0,0.0,0
carlos kumar,name,user_6903,username,0.19,0.0,0.0,0.0,0,0.0,0
michael_brown@hotmail.com,email,michael brown,name,0.538,0.0,0.0,0.0,0,0.0,1
site_1251.com,domain,site_4450.com,domain,0.0,0.0,0.0,0.0,0,0.0,0
site_1167.com,domain,user_1512,username,0.455,0.0,0.0,0.0,0,0.0,0
+918595924800,phone,ken37@yahoo.com,email,0.0,0.0,0.0,0.0,0,0.0,0
user_6816,username,user_341,username,0.706,0.706,0.0,0.0,0,0.0,0
rajesh_singh@hotmail.com,email,elenadavissite.com,domain,0.0,0.0,0.0,0.0,0,0.0,0
carlossharmasite.com,domain,yuki_ahmed,username,0.267,0.0,0.0,0.0,0,0.0,0
priya3g9,username,priy@customlab.org,email,0.667,0.0,0.0,0.0,1,0.0,1
lsia@customlab.org,email,lisa_ahed,username,0.462,0.0,0.0,0.0,0,0.0,1
user_9086,username,yuki ahmed,name,0.105,0.0,0.0,0.0,0,0.0,0
michael brown,name,+916313092643,phone,0.0,0.0,0.0,0.0,0,0.0,0
elena tanaka,name,elenatanakasite.com,domain,0.71,0.0,0.0,0.0,3,0.0,1
+917327141441,phone,amitjohnsonsite.com,domain,0.0,0.0,0.0,0.0,1,0.0,1
+919582781625,phone,hacker_jane_johnsno,username,0.0,0.0,0.0,0.0,1,0.0,1
+918183223644,phone,johngarciasite.com,domain,0.0,0.0,0.0,0.0,0,0.0,0
priya tanaka,name,user_7081,username,0.095,0.0,0.0,0.0,2,0.0,0
kengarciasite.com,domain,jane35@gmail.com,email,0.0,0.0,0.0,0.0,0,0.0,0
rajesh_miller@rajeshsite.net,email,rajesh_miller@proton.me,email,0.0,0.0,0.0,0.0,2,0.0,1
contact_8104@outlook.com,email,ken gupta,name,0.19,0.0,0.0,0.0,0,0.0,0
rahul77@outlook.com,email,+918963267690,phone,0.0,0.0,0.0,0.0,2,0.0,1
+919916712744,phone,john_ahmed@hotmail.com,email,0.0,0.0,0.0,0.0,0,0.0,0
michael@customlab.org,email,michael_williamsdev.org,domain,0.0,0.0,0.0,0.0,0,0.0,1
user_1364,username,user_5950,username,0.556,0.556,0.0,0.0,2,0.0,0
site_8016.com,domain,elena gupta,name,0.083,0.0,0.0,0.0,0,0.0,0
priyalabs.net,domain,priya_willmiams,username,0.571,0.0,0.0,0.0,2,0.0,1
david gupta,name,+916702928709,phone,0.0,0.0,0.0,0.0,0,0.0,0
amit smith,name,contact_1705@outlook.com,email,0.182,0.0,0.0,0.0,0,0.0,0
ken gupta,name,rajesh_miller,username,0.182,0.0,0.0,0.0,0,0.0,0
sara tanaka,name,contact_6710@proton.me,email,0.174,0.0,0.0,0.0,0,0.0,0
site_1424.com,domain,user_7269,username,0.364,0.0,0.0,0.0,0,0.0,0
+19452583744,phone,hacker_john_johnsondev.org,domain,0.0,0.0,0.0,0.0,1,0.0,1
priya smith,name,site_7330.com,domain,0.25,0.0,0.0,0.0,0,0.0,0
ali_ahmd,username,+13982850421,phone,0.0,0.0,0.0,0.0,1,0.0,1
lisapatelsite.com,domain,elenatanakasite.com,domain,0.0,0.0,0.0,0.0,0,0.0,0
rajeshsmithsite.com,domain,+917336835980,phone,0.0,0.0,0.0,0.0,0,0.0,0
+916547999146,phone,+916825525740,phone,0.0,0.0,0.0,0.0,0,0.0,0
rajesh martinez,name,+919376816771,phone,0.0,0.0,0.0,0.0,0,0.0,0
site_7741.com,domain,site_8999.com,domain,0.0,0.0,0.0,0.0,0,0.0,0
+17822494780,phone,+917912548711,phone,0.0,0.0,0.0,0.0,0,0.0,1
emily sharma,name,rahul davis,name,0.348,0.0,0.0,0.0,0,0.0,0
+918965178657,phone,+919582781625,phone,0.0,0.0,0.0,0.0,0,0.0,0
+15444833329,phone,+919323536905,phone,0.0,0.0,0.0,0.0,2,0.0,1
lsia@customlab.org,email,lisaahmedsite.com,domain,0.0,0.0,0.0,0.0,0,0.0,1
rajesh_singh@hotmail.com,email,rajesh singh,name,0.917,0.0,0.0,0.0,1,0.0,1
+916065517166,phone,user_9822,username,0.091,0.0,0.0,0.0,0,0.0,0
hacker_davvid38,username,davidsinghsite.com,domain,0.303,0.0,0.0,0.0,1,0.0,1
rahul77@outlook.com,email,john_garcia@outlook.com,email,0.0,0.0,0.0,0.0,0,0.0,0
hacker_lisa_atel,username,lias_patel,username,0.615,0.615,0.0,0.0,0,0.0,1
jane3@janesite.net,email,+917912548711,phone,0.0,0.0,0.0,0.0,0,0.0,1
contact_2066@gmail.com,email,site_5555.com,domain,0.0,0.0,0.0,0.0,0,0.0,0
elenasatosite.com,domain,priya singh,name,0.214,0.0,0.0,0.0,0,0.0,0
ken brown,name,site_2845.com,domain,0.091,0.0,0.0,0.0,0,0.0,0
ananya miller,name,+916509080356,phone,0.0,0.0,0.0,0.0,0,0.0,0
+916342395566,phone,contact_5476@gmail.com,email,0.0,0.0,0.0,0.0,0,0.0,0
+917759419129,phone,rajesh_miller@proton.me,email,0.0,0.0,0.0,0.0,0,0.0,0
contact_8329@yahoo.com,email,yuki miller,name,0.0,0.0,0.0,0.0,1,0.0,0
yuki_devi,username,lisa48,username,0.133,0.133,0.0,0.0,0,0.0,0
pria williams,name,priya williams,name,0.963,0.0,0.0,0.0,1,0.0,1
fatima devi,name,rajesh64@yahoo.com,email,0.105,0.0,0.0,0.0,0,0.0,0
user_2905,username,david smith,name,0.1,0.0,0.0,0.0,0,0.0,0
rahul77@outlook.com,email,rahulpatelsite.com,domain,0.0,0.0,0.0,0.0,1,0.0,1
michael_sharm,username,michael_sharmacoder,username,0.812,0.812,0.0,0.0,0,0.0,1
+919640160203,phone,+917430387833,phone,0.0,0.0,0.0,0.0,0,0.0,0
fatimalabs.net,domain,fatimadevisite.com,domain,0.0,0.0,0.0,0.0,3,0.0,1
hacker_john_garcia,username,hacke_rjohn_garcia,username,0.944,0.944,0.0,0.0,0,0.0,1
+916193201214,phone,michael khan,name,0.0,0.0,0.0,0.0,0,0.0,0
michael_brown@hotmail.com,email,michaelbrownsite.com,domain,0.0,0.0,0.0,0.0,0,0.0,1
+919804281916,phone,+918338710195,phone,0.0,0.0,0.0,0.0,0,0.0,0
michaelg_borwn,username,michael_bronw,username,0.815,0.815,0.0,0.0,1,0.0,1
michael_tanaka,username,priyabrownsite.com,domain,0.188,0.0,0.0,0.0,0,0.0,0
user_5800,username,contact_9163@gmail.com,email,0.095,0.0,0.0,0.0,0,0.0,0
hacker_priya76@priyasite.net,email,acker_priya76,username,0.963,0.0,0.0,0.0,0,0.0,1
ananya khan,name,+13420505754,phone,0.0,0.0,0.0,0.0,0,0.0,1
john_garcia@outlook.com,email,+18397435820,phone,0.0,0.0,0.0,0.0,1,0.0,1
priya singh,name,+917212115091,phone,0.0,0.0,0.0,0.0,0,0.0,0
+916432135093,phone,carlos jones,name,0.0,0.0,0.0,0.0,0,0.0,0
faitma70,username,fatima patel,name,0.5,0.0,0.0,0.0,0,0.0,0
hacker_john_ahmed@johnsite.net,email,johnlabs.net,domain,0.0,0.0,0.0,0.0,2,0.0,1
site_8631.com,domain,contact_8469@proton.me,email,0.0,0.0,0.0,0.0,0,0.0,0
lisadevisite.com,domain,rajesh_martinez@yahoo.com,email,0.0,0.0,0.0,0.0,0,0.0,0
saramillersite.com,domain,lisaahmedsite.com,domain,0.0,0.0,0.0,0.0,0,0.0,0
michaeltanakasite.com,domain,fatimatanakasite.com,domain,0.0,0.0,0.0,0.0,0,0.0,0
emilybrownsite.com,domain,+918963267690,phone,0.0,0.0,0.0,0.0,0,0.0,0
+919666362423,phone,ken80@gmail.com,email,0.0,0.0,0.0,0.0,1,0.0,0
jane3,username,jane35,username,0.909,0.909,0.0,0.0,2,0.0,1
lisaahmedsite.com,domain,hacker_emily_brown,username,0.229,0.0,0.0,0.0,0,0.0,0
contact_9778@hotmail.com,email,user_2676,username,0.19,0.0,0.0,0.0,0,0.0,0
contact_2086@proton.me,email,site_4477.com,domain,0.0,0.0,0.0,0.0,0,0.0,0
rajesh_martinez@yahoo.com,email,david singh,name,0.308,0.0,0.0,0.0,0,0.0,0
michaelwilliamssite.com,domain,yuki ahmed,name,0.182,0.0,0.0,0.0,0,0.0,0
rajesh sato,name,user_2373,username,0.1,0.0,0.0,0.0,0,0.0,0
yuki_wililams,username,lisa_ahmed@proton.me,email,0.348,0.0,0.0,0.0,0,0.0,0
priya devi,name,contact_9736@proton.me,email,0.091,0.0,0.0,0.0,0,0.0,0
sarasmithsite.com,domain,lisapatelsite.com,domain,0.0,0.0,0.0,0.0,0,0.0,0
site_5540.com,domain,ali davis,name,0.091,0.0,0.0,0.0,0,0.0,0
+916866335232,phone,+916099113942,phone,0.0,0.0,0.0,0.0,0,0.0,0
user_4750,username,+916158399855,phone,0.091,0.0,0.0,0.0,0,0.0,0
contact_3833@outlook.com,email,elena sharma,name,0.167,0.0,0.0,0.0,0,0.0,0
user_2191,username,site_412.com,domain,0.381,0.0,0.0,0.0,0,0.0,0
lisa92,username,lisalabs.net,domain,0.444,0.0,0.0,0.0,1,0.0,1
user_5027,username,john davis,name,0.105,0.0,0.0,0.0,0,0.0,0
hacker_lisa_patel,username,lisa_patel@hotmail.com,email,0.741,0.0,0.0,0.0,0,0.0,1
elena tanaka,name,+15692639547,phone,0.0,0.0,0.0,0.0,0,0.0,1
hacker_john_johnson,username,+918965178657,phone,0.0,0.0,0.0,0.0,1,0.0,1
johnahmedsite.com,domain,rajeshsmithsite.com,domain,0.0,0.0,0.0,0.0,0,0.0,0
yuki_wililams,username,+918338710195,phone,0.0,0.0,0.0,0.0,0,0.0,0
elenatanakasite.com,domain,yuki_devi@outlook.com,email,0.0,0.0,0.0,0.0,0,0.0,0
lisa tanaka,name,aliahmedsite.com,domain,0.296,0.0,0.0,0.0,0,0.0,0
+919733959353,phone,+919254703979,phone,0.0,0.0,0.0,0.0,0,0.0,0
+918595924800,phone,+919596703526,phone,0.0,0.0,0.0,0.0,0,0.0,0
yuki kumar,name,jane garcia,name,0.286,0.0,0.0,0.0,0,0.0,0
+918981347325,phone,rajeshsmithsite.com,domain,0.0,0.0,0.0,0.0,0,0.0,1
+919387772934,phone,lisa_ahmed@proton.me,email,0.0,0.0,0.0,0.0,0,0.0,0
+916800399222,phone,user_1214,username,0.182,0.0,0.0,0.0,0,0.0,0
priya_williamscoder,username,priyaw_illmiams,username,0.765,0.765,0.0,0.0,0,0.0,1
rajesh64@yahoo.com,email,+917185643633,phone,0.0,0.0,0.0,0.0,0,0.0,0
lisa_patel@hotmail.com,email,amitsharmasite.com,domain,0.0,0.0,0.0,0.0,0,0.0,0
site_7307.com,domain,contact_1809@proton.me,email,0.0,0.0,0.0,0.0,1,0.0,0
michael_brown@hotmail.com,email,ali42coder,username,0.348,0.0,0.0,0.0,0,0.0,0
contact_5476@gmail.com,email,user_2004,username,0.19,0.0,0.0,0.0,0,0.0,0
jane_singh@gmail.com,email,lisa ahmed,name,0.3,0.0,0.0,0.0,0,0.0,0
+916744643497,phone,neha miller,name,0.0,0.0,0.0,0.0,0,0.0,0
+919640160203,phone,jane_singh,username,0.0,0.0,0.0,0.0,2,0.0,1
site_1204.com,domain,site_7592.com,domain,0.0,0.0,0.0,0.0,0,0.0,0
kenguptasite.com,domain,kengarciasite.com,domain,0.0,0.0,0.0,0.0,0,0.0,0
site_7827.com,domain,contact_5212@yahoo.com,email,0.0,0.0,0.0,0.0,0,0.0,0
+919952958729,phone,emilybrownsite.com,domain,0.0,0.0,0.0,0.0,0,0.0,0
hacker_david38,username,dvid38,username,0.6,0.6,0.0,0.0,2,0.0,1
lisa brown,name,rajesh doe,name,0.3,0.0,0.0,0.0,0,0.0,0
rajesh68@gmail.com,email,+917684885731,phone,0.0,0.0,0.0,0.0,0,0.0,0
fatimapatelsite.com,domain,+18258444177,phone,0.0,0.0,0.0,0.0,1,0.0,1
hacker_carlos_sharma,username,hacker_elena_tanaka,username,0.564,0.564,0.0,0.0,0,0.0,0
rajesh devi,name,user_4535,username,0.2,0.0,0.0,0.0,0,0.0,0
rahulpatelsite.com,domain,+919323536905,phone,0.0,0.0,0.0,0.0,0,0.0,0
user_3369,username,site_2096.com,domain,0.364,0.0,0.0,0.0,0,0.0,0
ali_ahmed,username,aliahmedsite.com,domain,0.64,0.0,0.0,0.0,2,0.0,1
hacker_rajesh_martinez,username,rajesh martinez,name,0.432,0.0,0.0,0.0,0,0.0,1
hacker_ken80,username,kengarciasite.com,domain,0.276,0.0,0.0,0.0,2,0.0,1
hacker_carlos_shara,username,carlos@customlab.org,email,0.48,0.0,0.0,0.0,2,0.0,1
site_7316.com,domain,+916764865453,phone,0.0,0.0,0.0,0.0,0,0.0,0
priya singh,name,michael brown,name,0.333,0.0,0.0,0.0,0,0.0,0
contact_3269@yahoo.com,email,site_1106.com,domain,0.0,0.0,0.0,0.0,0,0.0,0
hacker_emily_brown,username,emily_brown,username,0.759,0.759,0.0,0.0,0,0.0,1
contact_2838@hotmail.com,email,robert garcia,name,0.24,0.0,0.0,0.0,0,0.0,0
+919916712744,phone,amti_sharmacoder,username,0.0,0.0,0.0,0.0,1,0.0,1
user_5942,username,contact_4605@gmail.com,email,0.19,0.0,0.0,0.0,1,0.0,0
+919916712744,phone,johnsmithsite.com,domain,0.0,0.0,0.0,0.0,0,0.0,0
+916214554348,phone,robert devi,name,0.0,0.0,0.0,0.0,0,0.0,0
sara garcia,name,+916555551959,phone,0.0,0.0,0.0,0.0,0,0.0,0
sra8l8,username,+13877537485,phone,0.222,0.0,0.0,0.0,2,0.0,1
+917871714345,phone,david38,username,0.1,0.0,0.0,0.0,0,0.0,0
contact_2278@hotmail.com,email,+916012645958,phone,0.0,0.0,0.0,0.0,0,0.0,0
hacker_rajesh97,username,ali kumar,name,0.25,0.0,0.0,0.0,0,0.0,0
jane johnson,name,user_5558,username,0.095,0.0,0.0,0.0,0,0.0,0
rajeshguptasite.com,domain,rajesh_gupta,username,0.71,0.0,0.0,0.0,0,0.0,1
fatima davis,name,+916744643497,phone,0.0,0.0,0.0,0.0,0,0.0,0
john15,username,fatima_patel,username,0.0,0.0,0.0,0.0,0,0.0,0
+919032150374,phone,lisa48,username,0.105,0.0,0.0,0.0,0,0.0,0
site_1467.com,domain,+916727218190,phone,0.0,0.0,0.0,0.0,0,0.0,0
+916499031756,phone,+916595578667,phone,0.0,0.0,0.0,0.0,0,0.0,0
hacker_jane_singh,username,fatima tanaka,name,0.2,0.0,0.0,0.0,0,0.0,0
lisa_ahmed@proton.me,email,amitsharmasite.com,domain,0.0,0.0,0.0,0.0,0,0.0,0
amit_sharma@proton.me,email,hacker_rajesh_gupta,username,0.333,0.0,0.0,0.0,0,0.0,0
+916028223410,phone,contact_7656@hotmail.com,email,0.0,0.0,0.0,0.0,0,0.0,0
site_7254.com,domain,contact_1678@outlook.com,email,0.0,0.0,0.0,0.0,0,0.0,0
lisa_patle,username,fatima83@outlook.com,email,0.222,0.0,0.0,0.0,0,0.0,0
fatdim83,username,fatima@customlab.org,email,0.714,0.0,0.0,0.0,0,0.0,1
+15607213216,phone,emily brown,name,0.0,0.0,0.0,0.0,0,0.0,1
site_2494.com,domain,contact_5042@gmail.com,email,0.0,0.0,0.0,0.0,0,0.0,0
michael sharma,name,+917430387833,phone,0.0,0.0,0.0,0.0,0,0.0,0
priya39@gmail.com,email,elena sato,name,0.118,0.0,0.0,0.0,0,0.0,0
lisa_ahmed@proton.me,email,lisa ahmed,name,0.5,0.0,0.0,0.0,2,0.0,1
+916461242670,phone,+916138536307,phone,0.0,0.0,0.0,0.0,0,0.0,0
jken80,username,+917185643633,phone,0.105,0.0,0.0,0.0,0,0.0,0
hacker_rajesh97,username,yukiahmedsite.com,domain,0.25,0.0,0.0,0.0,0,0.0,0
emily martinez,name,site_4477.com,domain,0.222,0.0,0.0,0.0,0,0.0,0
rajesh@customlab.org,email,rajeshsinghsite.com,domain,0.0,0.0,0.0,0.0,1,0.0,1
jane_snigh,username,jane_singh,username,0.9,0.9,0.0,0.0,2,0.0,1
+919582781625,phone,priya_williamscoder,username,0.0,0.0,0.0,0.0,0,0.0,0
lisa brown,name,rajesh miller,name,0.261,0.0,0.0,0.0,0,0.0,0
hacker_john_johnsondev.org,domain,johnc johnson,name,0.564,0.0,0.0,0.0,1,0.0,1
priya_willaims,username,priya williams,name,0.857,0.0,0.0,0.0,1,0.0,1
contact_2784@outlook.com,email,site_2493.com,domain,0.0,0.0,0.0,0.0,0,0.0,0
site_9518.com,domain,+916672275127,phone,0.0,0.0,0.0,0.0,0,0.0,0
lisa_patel@hotmail.com,email,ananya_khan@proton.me,email,0.0,0.0,0.0,0.0,0,0.0,0
+917336835980,phone,elena tanaka,name,0.0,0.0,0.0,0.0,0,0.0,0
priya76@proton.me,email,rajesh_miller,username,0.2,0.0,0.0,0.0,0,0.0,0
site_8631.com,domain,contact_209@gmail.com,email,0.0,0.0,0.0,0.0,0,0.0,0
ahul patel,name,rahul@customlab.org,email,0.533,0.0,0.0,0.0,3,0.0,1
+917047187022,phone,hacker_john_ahmed,username,0.0,0.0,0.0,0.0,0,0.0,0
+917336835980,phone,+918475056187,phone,0.0,0.0,0.0,0.0,0,0.0,0
michael_tanaka@gmail.com,email,michael_tnaaka,username,0.929,0.0,0.0,0.0,2,0.0,1
priya39@gmail.com,email,amitsharmasite.com,domain,0.0,0.0,0.0,0.0,0,0.0,0
michael_sharma@yahoo.com,email,sarasmithsite.com,domain,0.0,0.0,0.0,0.0,0,0.0,0
contact_5096@gmail.com,email,site_2406.com,domain,0.0,0.0,0.0,0.0,0,0.0,0
yuki ahmed,name,priya singh,name,0.286,0.0,0.0,0.0,0,0.0,0
lisa_ahmed,username,hacker_lbisa_ahmed,username,0.714,0.714,0.0,0.0,2,0.0,1
yuki_wililams,username,+918475056187,phone,0.0,0.0,0.0,0.0,0,0.0,0
john doe,name,contact_4635@outlook.com,email,0.2,0.0,0.0,0.0,0,0.0,0
fatima_patel@outlook.com,email,lisapatelsite.com,domain,0.0,0.0,0.0,0.0,0,0.0,0
contact_2273@gmail.com,email,contact_3423@gmail.com,email,0.0,0.0,0.0,0.0,0,0.0,0
lisadevisite.com,domain,+919387772934,phone,0.0,0.0,0.0,0.0,0,0.0,0
hacker_emily_brown,username,sara miller,name,0.276,0.0,0.0,0.0,0,0.0,0
ken_gupta,username,+919589711983,phone,0.0,0.0,0.0,0.0,0,0.0,0
ken3,username,kenjonessite.com,domain,0.3,0.0,0.0,0.0,1,0.0,1
+919289245144,phone,john ahmed,name,0.0,0.0,0.0,0.0,0,0.0,0
rajesh martinez,name,rajesh_martinezdev.org,domain,0.486,0.0,0.0,0.0,0,0.0,1
lisa devi,name,sara_smith@hotmail.com,email,0.211,0.0,0.0,0.0,1,0.0,0
yuki devi,name,rajesh_martinez@yahoo.com,email,0.167,0.0,0.0,0.0,0,0.0,0
fatima83,username,hacker_fatima83,username,0.696,0.696,0.0,0.0,1,0.0,1
user_3658,username,rahul sato,name,0.211,0.0,0.0,0.0,0,0.0,0
yuki_ahmed,username,yukilabs.net,domain,0.545,0.0,0.0,0.0,2,0.0,1
elena51@hotmail.com,email,elenalabs.net,domain,0.0,0.0,0.0,0.0,2,0.0,1
john_ahmed@hotmail.com,email,+919457189042,phone,0.0,0.0,0.0,0.0,0,0.0,0
+916606926069,phone,site_7023.com,domain,0.0,0.0,0.0,0.0,0,0.0,0
rajesh68@gmail.com,email,rajesh68,username,1.0,0.0,0.0,1.0,1,0.0,1
+916293124167,phone,+916903718055,phone,0.0,0.0,0.0,0.0,0,0.0,0
yuki_devi,username,amit johnson,name,0.095,0.0,0.0,0.0,0,0.0,0
michael_borwn,username,+917658170004,phone,0.0,0.0,0.0,0.0,0,0.0,0
+916928251883,phone,elena patel,name,0.0,0.0,0.0,0.0,0,0.0,0
michael_tanaka@gmail.com,email,rajesh64@yahoo.com,email,0.0,0.0,0.0,0.0,0,0.0,0
hacker_john_ahmed,username,michael williams,name,0.303,0.0,0.0,0.0,0,0.0,0
john_hmed,username,+919032150374,phone,0.0,0.0,0.0,0.0,0,0.0,1
michaelsharmasite.com,domain,ali42coder,username,0.323,0.0,0.0,0.0,0,0.0,0
rajesh miller,name,john_johnson@hotmail.com,email,0.16,0.0,0.0,0.0,0,0.0,0
michael_borwn,username,+919582781625,phone,0.0,0.0,0.0,0.0,0,0.0,0
ananyakhan,username,hacker_rajesh97,username,0.24,0.24,0.0,0.0,0,0.0,0
hacker_john_garcia,username,emily brown,name,0.276,0.0,0.0,0.0,0,0.0,0
lisa_patel@hotmail.com,email,+918475056187,phone,0.0,0.0,0.0,0.0,0,0.0,0
emily kumar,name,elena tanaka,name,0.435,0.0,0.0,0.0,0,0.0,0
lisa patel,name,johnjohnsonsite.com,domain,0.207,0.0,0.0,0.0,0,0.0,0
site_2914.com,domain,+916079640798,phone,0.0,0.0,0.0,0.0,0,0.0,0
contact_7331@gmail.com,email,contact_453@hotmail.com,email,0.0,0.0,0.0,0.0,0,0.0,0
jane singh,name,jane@customlab.org,email,1.0,0.0,0.0,0.0,1,0.0,1
hacker_emily_brown,username,rajesh_singh,username,0.333,0.333,0.0,0.0,0,0.0,0
priya sato,name,contact_965@gmail.com,email,0.19,0.0,0.0,0.0,0,0.0,0
+919733959353,phone,ait_johnson,username,0.0,0.0,0.0,0.0,0,0.0,0
saramillersite.com,domain,sara miller,name,0.483,0.0,0.0,0.0,2,0.0,1
dvid38,username,davidsinghsite.com,domain,0.333,0.0,0.0,0.0,2,0.0,1
+916219594712,phone,user_7447,username,0.182,0.0,0.0,0.0,0,0.0,0
rajesh gupta,name,rajesh_miller@proton.me,email,0.48,0.0,0.0,0.0,0,0.0,0
ken brown,name,user_7356,username,0.111,0.0,0.0,0.0,0,0.0,0
hackr_rajesh97,username,rajesh97,username,0.727,0.727,0.0,0.0,0,0.0,1
hacker_john_garcia@johnsite.net,email,john_garcia@outlook.com,email,0.0,0.0,0.0,0.0,0,0.0,1
yuki_ahmed,username,fatimadevisite.com,domain,0.214,0.0,0.0,0.0,0,0.0,0
johnsmithsite.com,domain,michael_tanaka@gmail.com,email,0.0,0.0,0.0,0.0,0,0.0,0
hakcer_john_johnson,username,johnc johnson,name,0.688,0.0,0.0,0.0,1,0.0,1
+917521726436,phone,ali42coder,username,0.087,0.0,0.0,0.0,0,0.0,1
+919369099268,phone,amitjohnsonsite.com,domain,0.0,0.0,0.0,0.0,0,0.0,0
ken3,username,davidsinghsite.com,domain,0.091,0.0,0.0,0.0,0,0.0,0
hacker_john_ahmed,username,+917265935870,phone,0.0,0.0,0.0,0.0,0,0.0,0
hacker_priya39,username,lisa_ahmed@proton.me,email,0.25,0.0,0.0,0.0,0,0.0,0
lisa_ahmed@proton.me,email,+919289245144,phone,0.0,0.0,0.0,0.0,0,0.0,0
johngarciasite.com,domain,john gacia,name,0.429,0.0,0.0,0.0,2,0.0,1
+917107621714,phone,hacker_michael_williams9,username,0.054,0.0,0.0,0.0,0,0.0,1
amitsharmasite.com,domain,+13050302325,phone,0.0,0.0,0.0,0.0,0,0.0,1
user_2980,username,user_2528,username,0.778,0.778,0.0,0.0,0,0.0,0
user_885,username,user_3654,username,0.706,0.706,0.0,0.0,0,0.0,0
rajesh gupta,name,sara88,username,0.333,0.0,0.0,0.0,0,0.0,0
+917684885731,phone,+917912548711,phone,0.0,0.0,0.0,0.0,0,0.0,0
+18657383171,phone,priya_williams@yahoo.com,email,0.0,0.0,0.0,0.0,1,0.0,1
hacker_carlos_sharma,username,carlos_sharma@hotmail.com,email,0.788,0.0,0.0,0.0,0,0.0,1
emilybrownsite.com,domain,rajesh_singh@hotmail.com,email,0.0,0.0,0.0,0.0,0,0.0,0
rahulpatelsite.com,domain,+919310858477,phone,0.0,0.0,0.0,0.0,1,0.0,0
+917212115091,phone,rajesh_martinez@yahoo.com,email,0.0,0.0,0.0,0.0,0,0.0,0
carlos jones,name,contact_2674@yahoo.com,email,0.25,0.0,0.0,0.0,0,0.0,0
jane35coder,username,+917912548711,phone,0.083,0.0,0.0,0.0,1,0.0,1
sara brown,name,user_7492,username,0.211,0.0,0.0,0.0,0,0.0,0
anany akhan,name,+13420505754,phone,0.0,0.0,0.0,0.0,3,0.0,1
john_hmed,username,johnahmedsite.com,domain,0.615,0.0,0.0,0.0,1,0.0,1
contact_2418@hotmail.com,email,contact_8633@yahoo.com,email,0.0,0.0,0.0,0.0,0,0.0,0
sara williams,name,+916461242670,phone,0.0,0.0,0.0,0.0,0,0.0,0
hacker_ananya_khan,username,ananyakhansite.com,domain,0.556,0.0,0.0,0.0,2,0.0,1
yuki khan,name,+916366640917,phone,0.0,0.0,0.0,0.0,0,0.0,0
emily ahmed,name,user_1940,username,0.1,0.0,0.0,0.0,0,0.0,0
lisa77,username,lisa77@lisasite.net,email,1.0,0.0,0.0,1.0,2,0.0,1
+919457189042,phone,hacker_mixchael_brown,username,0.0,0.0,0.0,0.0,2,0.0,1
contact_1439@yahoo.com,email,contact_1633@hotmail.com,email,0.0,0.0,0.0,0.0,0,0.0,0
emilybrownsite.com,domain,amit_sharma@proton.me,email,0.0,0.0,0.0,0.0,0,0.0,0
+918318297467,phone,elena tanaka,name,0.0,0.0,0.0,0.0,0,0.0,0
carlos khan,name,contact_8973@outlook.com,email,0.261,0.0,0.0,0.0,0,0.0,0
site_9247.com,domain,site_4547.com,domain,0.0,0.0,0.0,0.0,0,0.0,0
carlos_sharma@hotmail.com,email,+919666362423,phone,0.0,0.0,0.0,0.0,0,0.0,0
kenlabs.net,domain,+18389138962,phone,0.0,0.0,0.0,0.0,0,0.0,1
faitma70,username,fatima70coder,username,0.667,0.667,0.0,0.0,0,0.0,1
site_1123.com,domain,site_9418.com,domain,0.0,0.0,0.0,0.0,0,0.0,0
+917684885731,phone,+919666362423,phone,0.0,0.0,0.0,0.0,0,0.0,0
+916273860802,phone,contact_4799@gmail.com,email,0.0,0.0,0.0,0.0,0,0.0,0
contact_9613@outlook.com,email,sara miller,name,0.087,0.0,0.0,0.0,0,0.0,0
site_2406.com,domain,priya martinez,name,0.148,0.0,0.0,0.0,0,0.0,0
+917871714345,phone,ali kumar,name,0.0,0.0,0.0,0.0,0,0.0,0
site_9897.com,domain,user_1364,username,0.273,0.0,0.0,0.0,0,0.0,0
john_johnson,username,johnc johnson,name,0.88,0.0,0.0,0.0,0,0.0,1
hacker_fatima_patel,username,fatiam patel,name,0.645,0.0,0.0,0.0,0,0.0,1
hacker_davvid38,username,david38,username,0.636,0.636,0.0,0.0,0,0.0,1
ken3,username,rajesh miller,name,0.118,0.0,0.0,0.0,0,0.0,0
ananya_khan@proton.me,email,+918123425397,phone,0.0,0.0,0.0,0.0,0,0.0,1
+916438113401,phone,site_7023.com,domain,0.0,0.0,0.0,0.0,0,0.0,0
sara smith,name,+919369099268,phone,0.0,0.0,0.0,0.0,0,0.0,0
+916052211236,phone,+916377613096,phone,0.0,0.0,0.0,0.0,0,0.0,0
user_3724,username,+916029069262,phone,0.091,0.0,0.0,0.0,0,0.0,0
+916636905477,phone,user_3632,username,0.182,0.0,0.0,0.0,0,0.0,0
+13491643388,phone,rajesh64,username,0.2,0.0,0.0,0.0,0,0.0,1
site_8481.com,domain,rahul patel,name,0.167,0.0,0.0,0.0,0,0.0,0
+15607213216,phone,emily_brown@yahoo.com,email,0.0,0.0,0.0,0.0,0,0.0,1
michael_sharma,username,+13755491676,phone,0.0,0.0,0.0,0.0,0,0.0,1
michael tanaka,name,yukiahmedsite.com,domain,0.258,0.0,0.0,0.0,0,0.0,0
ali sato,name,contact_5363@gmail.com,email,0.2,0.0,0.0,0.0,0,0.0,0
rahul smith,name,+916489966204,phone,0.0,0.0,0.0,0.0,1,0.0,0
+17431136938,phone,yuki_devi,username,0.0,0.0,0.0,0.0,3,0.0,1
hacker_mily_brown,username,emilylabs.net,domain,0.467,0.0,0.0,0.0,2,0.0,1
priya williams,name,priya_willmiams,username,0.897,0.0,0.0,0.0,0,0.0,1
+16526174328,phone,michael_tanaka,username,0.0,0.0,0.0,0.0,1,0.0,1
jane gupta,name,ananya patel,name,0.364,0.0,0.0,0.0,0,0.0,0
jken80,username,+919666362423,phone,0.0,0.0,0.0,0.0,0,0.0,0
+916643669409,phone,user_4125,username,0.091,0.0,0.0,0.0,0,0.0,0
+917047187022,phone,priya39@gmail.com,email,0.0,0.0,0.0,0.0,0,0.0,1
+918318297467,phone,fatimadevisite.com,domain,0.0,0.0,0.0,0.0,0,0.0,1
rajeshmillersite.com,domain,rajesh martinez,name,0.343,0.0,0.0,0.0,0,0.0,0
hacker_priya39,username,priya brown,name,0.48,0.0,0.0,0.0,2,0.0,1
elena_tanaka@outlook.com,email,elena@customlab.org,email,0.0,0.0,0.0,0.0,0,0.0,1
contact_8051@proton.me,email,contact_1889@yahoo.com,email,0.0,0.0,0.0,0.0,0,0.0,0
user_5655,username,user_3654,username,0.778,0.778,0.0,0.0,0,0.0,0
+919457189042,phone,lisatanakasite.com,domain,0.0,0.0,0.0,0.0,0,0.0,0
janesatosite.com,domain,sraa_smith,username,0.385,0.0,0.0,0.0,0,0.0,0
amit sharma,name,rajesh68@gmail.com,email,0.316,0.0,0.0,0.0,0,0.0,0
contact_7129@proton.me,email,john williams,name,0.24,0.0,0.0,0.0,0,0.0,0
hacker_john_ahmed@johnsite.net,email,john_amhed,username,0.667,0.0,0.0,0.0,1,0.0,1
rajesh@customlab.org,email,+919323536905,phone,0.0,0.0,0.0,0.0,1,0.0,1
+918475056187,phone,yuki_ahmed@outlook.com,email,0.0,0.0,0.0,0.0,0,0.0,0
contact_8191@gmail.com,email,+916981942991,phone,0.0,0.0,0.0,0.0,1,0.0,0
hacker_jane_singh,username,lisa ahmed,name,0.222,0.0,0.0,0.0,0,0.0,0
site_7942.com,domain,contact_6330@gmail.com,email,0.0,0.0,0.0,0.0,0,0.0,0
yuki_devi@yukisite.net,email,hacker_yuki_devi,username,0.72,0.0,0.0,0.0,3,0.0,1
ken gupta,name,elena51@hotmail.com,email,0.25,0.0,0.0,0.0,0,0.0,0
user_2188,username,site_9494.com,domain,0.273,0.0,0.0,0.0,0,0.0,0
yuki_devi@outlook.com,email,lisa_patle,username,0.316,0.0,0.0,0.0,0,0.0,0
rajesh miller,name,elenasatosite.com,domain,0.267,0.0,0.0,0.0,0,0.0,0
user_3809,username,site_8555.com,domain,0.364,0.0,0.0,0.0,0,0.0,0
+916364636828,phone,user_8832,username,0.182,0.0,0.0,0.0,0,0.0,0
contact_3775@yahoo.com,email,+916523648129,phone,0.0,0.0,0.0,0.0,0,0.0,0
ken_gupta,username,john_ahmed@hotmail.com,email,0.316,0.0,0.0,0.0,0,0.0,0
+13491643388,phone,hacker_rajesh64@rajeshsite.net,email,0.0,0.0,0.0,0.0,2,0.0,1
contact_6474@yahoo.com,email,contact_6127@gmail.com,email,0.0,0.0,0.0,0.0,0,0.0,0
+918733759412,phone,faitma70,username,0.095,0.0,0.0,0.0,0,0.0,0
site_1265.com,domain,site_1570.com,domain,0.0,0.0,0.0,0.0,0,0.0,0
lisaa_hed,username,lisalabs.net,domain,0.571,0.0,0.0,0.0,0,0.0,1
elenasatosite.com,domain,+919323536905,phone,0.0,0.0,0.0,0.0,0,0.0,0
+919376816771,phone,yuki ahmed,name,0.0,0.0,0.0,0.0,1,0.0,1
+916910112972,phone,site_8273.com,domain,0.0,0.0,0.0,0.0,0,0.0,0
alikumarsite.com,domain,+917430387833,phone,0.0,0.0,0.0,0.0,0,0.0,0
contact_267@gmail.com,email,site_9782.com,domain,0.0,0.0,0.0,0.0,0,0.0,0
rahul smith,name,carlos devi,name,0.364,0.0,0.0,0.0,0,0.0,0
+916692881253,phone,user_6121,username,0.273,0.0,0.0,0.0,0,0.0,0
elena51,username,elenadavissite.com,domain,0.4,0.0,0.0,0.0,2,0.0,1
hacker_carlos_shara,username,carlossharmasite.com,domain,0.564,0.0,0.0,0.0,0,0.0,1
+917521726436,phone,yukidevisite.com,domain,0.0,0.0,0.0,0.0,0,0.0,0
+919552044458,phone,+919804281916,phone,0.0,0.0,0.0,0.0,0,0.0,0
contact_2964@proton.me,email,+916116528967,phone,0.0,0.0,0.0,0.0,1,0.0,0
emily_brown@yahoo.com,email,elena51,username,0.333,0.0,0.0,0.0,0,0.0,0
elena sato,name,+919369099268,phone,0.0,0.0,0.0,0.0,0,0.0,0
yuki_wililams,username,+918963267690,phone,0.0,0.0,0.0,0.0,0,0.0,0
carlos smith,name,emily smith,name,0.625,0.0,0.0,0.0,0,0.0,0
rajesh martinez,name,lisa77,username,0.19,0.0,0.0,0.0,0,0.0,0
amit_johnson,username,ait_johnson,username,0.957,0.957,0.0,0.0,0,0.0,1
rajesh miller,name,rajeshmillersite.com,domain,0.424,0.0,0.0,0.0,2,0.0,1
contact_8986@yahoo.com,email,user_3799,username,0.19,0.0,0.0,0.0,0,0.0,0
michael_tanaka,username,rajesh_gupta@outlook.com,email,0.385,0.0,0.0,0.0,0,0.0,0
user_2456,username,lisa smith,name,0.105,0.0,0.0,0.0,0,0.0,0
site_6609.com,domain,contact_5244@proton.me,email,0.0,0.0,0.0,0.0,0,0.0,0
alilabs.net,domain,ali kumar,name,0.4,0.0,0.0,0.0,1,0.0,1
+919640160203,phone,+918687709408,phone,0.0,0.0,0.0,0.0,0,0.0,0
carlos_harma,username,carlos sharma,name,0.88,0.0,0.0,0.0,0,0.0,1
ken_gupta,username,+918338710195,phone,0.0,0.0,0.0,0.0,3,0.0,1
+916350575178,phone,user_8600,username,0.182,0.0,0.0,0.0,1,0.0,0
rajesh miller,name,+919582781625,phone,0.0,0.0,0.0,0.0,0,0.0,0
jane35coder,username,+17822494780,phone,0.0,0.0,0.0,0.0,1,0.0,1
rajesh miller,name,rajesh mliler,name,0.923,0.0,0.0,0.0,1,0.0,1
fatimadevisite.com,domain,john_ahmed@hotmail.com,email,0.0,0.0,0.0,0.0,0,0.0,0
elena35,username,elena35@yahoo.com,email,1.0,0.0,0.0,1.0,0,0.0,1
priya_williamscoder@priyasite.net,email,priya williams,name,0.788,0.0,0.0,0.0,2,0.0,1
fatdim83,username,fatima83@outlook.com,email,0.875,0.0,0.0,0.0,2,0.0,1
+916523673312,phone,+916318940024,phone,0.0,0.0,0.0,0.0,0,0.0,0
fatima patel,name,+18258444177,phone,0.0,0.0,0.0,0.0,1,0.0,1
site_4353.com,domain,site_2088.com,domain,0.0,0.0,0.0,0.0,0,0.0,0
+918475056187,phone,jken08,username,0.211,0.0,0.0,0.0,3,0.0,1
elena miller,name,robert singh,name,0.25,0.0,0.0,0.0,0,0.0,0
rahul77,username,michael_borwn,username,0.2,0.2,0.0,0.0,0,0.0,0
+919387772934,phone,sarasmithsite.com,domain,0.0,0.0,0.0,0.0,0,0.0,0
+12746158661,phone,pjohn_hmed,username,0.0,0.0,0.0,0.0,0,0.0,1
+917684885731,phone,ali42@proton.me,email,0.0,0.0,0.0,0.0,0,0.0,0
+919254703979,phone,+919369099268,phone,0.0,0.0,0.0,0.0,0,0.0,0
lisa77@yahoo.com,email,sara_smith@hotmail.com,email,0.0,0.0,0.0,0.0,0,0.0,0
site_1392.com,domain,ali martinez,name,0.24,0.0,0.0,0.0,0,0.0,0
lisa48,username,jane35@gmail.com,email,0.167,0.0,0.0,0.0,0,0.0,0
site_9418.com,domain,site_4203.com,domain,0.0,0.0,0.0,0.0,0,0.0,0
site_2606.com,domain,+916681064376,phone,0.0,0.0,0.0,0.0,0,0.0,0
sara sharma,name,contact_9737@gmail.com,email,0.087,0.0,0.0,0.0,0,0.0,0
+919582781625,phone,priya_williams@yahoo.com,email,0.0,0.0,0.0,0.0,0,0.0,0
contact_1209@gmail.com,email,contact_8153@hotmail.com,email,0.0,0.0,0.0,0.0,0,0.0,0
contact_890@proton.me,email,user_1656,username,0.1,0.0,0.0,0.0,0,0.0,0
rajesh miller,name,rajeshmartinezsite.com,domain,0.343,0.0,0.0,0.0,0,0.0,0
user_3449,username,john miller,name,0.2,0.0,0.0,0.0,0,0.0,0
hacker_lisa_ahmed,username,lisaahmedsite.com,domain,0.529,0.0,0.0,0.0,0,0.0,1
michael williams,name,emilybrownsite.com,domain,0.353,0.0,0.0,0.0,0,0.0,0
site_5216.com,domain,sara smith,name,0.261,0.0,0.0,0.0,0,0.0,0
hacker_priya76,username,priya76,username,0.667,0.667,0.0,0.0,2,0.0,1
yuki_wililams,username,+918209110951,phone,0.0,0.0,0.0,0.0,1,0.0,1
fatimatanakasite.com,domain,fatim83,username,0.37,0.0,0.0,0.0,2,0.0,1
michael_sharma@yahoo.com,email,+917521726436,phone,0.0,0.0,0.0,0.0,0,0.0,0
site_636.com,domain,user_4089,username,0.286,0.0,0.0,0.0,0,0.0,0
lisa patel,name,+918209110951,phone,0.0,0.0,0.0,0.0,0,0.0,0
user_4607,username,user_6482,username,0.667,0.667,0.0,0.0,0,0.0,0
rahulpatelsite.com,domain,john15@outlook.com,email,0.0,0.0,0.0,0.0,0,0.0,0
johngarciasite.com,domain,+917327141441,phone,0.0,0.0,0.0,0.0,0,0.0,0
michael williams,name,rajesh_miller,username,0.345,0.0,0.0,0.0,0,0.0,0
uy7ki_ahmed,username,yuki_ahmed,username,0.857,0.857,0.0,0.0,1,0.0,1
rajesh khan,name,lisapatelsite.com,domain,0.286,0.0,0.0,0.0,0,0.0,0
fatima devi,name,ken garcia,name,0.286,0.0,0.0,0.0,0,0.0,0
+919582781625,phone,jane_johnson@hotmail.com,email,0.0,0.0,0.0,0.0,2,0.0,1
john martinez,name,user_5863,username,0.091,0.0,0.0,0.0,0,0.0,0
hacker_elena_tanaka,username,+919387772934,phone,0.0,0.0,0.0,0.0,0,0.0,0
elena tanaka,name,elenalabs.net,domain,0.56,0.0,0.0,0.0,0,0.0,1
site_5238.com,domain,+916366640917,phone,0.0,0.0,0.0,0.0,0,0.0,0
yuki jones,name,user_786,username,0.111,0.0,0.0,0.0,0,0.0,0
+916523648129,phone,user_5059,username,0.182,0.0,0.0,0.0,0,0.0,0
+916564220066,phone,contact_3775@yahoo.com,email,0.0,0.0,0.0,0.0,0,0.0,0
amit miller,name,site_4830.com,domain,0.25,0.0,0.0,0.0,0,0.0,0
ken_gupta@outlook.com,email,ken_gupta@kensite.net,email,0.0,0.0,0.0,0.0,0,0.0,1
michael_sharm,username,michael_sharma,username,0.963,0.963,0.0,0.0,1,0.0,1
site_1046.com,domain,+916909737899,phone,0.0,0.0,0.0,0.0,0,0.0,0
hacker_john_ahmed@johnsite.net,email,john_ahmed@hotmail.com,email,0.0,0.0,0.0,0.0,0,0.0,1
neha smith,name,site_9930.com,domain,0.261,0.0,0.0,0.0,0,0.0,0
+917684885731,phone,priya williams,name,0.0,0.0,0.0,0.0,3,0.0,1
elena tanaka,name,+919289245144,phone,0.0,0.0,0.0,0.0,2,0.0,1
rajesh_martinez,username,ken jones,name,0.333,0.0,0.0,0.0,0,0.0,0
david williams,name,user_9822,username,0.087,0.0,0.0,0.0,0,0.0,0
johnahmedsite.com,domain,john_amhed,username,0.593,0.0,0.0,0.0,1,0.0,1
user_5862,username,site_7488.com,domain,0.364,0.0,0.0,0.0,0,0.0,0
fatima_patel,username,michael_tanaka@gmail.com,email,0.308,0.0,0.0,0.0,0,0.0,0
priya76@proton.me,email,+919552044458,phone,0.0,0.0,0.0,0.0,0,0.0,0
rajseh_miller,username,hacker_rajesh_millxer,username,0.706,0.706,0.0,0.0,0,0.0,1
+917265935870,phone,johnjohnsonsite.com,domain,0.0,0.0,0.0,0.0,0,0.0,0
rahul ahmed,name,user_3488,username,0.2,0.0,0.0,0.0,0,0.0,0
+916087953022,phone,+916031186796,phone,0.0,0.0,0.0,0.0,0,0.0,0
davidsinghsite.com,domain,lisa_ahmed,username,0.286,0.0,0.0,0.0,0,0.0,0
david singh,name,john garcia,name,0.364,0.0,0.0,0.0,0,0.0,0
lisatanakasite.com,domain,ali ahmed,name,0.222,0.0,0.0,0.0,0,0.0,0
michael_sharma@yahoo.com,email,fatimatanakasite.com,domain,0.0,0.0,0.0,0.0,0,0.0,0
+13982850421,phone,lai ahmed,name,0.0,0.0,0.0,0.0,1,0.0,1
user_8380,username,+916499031756,phone,0.091,0.0,0.0,0.0,0,0.0,0
priyalabs.net,domain,priy@customlab.org,email,0.0,0.0,0.0,0.0,0,0.0,1
priya williams,name,rajesh khan,name,0.32,0.0,0.0,0.0,0,0.0,0
lisa48,username,sraa_smith,username,0.25,0.25,0.0,0.0,0,0.0,0
+916609839144,phone,ken garcia,name,0.0,0.0,0.0,0.0,0,0.0,0
+919582781625,phone,hacker_rajesh64,username,0.071,0.0,0.0,0.0,0,0.0,0
user_718,username,+916216658534,phone,0.19,0.0,0.0,0.0,0,0.0,0
elena51@hotmail.com,email,fatima70@hotmail.com,email,0.0,0.0,0.0,0.0,0,0.0,0
lisa patel,name,ilsa patel,name,0.9,0.0,0.0,0.0,0,0.0,1
hacker_john_garcia,username,+919323536905,phone,0.0,0.0,0.0,0.0,0,0.0,0
+919589711983,phone,emily_rbwon,username,0.0,0.0,0.0,0.0,2,0.0,1
emily_brwon,username,emily_rbwon,username,0.909,0.909,0.0,0.0,1,0.0,1
lisa patel,name,michael_williams@proton.me,email,0.308,0.0,0.0,0.0,0,0.0,0
contact_403@hotmail.com,email,site_7330.com,domain,0.0,0.0,0.0,0.0,0,0.0,0
+13361204236,phone,lisa77,username,0.0,0.0,0.0,0.0,2,0.0,1
+918318297467,phone,amit_sharma,username,0.0,0.0,0.0,0.0,0,0.0,0
site_2963.com,domain,rajesh garcia,name,0.154,0.0,0.0,0.0,0,0.0,0
contact_103@proton.me,email,carlos gupta,name,0.348,0.0,0.0,0.0,0,0.0,0
contact_4142@gmail.com,email,contact_9811@outlook.com,email,0.0,0.0,0.0,0.0,0,0.0,0
+916472645383,phone,+916273347156,phone,0.0,0.0,0.0,0.0,0,0.0,0
rajeshmillersite.com,domain,+15289047763,phone,0.0,0.0,0.0,0.0,2,0.0,1
sraa_smith,username,sara_smith,username,0.9,0.9,0.0,0.0,0,0.0,1
david38,username,+919733959353,phone,0.1,0.0,0.0,0.0,3,0.0,1
contact_7927@proton.me,email,lisa jones,name,0.273,0.0,0.0,0.0,0,0.0,0
michael_sharma@yahoo.com,email,sara smith,name,0.333,0.0,0.0,0.0,2,0.0,0
+918318297467,phone,hacker_lisa_patel,username,0.0,0.0,0.0,0.0,0,0.0,0
contact_4013@outlook.com,email,user_8580,username,0.19,0.0,0.0,0.0,0,0.0,0
yuki_devi@outlook.com,email,saramillersite.com,domain,0.0,0.0,0.0,0.0,0,0.0,0
site_470.com,domain,contact_8984@hotmail.com,email,0.0,0.0,0.0,0.0,0,0.0,0
rajesh davis,name,+916051338808,phone,0.0,0.0,0.0,0.0,0,0.0,0
hacker_ananya_khan,username,ananyakhandev.org,domain,0.571,0.0,0.0,0.0,2,0.0,1
yuki devi,name,+918335090736,phone,0.0,0.0,0.0,0.0,0,0.0,0
amitlabs.net,domain,amit_sharmacoder,username,0.429,0.0,0.0,0.0,0,0.0,1
user_3569,username,+916396203664,phone,0.182,0.0,0.0,0.0,0,0.0,0
+919323536905,phone,hacker_lisa_patel,username,0.0,0.0,0.0,0.0,0,0.0,0
lisa9,username,kenguptasite.com,domain,0.095,0.0,0.0,0.0,0,0.0,0
amit_sharma,username,+13050302325,phone,0.0,0.0,0.0,0.0,0,0.0,1
site_5484.com,domain,+916433125865,phone,0.0,0.0,0.0,0.0,0,0.0,0
calros_sharma,username,+917759419129,phone,0.0,0.0,0.0,0.0,1,0.0,1
contact_4376@yahoo.com,email,+916286640092,phone,0.0,0.0,0.0,0.0,0,0.0,0
elena35@yahoo.com,email,elnea35@elenasite.net,email,0.0,0.0,0.0,0.0,0,0.0,1
michael kumar,name,jane martinez,name,0.385,0.0,0.0,0.0,0,0.0,0
contact_9737@gmail.com,email,contact_7222@proton.me,email,0.0,0.0,0.0,0.0,0,0.0,0
+918965178657,phone,+918475056187,phone,0.0,0.0,0.0,0.0,0,0.0,0
hacker_emily_brown,username,rahulpatelsite.com,domain,0.278,0.0,0.0,0.0,0,0.0,0
lisa48,username,+917658170004,phone,0.105,0.0,0.0,0.0,0,0.0,1
michael_tanakadev.org,domain,+16526174328,phone,0.0,0.0,0.0,0.0,2,0.0,1
yuki_williams,username,yukilabs.net,domain,0.56,0.0,0.0,0.0,0,0.0,1
lisa smith,name,+916306481349,phone,0.0,0.0,0.0,0.0,0,0.0,0
site_6908.com,domain,contact_6871@gmail.com,email,0.0,0.0,0.0,0.0,0,0.0,0
user_3034,username,contact_4448@outlook.com,email,0.19,0.0,0.0,0.0,0,0.0,0
+917684885731,phone,+917521726436,phone,0.0,0.0,0.0,0.0,0,0.0,0
lisa ahmed,name,michaeltanakasite.com,domain,0.258,0.0,0.0,0.0,0,0.0,0
rajeshmillersite.com,domain,+919369099268,phone,0.0,0.0,0.0,0.0,0,0.0,0
michael sharma,name,ali42coder,username,0.333,0.0,0.0,0.0,0,0.0,0
rajesh gupta,name,+917430387833,phone,0.0,0.0,0.0,0.0,0,0.0,0
ali kumar,name,rajeshmillersite.com,domain,0.276,0.0,0.0,0.0,0,0.0,0
+916931266556,phone,user_754,username,0.095,0.0,0.0,0.0,0,0.0,0
ali ahmed,name,user_8690,username,0.111,0.0,0.0,0.0,1,0.0,0
sraa_smtih,username,sara_smith,username,0.8,0.8,0.0,0.0,0,0.0,1
user_7463,username,robert williams,name,0.167,0.0,0.0,0.0,0,0.0,0
+917327141441,phone,john_johnson@hotmail.com,email,0.0,0.0,0.0,0.0,0,0.0,0
michaelsharmasite.com,domain,+13755491676,phone,0.0,0.0,0.0,0.0,1,0.0,1
+12746158661,phone,john_ahmed@hotmail.com,email,0.0,0.0,0.0,0.0,0,0.0,1
sara_smith,username,sara@customlab.org,email,0.571,0.0,0.0,0.0,1,0.0,1
user_7500,username,+916265061272,phone,0.182,0.0,0.0,0.0,0,0.0,0
user_4126,username,contact_5109@proton.me,email,0.19,0.0,0.0,0.0,0,0.0,0
site_4734.com,domain,contact_5476@gmail.com,email,0.0,0.0,0.0,0.0,0,0.0,0
contact_6473@hotmail.com,email,user_3067,username,0.286,0.0,0.0,0.0,1,0.0,0
michael_sharmacoder,username,kenguptasite.com,domain,0.229,0.0,0.0,0.0,0,0.0,0
ali42,username,+14813245789,phone,0.235,0.0,0.0,0.0,2,0.0,1
jane3,username,michael williams,name,0.19,0.0,0.0,0.0,0,0.0,0
ananyakhansite.com,domain,janesatosite.com,domain,0.0,0.0,0.0,0.0,0,0.0,0
+916513898037,phone,site_943.com,domain,0.0,0.0,0.0,0.0,0,0.0,0
lisatanakasite.com,domain,+917107621714,phone,0.0,0.0,0.0,0.0,0,0.0,0
yukidevisite.com,domain,yuki_devi,username,0.64,0.0,0.0,0.0,0,0.0,1
michaelbrownsite.com,domain,michael_brown,username,0.727,0.0,0.0,0.0,1,0.0,1
lisa_patel@hotmail.com,email,lsia_patle,username,0.8,0.0,0.0,0.0,0,0.0,1
user_7218,username,user_4389,username,0.667,0.667,0.0,0.0,0,0.0,0
rajesh gupta,name,rajesh64@yahoo.com,email,0.6,0.0,0.0,0.0,0,0.0,0
+916455780998,phone,lisa doe,name,0.0,0.0,0.0,0.0,0,0.0,0
site_6339.com,domain,user_3658,username,0.364,0.0,0.0,0.0,0,0.0,0
lisapatelsite.com,domain,rajeshmillersite.com,domain,0.0,0.0,0.0,0.0,0,0.0,0
michaeltanakasite.com,domain,michael tanaka,name,0.743,0.0,0.0,0.0,1,0.0,1
+917107621714,phone,+919243258548,phone,0.0,0.0,0.0,0.0,0,0.0,0
contact_9613@outlook.com,email,contact_7143@yahoo.com,email,0.0,0.0,0.0,0.0,0,0.0,0
john_johnson@hotmail.com,email,+19452583744,phone,0.0,0.0,0.0,0.0,2,0.0,1
site_4825.com,domain,site_7063.com,domain,0.0,0.0,0.0,0.0,0,0.0,0
elenadavissite.com,domain,hacker_priya76,username,0.125,0.0,0.0,0.0,0,0.0,0
sara88@hotmail.com,email,michael_brown@hotmail.com,email,0.0,0.0,0.0,0.0,0,0.0,0
+13050302325,phone,aimt_sharma,username,0.0,0.0,0.0,0.0,1,0.0,1
lisa brown,name,sraa_smith,username,0.2,0.0,0.0,0.0,0,0.0,0
michael_tanaka@michaelsite.net,email,michael_tanakadev.org,domain,0.0,0.0,0.0,0.0,0,0.0,1
contact_1578@gmail.com,email,michael smith,name,0.24,0.0,0.0,0.0,0,0.0,0
contact_2066@gmail.com,email,contact_7834@yahoo.com,email,0.0,0.0,0.0,0.0,0,0.0,0
+916415870912,phone,site_388.com,domain,0.0,0.0,0.0,0.0,0,0.0,0
site_2065.com,domain,rajesh doe,name,0.087,0.0,0.0,0.0,0,0.0,0
hacker_davvid38,username,davidlabs.net,domain,0.357,0.0,0.0,0.0,0,0.0,1
priya39@gmail.com,email,priya76@proton.me,email,0.0,0.0,0.0,0.0,0,0.0,0
+916513292050,phone,site_6360.com,domain,0.0,0.0,0.0,0.0,0,0.0,0
+916759229683,phone,michael sato,name,0.0,0.0,0.0,0.0,0,0.0,0
johnjohnsonsite.com,domain,ken_gupta,username,0.143,0.0,0.0,0.0,0,0.0,0
site_9161.com,domain,fatima martinez,name,0.214,0.0,0.0,0.0,0,0.0,0
michae_lshaxrma,username,michael_sharma,username,0.897,0.897,0.0,0.0,1,0.0,1
jane_johnson@hotmail.com,email,john15,username,0.444,0.0,0.0,0.0,0,0.0,0
john johnson,name,hacker_john_ahmed,username,0.345,0.0,0.0,0.0,0,0.0,0
+919552044458,phone,john15@outlook.com,email,0.0,0.0,0.0,0.0,0,0.0,0
ken johnson,name,user_9230,username,0.2,0.0,0.0,0.0,0,0.0,0
site_1229.com,domain,user_3807,username,0.273,0.0,0.0,0.0,0,0.0,0
hacker_jane_singh,username,janesinghsite.com,domain,0.529,0.0,0.0,0.0,1,0.0,1
lisa9,username,ken3,username,0.0,0.0,0.0,0.0,0,0.0,0
elena davis,name,lisa_ahmed,username,0.286,0.0,0.0,0.0,0,0.0,0
lisa patel,name,lisa_patel@hotmail.com,email,0.9,0.0,0.0,0.0,2,0.0,1
michael_brown@hotmail.com,email,amit_sharma,username,0.417,0.0,0.0,0.0,0,0.0,0
site_5299.com,domain,+916866989541,phone,0.0,0.0,0.0,0.0,0,0.0,0
user_7451,username,+916697218394,phone,0.182,0.0,0.0,0.0,0,0.0,0
+916778153880,phone,user_8181,username,0.273,0.0,0.0,0.0,0,0.0,0
hacker_jane_singh,username,+919596703526,phone,0.0,0.0,0.0,0.0,0,0.0,0
hacker_elena_tanaka,username,rajesh martinez,name,0.294,0.0,0.0,0.0,0,0.0,0
+916827703609,phone,michael garcia,name,0.0,0.0,0.0,0.0,0,0.0,0
michael_willias,username,michael williams,name,0.903,0.0,0.0,0.0,2,0.0,1
amit johnson,name,ait_johnson,username,0.87,0.0,0.0,0.0,0,0.0,1
yuki_devi@outlook.com,email,yuk_iedvi,username,0.778,0.0,0.0,0.0,2,0.0,1
sara88,username,rajesh smith,name,0.222,0.0,0.0,0.0,0,0.0,0
+917107621714,phone,fatima83@outlook.com,email,0.0,0.0,0.0,0.0,0,0.0,0
site_2863.com,domain,yuki gupta,name,0.087,0.0,0.0,0.0,0,0.0,0
hacker_ken_gupta,username,ken_gutpa,username,0.64,0.64,0.0,0.0,2,0.0,1
elena dazvis,name,+18022317079,phone,0.0,0.0,0.0,0.0,2,0.0,1
+13632976005,phone,david38@hotmail.com,email,0.0,0.0,0.0,0.0,1,0.0,1
+916907477163,phone,site_4470.com,domain,0.0,0.0,0.0,0.0,0,0.0,0
jane3,username,jane3coder,username,0.667,0.667,0.0,0.0,1,0.0,1
ken_gupta,username,ken_gutpa,username,0.889,0.889,0.0,0.0,2,0.0,1
robert khan,name,site_8777.com,domain,0.083,0.0,0.0,0.0,0,0.0,0
lisa tanaka,name,lisa@customlab.org,email,1.0,0.0,0.0,0.0,1,0.0,1
rajeshguptasite.com,domain,emily_brown@yahoo.com,email,0.0,0.0,0.0,0.0,0,0.0,0
michael_williams,username,+917684885731,phone,0.0,0.0,0.0,0.0,1,0.0,0
yuki_devi@outlook.com,email,yuki_devi@yukisite.net,email,0.0,0.0,0.0,0.0,0,0.0,1
contact_7192@outlook.com,email,contact_4342@hotmail.com,email,0.0,0.0,0.0,0.0,1,0.0,0
jane_singh@gmail.com,email,ananyakhan,username,0.4,0.0,0.0,0.0,0,0.0,0
site_895.com,domain,site_7100.com,domain,0.0,0.0,0.0,0.0,0,0.0,0
user_5592,username,site_4332.com,domain,0.364,0.0,0.0,0.0,0,0.0,0
fatima patel,name,fatima@customlab.org,email,1.0,0.0,0.0,0.0,3,0.0,1
amitlabs.net,domain,amit_sharma,username,0.435,0.0,0.0,0.0,0,0.0,1
priya singh,name,lisa92@gmail.com,email,0.235,0.0,0.0,0.0,0,0.0,0
yuki_amhed,username,hacker_yuki_ahmed,username,0.667,0.667,0.0,0.0,1,0.0,1
contact_7876@proton.me,email,fatima jones,name,0.167,0.0,0.0,0.0,0,0.0,0
fatimapatelsite.com,domain,fatima patel,name,0.71,0.0,0.0,0.0,3,0.0,1
contact_7294@hotmail.com,email,user_3658,username,0.095,0.0,0.0,0.0,0,0.0,0
+917265935870,phone,hacker_rajesh64,username,0.071,0.0,0.0,0.0,0,0.0,0
site_3655.com,domain,ananya tanaka,name,0.077,0.0,0.0,0.0,0,0.0,0
carlos singh,name,ananya johnson,name,0.308,0.0,0.0,0.0,0,0.0,0
rajesh martinz,name,rajesh_martiez,username,0.429,0.0,0.0,0.0,0,0.0,1
jane_johnson,username,lisa brown,name,0.273,0.0,0.0,0.0,0,0.0,0
contact_1480@proton.me,email,user_3830,username,0.286,0.0,0.0,0.0,0,0.0,0
michael_bronw,username,michael_borwn@michaelsite.net,email,0.846,0.0,0.0,0.0,2,0.0,1
rahul patel,name,kengarciasite.com,domain,0.214,0.0,0.0,0.0,0,0.0,0
elena davis,name,+917212115091,phone,0.0,0.0,0.0,0.0,0,0.0,0
jken80,username,kengarciasite.com,domain,0.261,0.0,0.0,0.0,3,0.0,1
contact_2964@proton.me,email,contact_9543@yahoo.com,email,0.0,0.0,0.0,0.0,0,0.0,0
carlossharmasite.com,domain,carlos sharma,name,0.727,0.0,0.0,0.0,0,0.0,1
sara88,username,hacker_carlos_sharma,username,0.308,0.308,0.0,0.0,0,0.0,0
site_1730.com,domain,john khan,name,0.091,0.0,0.0,0.0,0,0.0,0
contact_7343@proton.me,email,+916733855200,phone,0.0,0.0,0.0,0.0,0,0.0,0
lisabrownsite.com,domain,+919387772934,phone,0.0,0.0,0.0,0.0,1,0.0,1
contact_4080@gmail.com,email,+916116528967,phone,0.0,0.0,0.0,0.0,0,0.0,0
fatima70@hotmail.com,email,fatima70coer,username,0.8,0.0,0.0,0.0,1,0.0,1
amit_johnson@outlook.com,email,jane35@gmail.com,email,0.0,0.0,0.0,0.0,0,0.0,0
+18606001900,phone,elnea35@elenasite.net,email,0.0,0.0,0.0,0.0,0,0.0,1
priya williams,name,+918687709408,phone,0.0,0.0,0.0,0.0,0,0.0,0
lisaahmedsite.com,domain,carlos_sharma@hotmail.com,email,0.0,0.0,0.0,0.0,0,0.0,0
hacker_michael_tanaka,username,michael_tanaka,username,0.8,0.8,0.0,0.0,2,0.0,1
+919837615419,phone,elnea35,username,0.2,0.0,0.0,0.0,0,0.0,0
johnlabs.net,domain,johngarcia,username,0.455,0.0,0.0,0.0,0,0.0,1
+916862124799,phone,+916745931357,phone,0.0,0.0,0.0,0.0,0,0.0,0
neha brown,name,contact_2212@hotmail.com,email,0.273,0.0,0.0,0.0,0,0.0,0
lsia@customlab.org,email,lisa ahmed,name,0.429,0.0,0.0,0.0,0,0.0,1
neha miller,name,user_9086,username,0.2,0.0,0.0,0.0,0,0.0,0
michaelwilliamssite.com,domain,rahul77@outlook.com,email,0.0,0.0,0.0,0.0,0,0.0,0
prizya39,username,priya brown,name,0.526,0.0,0.0,0.0,1,0.0,1
+918595924800,phone,lisa48@proton.me,email,0.0,0.0,0.0,0.0,0,0.0,0
+918963267690,phone,hacker_john_ahmed,username,0.0,0.0,0.0,0.0,0,0.0,0
michael_williams@proton.me,email,hacker_michael_williams9,username,0.8,0.0,0.0,0.0,0,0.0,1
yuki_ahmed@outlook.com,email,jane sato,name,0.211,0.0,0.0,0.0,0,0.0,0
site_6996.com,domain,user_5950,username,0.364,0.0,0.0,0.0,0,0.0,0
john_johnson@hotmail.com,email,hakcer_john_johnson,username,0.774,0.0,0.0,0.0,1,0.0,1
site_1743.com,domain,+916161254547,phone,0.0,0.0,0.0,0.0,0,0.0,0
priya singh,name,lisa9,username,0.25,0.0,0.0,0.0,0,0.0,0
lisatanakasite.com,domain,+917912548711,phone,0.0,0.0,0.0,0.0,0,0.0,0
+917265935870,phone,+918474818136,phone,0.0,0.0,0.0,0.0,1,0.0,0
rajesh68@rajeshsite.net,email,+15030176043,phone,0.0,0.0,0.0,0.0,2,0.0,1
contact_9172@gmail.com,email,site_9260.com,domain,0.0,0.0,0.0,0.0,0,0.0,0
rajesh miller,name,ali_ahmed,username,0.273,0.0,0.0,0.0,1,0.0,0
site_2852.com,domain,+916238648039,phone,0.0,0.0,0.0,0.0,2,0.0,0
+916707754938,phone,contact_2807@gmail.com,email,0.0,0.0,0.0,0.0,0,0.0,0
janelabs.net,domain,hacker_jane_johnsno,username,0.387,0.0,0.0,0.0,0,0.0,1
hacker_priya39,username,hacker_john_johnson,username,0.424,0.424,0.0,0.0,0,0.0,0
michael martinez,name,ken garcia,name,0.385,0.0,0.0,0.0,0,0.0,0
site_874.com,domain,contact_3929@hotmail.com,email,0.0,0.0,0.0,0.0,0,0.0,0
site_1714.com,domain,site_4273.com,domain,0.0,0.0,0.0,0.0,0,0.0,0
sara gupta,name,user_8085,username,0.316,0.0,0.0,0.0,0,0.0,0
user_3697,username,+916316058182,phone,0.182,0.0,0.0,0.0,0,0.0,0
user_5655,username,yuki brown,name,0.105,0.0,0.0,0.0,0,0.0,0
site_6011.com,domain,contact_5881@outlook.com,email,0.0,0.0,0.0,0.0,0,0.0,0
ali42coder,username,johnjohnsonsite.com,domain,0.207,0.0,0.0,0.0,0,0.0,0
yuki_ahmed@outlook.com,email,carlossharmasite.com,domain,0.0,0.0,0.0,0.0,0,0.0,0
+917327141441,phone,+917336835980,phone,0.0,0.0,0.0,0.0,0,0.0,0
user_1586,username,site_8896.com,domain,0.455,0.0,0.0,0.0,0,0.0,0
site_510.com,domain,+916206632601,phone,0.0,0.0,0.0,0.0,0,0.0,0
lisa77,username,hacker_lias77,username,0.526,0.526,0.0,0.0,0,0.0,1
site_8797.com,domain,+916468979720,phone,0.0,0.0,0.0,0.0,0,0.0,0
johngarcia,username,hacker_john_garcia,username,0.714,0.714,0.0,0.0,1,0.0,1
user_2804,username,site_3108.com,domain,0.364,0.0,0.0,0.0,0,0.0,0
jane_johnson,username,rajeshsmithsite.com,domain,0.323,0.0,0.0,0.0,0,0.0,0
contact_2817@yahoo.com,email,+916988458176,phone,0.0,0.0,0.0,0.0,0,0.0,0
amit devi,name,contact_7215@hotmail.com,email,0.19,0.0,0.0,0.0,0,0.0,0
hacker_sara_smith,username,sara_msith,username,0.667,0.667,0.0,0.0,0,0.0,1
john_johns2on,username,hacker_john_johnson@johnsite.net,email,0.75,0.0,0.0,0.0,2,0.0,1
kengarciasite.com,domain,+917912548711,phone,0.0,0.0,0.0,0.0,0,0.0,0
rajesh68c8oder,username,+15030176043,phone,0.077,0.0,0.0,0.0,1,0.0,1
sara@customlab.org,email,sara smith,name,1.0,0.0,0.0,0.0,1,0.0,1
michael_williams@proton.me,email,hacker_michael_williams,username,0.821,0.0,0.0,0.0,1,0.0,1
+916151492303,phone,user_8497,username,0.182,0.0,0.0,0.0,0,0.0,0
user_1188,username,contact_7294@hotmail.com,email,0.095,0.0,0.0,0.0,0,0.0,0
+917047187022,phone,amit_johnson@outlook.com,email,0.0,0.0,0.0,0.0,0,0.0,0
user_3978,username,site_7243.com,domain,0.364,0.0,0.0,0.0,0,0.0,0
user_7903,username,site_8643.com,domain,0.364,0.0,0.0,0.0,0,0.0,0
elena tanaka,name,+917521726436,phone,0.0,0.0,0.0,0.0,0,0.0,0
ken3,username,lisapatelsite.com,domain,0.095,0.0,0.0,0.0,0,0.0,0
site_6339.com,domain,+916449213567,phone,0.0,0.0,0.0,0.0,0,0.0,0
amitsharmasite.com,domain,carlos_sharma@hotmail.com,email,0.0,0.0,0.0,0.0,0,0.0,0
lisaa_hed,username,+918687709408,phone,0.0,0.0,0.0,0.0,1,0.0,1
contact_7772@proton.me,email,user_4974,username,0.19,0.0,0.0,0.0,0,0.0,0
site_3918.com,domain,contact_7966@gmail.com,email,0.0,0.0,0.0,0.0,0,0.0,0
+916231745911,phone,carlos jones,name,0.0,0.0,0.0,0.0,0,0.0,0
hacker_lias77,username,lisa77dev.org,domain,0.385,0.0,0.0,0.0,0,0.0,1
michael_brown,username,hacker_michael_brown,username,0.788,0.788,0.0,0.0,0,0.0,1
lisa_patel@hotmail.com,email,ananya_khan@proton.me,email,0.0,0.0,0.0,0.0,0,0.0,0
michael_sharma,username,michael_sharmacoderdev.org,domain,0.7,0.0,0.0,0.0,1,0.0,1
yu7ki_ahmed,username,uy7ki_ahmed,username,0.909,0.909,0.0,0.0,3,0.0,1
+916502647274,phone,user_6596,username,0.273,0.0,0.0,0.0,0,0.0,0
priya brown,name,site_1825.com,domain,0.083,0.0,0.0,0.0,0,0.0,0
+918981347325,phone,rahul77,username,0.1,0.0,0.0,0.0,0,0.0,0
contact_8973@outlook.com,email,site_6049.com,domain,0.0,0.0,0.0,0.0,0,0.0,0
user_5862,username,contact_1439@yahoo.com,email,0.095,0.0,0.0,0.0,0,0.0,0
+916722876731,phone,site_3274.com,domain,0.0,0.0,0.0,0.0,0,0.0,0
jane scato,name,jane3,username,0.533,0.0,0.0,0.0,0,0.0,1
priyabrownsite.com,domain,fatima70@hotmail.com,email,0.0,0.0,0.0,0.0,0,0.0,0
user_9940,username,+916534358439,phone,0.182,0.0,0.0,0.0,0,0.0,0
janejohnsonsite.com,domain,+917107621714,phone,0.0,0.0,0.0,0.0,0,0.0,0
site_2812.com,domain,robert devi,name,0.167,0.0,0.0,0.0,0,0.0,0
rajeshsinghsite.com,domain,+917912548711,phone,0.0,0.0,0.0,0.0,0,0.0,0
+917327141441,phone,+917047187022,phone,0.0,0.0,0.0,0.0,0,0.0,0
+917658170004,phone,hacker_rajesh_gupta,username,0.0,0.0,0.0,0.0,0,0.0,0
site_7798.com,domain,contact_9349@gmail.com,email,0.0,0.0,0.0,0.0,0,0.0,0
+916274447966,phone,user_4383,username,0.091,0.0,0.0,0.0,0,0.0,0
lisa brwon,name,lisa770,username,0.471,0.0,0.0,0.0,0,0.0,1
site_5981.com,domain,site_5393.com,domain,0.0,0.0,0.0,0.0,0,0.0,0
yuki_wililams,username,+918981347325,phone,0.0,0.0,0.0,0.0,0,0.0,0
contact_2072@outlook.com,email,contact_2382@yahoo.com,email,0.0,0.0,0.0,0.0,0,0.0,0
hacker_emily_brown,username,+919457189042,phone,0.0,0.0,0.0,0.0,2,0.0,0
michael williams,name,ken37@yahoo.com,email,0.095,0.0,0.0,0.0,0,0.0,0
lisa9,username,michael sharma,name,0.316,0.0,0.0,0.0,0,0.0,0
ananyakhan@ananyasite.net,email,ananyakhan,username,1.0,0.0,0.0,1.0,3,0.0,1
user_9052,username,user_4094,username,0.667,0.667,0.0,0.0,0,0.0,0
sraa_smith,username,jane sato,name,0.316,0.0,0.0,0.0,0,0.0,0
+918475056187,phone,hacker_kien80,username,0.154,0.0,0.0,0.0,1,0.0,1
site_2820.com,domain,rahul tanaka,name,0.08,0.0,0.0,0.0,0,0.0,0
contact_8779@yahoo.com,email,user_5365,username,0.095,0.0,0.0,0.0,0,0.0,0
priyasinghsite.com,domain,+917265935870,phone,0.0,0.0,0.0,0.0,0,0.0,0
site_3070.com,domain,contact_8774@outlook.com,email,0.0,0.0,0.0,0.0,0,0.0,0
ali42@proton.me,email,+918123425397,phone,0.0,0.0,0.0,0.0,0,0.0,0
elena davis,name,ali_ahmed,username,0.3,0.0,0.0,0.0,0,0.0,0
lisa devi,name,rajesh kumar,name,0.19,0.0,0.0,0.0,0,0.0,0
hacker_kien80,username,ken@customlab.org,email,0.375,0.0,0.0,0.0,2,0.0,1
site_3274.com,domain,ali devi,name,0.19,0.0,0.0,0.0,0,0.0,0
site_6788.com,domain,site_4533.com,domain,0.0,0.0,0.0,0.0,0,0.0,0
+918963267690,phone,priya_williams@yahoo.com,email,0.0,0.0,0.0,0.0,0,0.0,0
contact_9827@gmail.com,email,ken miller,name,0.091,0.0,0.0,0.0,0,0.0,0
rajesh68,username,+917327141441,phone,0.0,0.0,0.0,0.0,0,0.0,0
user_5266,username,site_5992.com,domain,0.455,0.0,0.0,0.0,0,0.0,0
amitsharmasite.com,domain,aliahmedsite.com,domain,0.0,0.0,0.0,0.0,0,0.0,0
fatimalabs.net,domain,hackerfatima83,username,0.429,0.0,0.0,0.0,2,0.0,1
contact_8973@outlook.com,email,+916030539735,phone,0.0,0.0,0.0,0.0,0,0.0,0
hacker_rajesh97,username,michael tanaka,name,0.276,0.0,0.0,0.0,0,0.0,0
user_2051,username,contact_9354@gmail.com,email,0.19,0.0,0.0,0.0,0,0.0,0
user_8851,username,contact_3269@yahoo.com,email,0.095,0.0,0.0,0.0,0,0.0,0
+15289047763,phone,rajesh miler,name,0.0,0.0,0.0,0.0,0,0.0,1
priyabrownsite.com,domain,+917430387833,phone,0.0,0.0,0.0,0.0,0,0.0,0
yukiahmedsite.com,domain,+14491292026,phone,0.0,0.0,0.0,0.0,1,0.0,1
+916899225469,phone,elena williams,name,0.0,0.0,0.0,0.0,0,0.0,0
jken80,username,kenlabs.net,domain,0.353,0.0,0.0,0.0,0,0.0,1
contact_6639@yahoo.com,email,carlos devi,name,0.174,0.0,0.0,0.0,0,0.0,0
praiya76,username,+16461064505,phone,0.1,0.0,0.0,0.0,0,0.0,1
lisa92@gmail.com,email,ananyakhan,username,0.125,0.0,0.0,0.0,0,0.0,0
+919582781625,phone,fatima patel,name,0.0,0.0,0.0,0.0,0,0.0,0
lisa devi,name,+917658170004,phone,0.0,0.0,0.0,0.0,1,0.0,1
priya_williamscoder,username,lisa brown,name,0.345,0.0,0.0,0.0,0,0.0,0
rajesh_gupta,username,rajesh guta,name,0.522,0.0,0.0,0.0,0,0.0,1
hacker_john_ahmed,username,rajesh68,username,0.24,0.24,0.0,0.0,0,0.0,0
hacker_priya39,username,+917912548711,phone,0.074,0.0,0.0,0.0,0,0.0,0
lisapatelsite.com,domain,lisadevisite.com,domain,0.0,0.0,0.0,0.0,0,0.0,0
user_9385,username,+916552934587,phone,0.273,0.0,0.0,0.0,0,0.0,0
+916788360209,phone,user_7383,username,0.273,0.0,0.0,0.0,0,0.0,0
user_9143,username,contact_7401@yahoo.com,email,0.19,0.0,0.0,0.0,0,0.0,0
+919032150374,phone,rajesh_miller@proton.me,email,0.0,0.0,0.0,0.0,0,0.0,0
emilybrownsite.com,domain,johnsmithsite.com,domain,0.0,0.0,0.0,0.0,0,0.0,0
rajeshkhansite.com,domain,rajesh97,username,0.462,0.0,0.0,0.0,0,0.0,1
al kumar,name,ali42coder@alisite.net,email,0.333,0.0,0.0,0.0,1,0.0,1
lisa9,username,lisa92coder,username,0.625,0.625,0.0,0.0,1,0.0,1
+916420716661,phone,site_6186.com,domain,0.0,0.0,0.0,0.0,0,0.0,0
sara_smith@hotmail.com,email,rajesh martinez,name,0.4,0.0,0.0,0.0,0,0.0,0
+916578603005,phone,contact_3405@yahoo.com,email,0.0,0.0,0.0,0.0,0,0.0,0
user_8690,username,user_3764,username,0.667,0.667,0.0,0.0,0,0.0,0
sara88@hotmail.com,email,rajesh martinez,name,0.286,0.0,0.0,0.0,0,0.0,0
+917871714345,phone,rajesh6,username,0.0,0.0,0.0,0.0,1,0.0,1
+916106051551,phone,user_2051,username,0.273,0.0,0.0,0.0,0,0.0,0
priyawilliamssite.com,domain,priyaw_illmiams,username,0.722,0.0,0.0,0.0,0,0.0,1
davidsinghsite.com,domain,+917212115091,phone,0.0,0.0,0.0,0.0,0,0.0,0
michael_tnaaka,username,michael_tanka,username,0.889,0.889,0.0,0.0,0,0.0,1
ken gupta,name,priya singh,name,0.4,0.0,0.0,0.0,0,0.0,0
amit_sharma@amitsite.net,email,+13050302325,phone,0.0,0.0,0.0,0.0,2,0.0,1
saramillersite.com,domain,rajesh gupta,name,0.333,0.0,0.0,0.0,0,0.0,0
+919640160203,phone,carlossharmasite.com,domain,0.0,0.0,0.0,0.0,0,0.0,0
contact_1002@gmail.com,email,contact_267@gmail.com,email,0.0,0.0,0.0,0.0,0,0.0,0
+919582781625,phone,rajeshmillersite.com,domain,0.0,0.0,0.0,0.0,0,0.0,0
hacker_john_ahmed,username,lisadevisite.com,domain,0.242,0.0,0.0,0.0,0,0.0,0
ke3n7,username,hacker_ken37,username,0.471,0.471,0.0,0.0,0,0.0,1
contact_2977@yahoo.com,email,contact_7099@hotmail.com,email,0.0,0.0,0.0,0.0,0,0.0,0
david smith,name,site_7869.com,domain,0.25,0.0,0.0,0.0,0,0.0,0
+917521726436,phone,+919376816771,phone,0.0,0.0,0.0,0.0,0,0.0,0
+916523648129,phone,+916327680566,phone,0.0,0.0,0.0,0.0,0,0.0,0
elena sato,name,site_4256.com,domain,0.261,0.0,0.0,0.0,0,0.0,0
+15692639547,phone,elenalabs.net,domain,0.0,0.0,0.0,0.0,0,0.0,1
user_3620,username,emily patel,name,0.1,0.0,0.0,0.0,0,0.0,0
ajne johnson,name,jane johnson,name,0.917,0.0,0.0,0.0,3,0.0,1
user_439,username,contact_3672@gmail.com,email,0.2,0.0,0.0,0.0,0,0.0,0
contact_1534@gmail.com,email,+916681064376,phone,0.0,0.0,0.0,0.0,0,0.0,0
+919596703526,phone,yukiwilliamssite.com,domain,0.0,0.0,0.0,0.0,0,0.0,0
lisa devi,name,yuki_wililams,username,0.364,0.0,0.0,0.0,0,0.0,0
+919254703979,phone,yukidevisite.com,domain,0.0,0.0,0.0,0.0,0,0.0,0
+916245263255,phone,user_5576,username,0.182,0.0,0.0,0.0,0,0.0,0
lisa patel,name,rajesh_martinez,username,0.32,0.0,0.0,0.0,0,0.0,0
+916062611764,phone,user_8866,username,0.182,0.0,0.0,0.0,0,0.0,0
ali singh,name,rajesh kumar,name,0.381,0.0,0.0,0.0,0,0.0,0
ananya khan,name,yuki_ahmed@outlook.com,email,0.286,0.0,0.0,0.0,0,0.0,0
+919733959353,phone,+917521726436,phone,0.0,0.0,0.0,0.0,0,0.0,0
michael doe,name,site_2406.com,domain,0.167,0.0,0.0,0.0,0,0.0,0
lisa_patle,username,+919387772934,phone,0.0,0.0,0.0,0.0,0,0.0,0
fatima devi,name,site_4483.com,domain,0.25,0.0,0.0,0.0,0,0.0,0
lisa_patle,username,+919589711983,phone,0.0,0.0,0.0,0.0,0,0.0,0
amit ojhnson,name,amit johnson,name,0.917,0.0,0.0,0.0,2,0.0,1
ken37@yahoo.com,email,lisatanakasite.com,domain,0.0,0.0,0.0,0.0,0,0.0,0
michael_sharma@yahoo.com,email,yuki_wililams,username,0.296,0.0,0.0,0.0,0,0.0,0
+916195334935,phone,user_8085,username,0.091,0.0,0.0,0.0,0,0.0,0
jane_nsigh,username,jane_singh@gmail.com,email,0.9,0.0,0.0,0.0,1,0.0,1
michael_tanaka,username,+919289245144,phone,0.0,0.0,0.0,0.0,0,0.0,0
site_7561.com,domain,user_9121,username,0.364,0.0,0.0,0.0,0,0.0,0
yuki ahmed,name,emily_brown@yahoo.com,email,0.19,0.0,0.0,0.0,0,0.0,0
ken garcia,name,+917265935870,phone,0.0,0.0,0.0,0.0,0,0.0,0
+916313589941,phone,site_4769.com,domain,0.0,0.0,0.0,0.0,0,0.0,0
+917185643633,phone,faitma70,username,0.095,0.0,0.0,0.0,0,0.0,0
priyasinghsite.com,domain,hacker_rajesh_gupta,username,0.27,0.0,0.0,0.0,0,0.0,0
rajeshsinghsite.com,domain,rajeshlabs.net,domain,0.0,0.0,0.0,0.0,1,0.0,1
rajesh martinez,name,priya76@proton.me,email,0.273,0.0,0.0,0.0,0,0.0,0
fatima tanaka,name,david singh,name,0.333,0.0,0.0,0.0,0,0.0,0
ken jones,name,rajesh miller,name,0.273,0.0,0.0,0.0,0,0.0,0
site_510.com,domain,+916138536307,phone,0.0,0.0,0.0,0.0,0,0.0,0
contact_8445@yahoo.com,email,site_7244.com,domain,0.0,0.0,0.0,0.0,1,0.0,0
hacker_emily_brown,username,ken_gupta,username,0.222,0.222,0.0,0.0,0,0.0,0
emily brown,name,lisa ahmed,name,0.19,0.0,0.0,0.0,0,0.0,0
hacker_john_garcia,username,rajesh miller,name,0.258,0.0,0.0,0.0,0,0.0,0
rajesh_martinez,username,lisa patel,name,0.32,0.0,0.0,0.0,2,0.0,0
+916610379529,phone,elena devi,name,0.0,0.0,0.0,0.0,0,0.0,0
sara88@hotmail.com,email,fatimapatelsite.com,domain,0.0,0.0,0.0,0.0,0,0.0,0
emilybrownsite.com,domain,emilyb_rown,username,0.69,0.0,0.0,0.0,1,0.0,1
yuki_amhed,username,uy7ki_ahmed,username,0.762,0.762,0.0,0.0,0,0.0,1
jane johnson,name,ananya_khan@proton.me,email,0.348,0.0,0.0,0.0,0,0.0,0
priya singh,name,lisa_patel@hotmail.com,email,0.19,0.0,0.0,0.0,0,0.0,0
rajesh_singh@hotmail.com,email,amitsharmasite.com,domain,0.0,0.0,0.0,0.0,0,0.0,0
hakcer_john_johnson,username,hacker_john_johnson@johnsite.net,email,0.947,0.0,0.0,0.0,0,0.0,1
michael_sharm,username,michael_sharma@yahoo.com,email,0.963,0.0,0.0,0.0,0,0.0,1
ali42@proton.me,email,jane singh,name,0.267,0.0,0.0,0.0,0,0.0,0
+916414416341,phone,site_3364.com,domain,0.0,0.0,0.0,0.0,0,0.0,0
hackr_rajesh97,username,rajeshkhansite.com,domain,0.375,0.0,0.0,0.0,1,0.0,1
contact_3659@gmail.com,email,rajesh sato,name,0.174,0.0,0.0,0.0,0,0.0,0
rajeshlabs.net,domain,+919552044458,phone,0.0,0.0,0.0,0.0,0,0.0,1
rajesh gupta,name,site_8711.com,domain,0.16,0.0,0.0,0.0,0,0.0,0
hacker_rajesh_miller,username,rajesh_miller@proton.me,email,0.788,0.0,0.0,0.0,2,0.0,1
site_4273.com,domain,site_8735.com,domain,0.0,0.0,0.0,0.0,0,0.0,0
+17175203672,phone,fatma83,username,0.105,0.0,0.0,0.0,2,0.0,1
emilybrownsite.com,domain,ali_ahmed,username,0.222,0.0,0.0,0.0,0,0.0,0
contact_2715@proton.me,email,elena smith,name,0.261,0.0,0.0,0.0,0,0.0,0
+916423637239,phone,+916157253743,phone,0.0,0.0,0.0,0.0,0,0.0,0
+917336835980,phone,rajesh singh,name,0.0,0.0,0.0,0.0,0,0.0,0
contact_6922@hotmail.com,email,site_312.com,domain,0.0,0.0,0.0,0.0,0,0.0,0
site_8050.com,domain,amit gupta,name,0.174,0.0,0.0,0.0,0,0.0,0
ali_ahmed,username,faitma70,username,0.353,0.353,0.0,0.0,0,0.0,0
+919310858477,phone,jken80,username,0.105,0.0,0.0,0.0,0,0.0,0
site_1392.com,domain,user_7842,username,0.364,0.0,0.0,0.0,0,0.0,0
rajeshlabs.net,domain,hacker_rajesh_gupta,username,0.424,0.0,0.0,0.0,1,0.0,1
user_7115,username,site_4209.com,domain,0.273,0.0,0.0,0.0,0,0.0,0
site_700.com,domain,contact_1534@gmail.com,email,0.0,0.0,0.0,0.0,0,0.0,0
site_646.com,domain,amit williams,name,0.24,0.0,0.0,0.0,0,0.0,0
lisapatelsite.com,domain,+917185643633,phone,0.0,0.0,0.0,0.0,0,0.0,0
rajeshkhansite.com,domain,sara_smith@hotmail.com,email,0.0,0.0,0.0,0.0,0,0.0,0
yuki brown,name,site_3775.com,domain,0.087,0.0,0.0,0.0,1,0.0,0
anany akhan,name,+918123425397,phone,0.0,0.0,0.0,0.0,1,0.0,1
+917684885731,phone,amit_sharma,username,0.0,0.0,0.0,0.0,0,0.0,0
michael_tanaka@gmail.com,email,hacker_michael_tanhaka,username,0.778,0.0,0.0,0.0,3,0.0,1
jane3,username,priya76@proton.me,email,0.167,0.0,0.0,0.0,0,0.0,0
site_2563.com,domain,+916314748346,phone,0.0,0.0,0.0,0.0,0,0.0,0
site_636.com,domain,user_7796,username,0.381,0.0,0.0,0.0,0,0.0,0
yukiwilliamssite.com,domain,+919387772934,phone,0.0,0.0,0.0,0.0,0,0.0,0
elena tanaka,name,hacker_elena_tanaka,username,0.71,0.0,0.0,0.0,0,0.0,1
hacker_rajesh_martinez,username,rajesh_martinez@rajeshsite.net,email,0.811,0.0,0.0,0.0,2,0.0,1
hacker_john_garcia,username,+919254703979,phone,0.0,0.0,0.0,0.0,0,0.0,1
janejohnsonsite.com,domain,rajeshmartinezsite.com,domain,0.0,0.0,0.0,0.0,0,0.0,0
john_johnson@hotmail.com,email,+919596703526,phone,0.0,0.0,0.0,0.0,0,0.0,0
amit_johnson@outlook.com,email,rajesh miller,name,0.32,0.0,0.0,0.0,0,0.0,0
hacker_elena35,username,hacker_elena355,username,0.966,0.966,0.0,0.0,1,0.0,1
jane singh,name,hacker_janre_singh,username,0.643,0.0,0.0,0.0,3,0.0,1
contact_1193@hotmail.com,email,ali williams,name,0.083,0.0,0.0,0.0,0,0.0,0
contact_281@yahoo.com,email,fatima devi,name,0.182,0.0,0.0,0.0,0,0.0,0
contact_1802@hotmail.com,email,site_1251.com,domain,0.0,0.0,0.0,0.0,0,0.0,0
lisa_ahmed,username,lisa_ahmed@proton.me,email,1.0,0.0,0.0,1.0,2,0.0,1
+916713876368,phone,site_7840.com,domain,0.0,0.0,0.0,0.0,0,0.0,0
john_ahmed,username,john ahmed,name,0.5,0.0,0.0,0.0,0,0.0,1
contact_804@outlook.com,email,contact_9825@hotmail.com,email,0.0,0.0,0.0,0.0,0,0.0,0
johnahmedsite.com,domain,+918318297467,phone,0.0,0.0,0.0,0.0,0,0.0,0
ken jones,name,michael_williams@proton.me,email,0.16,0.0,0.0,0.0,0,0.0,0
michaelbrownsite.com,domain,+919254703979,phone,0.0,0.0,0.0,0.0,0,0.0,0
kenjonessite.com,domain,kenlabs.net,domain,0.0,0.0,0.0,0.0,2,0.0,1
yuki williams,name,elena tanaka,name,0.32,0.0,0.0,0.0,0,0.0,0
david38,username,jane singh,name,0.235,0.0,0.0,0.0,0,0.0,0
ken sharma,name,contact_8153@hotmail.com,email,0.182,0.0,0.0,0.0,0,0.0,0
john smith,name,+918209110951,phone,0.0,0.0,0.0,0.0,0,0.0,0
john ahmed,name,user_742,username,0.111,0.0,0.0,0.0,0,0.0,0
user_2770,username,user_8237,username,0.778,0.778,0.0,0.0,0,0.0,0
michael tanaka,name,elnea35,username,0.381,0.0,0.0,0.0,1,0.0,0
faitma70,username,amit sharma,name,0.526,0.0,0.0,0.0,0,0.0,0
+918474818136,phone,michaelbrownsite.com,domain,0.0,0.0,0.0,0.0,0,0.0,0
lisa ahmed,name,+917684885731,phone,0.0,0.0,0.0,0.0,0,0.0,0
amit johnson,name,+919994107253,phone,0.0,0.0,0.0,0.0,0,0.0,0
site_4159.com,domain,yuki williams,name,0.154,0.0,0.0,0.0,0,0.0,0
ken37@yahoo.com,email,rahulpatelsite.com,domain,0.0,0.0,0.0,0.0,0,0.0,0
lisa devi,name,hacker_lisa48,username,0.455,0.0,0.0,0.0,2,0.0,1
site_4646.com,domain,contact_5194@outlook.com,email,0.0,0.0,0.0,0.0,0,0.0,0
site_6360.com,domain,priya johnson,name,0.154,0.0,0.0,0.0,0,0.0,0
lisa9,username,ali kumar,name,0.429,0.0,0.0,0.0,0,0.0,0
+917212115091,phone,rajeshlabs.net,domain,0.0,0.0,0.0,0.0,0,0.0,1
elena williams,name,site_926.com,domain,0.154,0.0,0.0,0.0,0,0.0,0
ken3,username,kengarciasite.com,domain,0.286,0.0,0.0,0.0,0,0.0,0
contact_1505@hotmail.com,email,+916045206145,phone,0.0,0.0,0.0,0.0,0,0.0,0
+918595924800,phone,+918318297467,phone,0.0,0.0,0.0,0.0,0,0.0,0
ananyakhan,username,fatimadevisite.com,domain,0.143,0.0,0.0,0.0,0,0.0,0
+916801742147,phone,+916397234656,phone,0.0,0.0,0.0,0.0,0,0.0,0
+916051338808,phone,site_8748.com,domain,0.0,0.0,0.0,0.0,0,0.0,0
michael sharma,name,sraa_smith,username,0.25,0.0,0.0,0.0,0,0.0,0
ananya jones,name,contact_1161@gmail.com,email,0.167,0.0,0.0,0.0,0,0.0,0
ken_gupta,username,kenguptasite.com,domain,0.64,0.0,0.0,0.0,0,0.0,1
michael_brown,username,+919457189042,phone,0.0,0.0,0.0,0.0,2,0.0,1
elena1,username,elena dazvis,name,0.556,0.0,0.0,0.0,1,0.0,1
elena51@hotmail.com,email,elena51coder,username,0.737,0.0,0.0,0.0,0,0.0,1
+15394860710,phone,michael_borwn@michaelsite.net,email,0.0,0.0,0.0,0.0,0,0.0,1
contact_6017@gmail.com,email,+916759229683,phone,0.0,0.0,0.0,0.0,0,0.0,0
site_1319.com,domain,site_5921.com,domain,0.0,0.0,0.0,0.0,1,0.0,0
+916159493333,phone,user_2722,username,0.0,0.0,0.0,0.0,0,0.0,0
yuki_ahmed@outlook.com,email,jane singh,name,0.2,0.0,0.0,0.0,0,0.0,0
+917658170004,phone,ait_johnson,username,0.0,0.0,0.0,0.0,0,0.0,0
+916988458176,phone,contact_631@hotmail.com,email,0.0,0.0,0.0,0.0,0,0.0,0
john_johns2on,username,johnc johnson,name,0.846,0.0,0.0,0.0,0,0.0,1
+916221130872,phone,user_2348,username,0.273,0.0,0.0,0.0,0,0.0,0
hacker_lisa_atel,username,+14850779746,phone,0.0,0.0,0.0,0.0,1,0.0,1
john_johnson@hotmail.com,email,lisapatelsite.com,domain,0.0,0.0,0.0,0.0,0,0.0,0
site_4273.com,domain,contact_5542@outlook.com,email,0.0,0.0,0.0,0.0,0,0.0,0
ananya khan,name,aliahmedsite.com,domain,0.222,0.0,0.0,0.0,0,0.0,0
+916509080356,phone,ken devi,name,0.0,0.0,0.0,0.0,0,0.0,0
+917871714345,phone,hacker_emily_brown,username,0.0,0.0,0.0,0.0,0,0.0,0
michael_borwn,username,fatima tanaka,name,0.231,0.0,0.0,0.0,2,0.0,0
site_7254.com,domain,site_4900.com,domain,0.0,0.0,0.0,0.0,0,0.0,0
ken jones,name,michael tanaka,name,0.261,0.0,0.0,0.0,0,0.0,0
+918733759412,phone,+918183223644,phone,0.0,0.0,0.0,0.0,0,0.0,0
elena tanaka,name,rajesh64@yahoo.com,email,0.1,0.0,0.0,0.0,0,0.0,0
fatimatanakasite.com,domain,lisapatelsite.com,domain,0.0,0.0,0.0,0.0,0,0.0,0
site_6774.com,domain,site_719.com,domain,0.0,0.0,0.0,0.0,0,0.0,0
site_2207.com,domain,robert doe,name,0.174,0.0,0.0,0.0,0,0.0,0
fatima_patel,username,fatiam patel,name,0.833,0.0,0.0,0.0,3,0.0,1
+917107621714,phone,michael tanaka,name,0.0,0.0,0.0,0.0,0,0.0,0
amith_arma,username,+13050302325,phone,0.0,0.0,0.0,0.0,1,0.0,1
johnlabs.net,domain,john15coder,username,0.435,0.0,0.0,0.0,2,0.0,1
+916270532477,phone,site_8020.com,domain,0.0,0.0,0.0,0.0,0,0.0,0
jnae3,username,jane35@gmail.com,email,0.727,0.0,0.0,0.0,0,0.0,1
lisa_patel@outlook.com,email,lisa brown,name,0.4,0.0,0.0,0.0,0,0.0,0
hackerj_rahul77,username,rahul@customlab.org,email,0.5,0.0,0.0,0.0,0,0.0,1
sara88dev.org,domain,+917430387833,phone,0.0,0.0,0.0,0.0,0,0.0,1
davidsinghsite.com,domain,ken3,username,0.091,0.0,0.0,0.0,0,0.0,0
emilybrownsite.com,domain,emily_rbwon,username,0.552,0.0,0.0,0.0,0,0.0,1
neha garcia,name,+916443188427,phone,0.0,0.0,0.0,0.0,0,0.0,0
+919310858477,phone,ananyakhansite.com,domain,0.0,0.0,0.0,0.0,0,0.0,0
+16589069510,phone,ken_gupat,username,0.0,0.0,0.0,0.0,0,0.0,1
lisa taanka,name,+917336835980,phone,0.0,0.0,0.0,0.0,1,0.0,1
+17175203672,phone,fatima@customlab.org,email,0.0,0.0,0.0,0.0,2,0.0,1
contact_5749@outlook.com,email,site_605.com,domain,0.0,0.0,0.0,0.0,0,0.0,0
david38,username,michael_tanaka,username,0.095,0.095,0.0,0.0,0,0.0,0
lisa_patle,username,+918733759412,phone,0.0,0.0,0.0,0.0,0,0.0,1
rahul williams,name,user_8483,username,0.174,0.0,0.0,0.0,0,0.0,0
+916646219089,phone,contact_638@outlook.com,email,0.0,0.0,0.0,0.0,0,0.0,0
hacker_elena_tanaka,username,yukiahmedsite.com,domain,0.167,0.0,0.0,0.0,0,0.0,0
emily_brwon,username,emily brown,name,0.455,0.0,0.0,0.0,1,0.0,1
kenguptasite.com,domain,carlos sharma,name,0.207,0.0,0.0,0.0,0,0.0,0
priyabrownsite.com,domain,hacker_priya39,username,0.312,0.0,0.0,0.0,0,0.0,1
david singh,name,saramillersite.com,domain,0.276,0.0,0.0,0.0,0,0.0,0
carlos_harma,username,carloslabs.net,domain,0.538,0.0,0.0,0.0,2,0.0,1
+919254703979,phone,lisa brown,name,0.0,0.0,0.0,0.0,0,0.0,0
hacker_john_garcia@johnsite.net,email,john gacia,name,0.429,0.0,0.0,0.0,2,0.0,1
fatdim83,username,fatim83,username,0.933,0.933,0.0,0.0,0,0.0,1
rajeshmillersite.com,domain,rajeshlabs.net,domain,0.0,0.0,0.0,0.0,1,0.0,1
sara_smith@hotmail.com,email,+919952958729,phone,0.0,0.0,0.0,0.0,0,0.0,0
carlos tanaka,name,contact_7938@gmail.com,email,0.32,0.0,0.0,0.0,0,0.0,0
rahul77,username,+918318297467,phone,0.2,0.0,0.0,0.0,0,0.0,0
rajesh_martinez,username,elena sato,name,0.32,0.0,0.0,0.0,0,0.0,0
+918209110951,phone,yuki_williams,username,0.0,0.0,0.0,0.0,1,0.0,1
kenlabs.net,domain,+16750183932,phone,0.0,0.0,0.0,0.0,0,0.0,1
+918981347325,phone,hacker_rajesh64,username,0.071,0.0,0.0,0.0,2,0.0,1
michael devi,name,carlos johnson,name,0.231,0.0,0.0,0.0,0,0.0,0
site_1861.com,domain,emily devi,name,0.261,0.0,0.0,0.0,0,0.0,0
rajesh smith,name,michaelsharmasite.com,domain,0.424,0.0,0.0,0.0,0,0.0,0
davidsinghsite.com,domain,+918595924800,phone,0.0,0.0,0.0,0.0,0,0.0,0
john_garcia@outlook.com,email,hacke_rjohn_garcia,username,0.759,0.0,0.0,0.0,0,0.0,1
+918981347325,phone,jane_johnson,username,0.0,0.0,0.0,0.0,0,0.0,0
amit_sharma,username,fatima tanaka,name,0.417,0.0,0.0,0.0,0,0.0,0
user_3908,username,site_3462.com,domain,0.364,0.0,0.0,0.0,0,0.0,0
yuki iwlliams,name,+918209110951,phone,0.0,0.0,0.0,0.0,2,0.0,1
carlos_sharma@hotmail.com,email,yukiahmedsite.com,domain,0.0,0.0,0.0,0.0,0,0.0,0
+919552044458,phone,hacker_rajesh_gupta,username,0.0,0.0,0.0,0.0,1,0.0,1
user_4451,username,michael ahmed,name,0.091,0.0,0.0,0.0,0,0.0,0
+16589069510,phone,+918338710195,phone,0.0,0.0,0.0,0.0,3,0.0,1
+919916712744,phone,lisa patel,name,0.0,0.0,0.0,0.0,0,0.0,0
site_6723.com,domain,neha ahmed,name,0.087,0.0,0.0,0.0,0,0.0,0
elnea35,username,ali ahmed,name,0.25,0.0,0.0,0.0,0,0.0,0
yuki_ahmed@outlook.com,email,michael_borwn,username,0.261,0.0,0.0,0.0,0,0.0,0
priya_williams@yahoo.com,email,+918209110951,phone,0.0,0.0,0.0,0.0,1,0.0,0
johnsmithsite.com,domain,+917912548711,phone,0.0,0.0,0.0,0.0,0,0.0,0
carlossharmasite.com,domain,johnahmedsite.com,domain,0.0,0.0,0.0,0.0,0,0.0,0
+12299280777,phone,carlos sharma,name,0.0,0.0,0.0,0.0,1,0.0,1
lisa ahmed,name,rajesh miller,name,0.348,0.0,0.0,0.0,0,0.0,0
hacker_rajesh_martinez,username,arjesh_martine,username,0.778,0.778,0.0,0.0,0,0.0,1
contact_9163@gmail.com,email,user_592,username,0.2,0.0,0.0,0.0,0,0.0,0
+918335090736,phone,elena tanaka,name,0.0,0.0,0.0,0.0,0,0.0,0
robert singh,name,neha kumar,name,0.364,0.0,0.0,0.0,0,0.0,0
hacker_priya39,username,fatimapatelsite.com,domain,0.182,0.0,0.0,0.0,0,0.0,0
yuki williams,name,rajesh miller,name,0.385,0.0,0.0,0.0,0,0.0,0
user_2180,username,+916580034907,phone,0.273,0.0,0.0,0.0,0,0.0,0
rajeshlabs.net,domain,rajeshkhansite.com,domain,0.0,0.0,0.0,0.0,0,0.0,1
+919952958729,phone,yukidevisite.com,domain,0.0,0.0,0.0,0.0,0,0.0,1
+916771117663,phone,david khan,name,0.0,0.0,0.0,0.0,0,0.0,0
calros_sharma,username,carlos_sharma,username,0.923,0.923,0.0,0.0,1,0.0,1
priya_williams@yahoo.com,email,+919916712744,phone,0.0,0.0,0.0,0.0,0,0.0,0
user_7020,username,site_2972.com,domain,0.455,0.0,0.0,0.0,0,0.0,0
kenjonessite.com,domain,yuki_williams@gmail.com,email,0.0,0.0,0.0,0.0,0,0.0,0
priya39@gmail.com,email,lisa_patel@hotmail.com,email,0.0,0.0,0.0,0.0,0,0.0,0
hackerq_ken37,username,kenlabs.net,domain,0.25,0.0,0.0,0.0,2,0.0,1
user_6660,username,+916557458479,phone,0.091,0.0,0.0,0.0,0,0.0,0
amit sharma,name,yuki_ahmed,username,0.286,0.0,0.0,0.0,0,0.0,0
user_8447,username,site_407.com,domain,0.476,0.0,0.0,0.0,1,0.0,0
yukilabs.net,domain,+14491292026,phone,0.0,0.0,0.0,0.0,1,0.0,1
amitsharmasite.com,domain,aimt_sharma,username,0.621,0.0,0.0,0.0,0,0.0,1
kengarciasite.com,domain,priyabrownsite.com,domain,0.0,0.0,0.0,0.0,0,0.0,0
elena_tanaka@outlook.com,email,elena tanaksa,name,0.88,0.0,0.0,0.0,2,0.0,1
+919582781625,phone,jane johnson,name,0.0,0.0,0.0,0.0,0,0.0,1
+919666362423,phone,michael_sharma,username,0.0,0.0,0.0,0.0,1,0.0,1
johnahmedsite.com,domain,priya brown,name,0.214,0.0,0.0,0.0,0,0.0,0
+917212115091,phone,rajesh miller,name,0.0,0.0,0.0,0.0,3,0.0,1
+916555551959,phone,site_5955.com,domain,0.0,0.0,0.0,0.0,0,0.0,0
user_2885,username,user_2900,username,0.667,0.667,0.0,0.0,0,0.0,0
michael_williams,username,lisa48@proton.me,email,0.273,0.0,0.0,0.0,0,0.0,0
michael_brown,username,+15394860710,phone,0.0,0.0,0.0,0.0,2,0.0,1
lisa_ahmed,username,lisalabs.net,domain,0.545,0.0,0.0,0.0,0,0.0,1
janelabs.net,domain,jane_johnon,username,0.435,0.0,0.0,0.0,0,0.0,1
+919289245144,phone,elena_tanaka,username,0.0,0.0,0.0,0.0,0,0.0,1
lisaahmedsite.com,domain,+919666362423,phone,0.0,0.0,0.0,0.0,1,0.0,0
priya_williamscoder,username,hacker_carlos_sharma,username,0.256,0.256,0.0,0.0,0,0.0,0
+916674163993,phone,elena patel,name,0.0,0.0,0.0,0.0,0,0.0,0
rajeshmillersite.com,domain,rajesh_miller@proton.me,email,0.0,0.0,0.0,0.0,2,0.0,1
+917185643633,phone,yuki_ahmed,username,0.0,0.0,0.0,0.0,0,0.0,0
user_3427,username,user_5179,username,0.667,0.667,0.0,0.0,0,0.0,0
user_1940,username,neha ahmed,name,0.105,0.0,0.0,0.0,0,0.0,0
john15@outlook.com,email,yukiwilliamssite.com,domain,0.0,0.0,0.0,0.0,0,0.0,0
jane_singh@gmail.com,email,rajesh_singh@hotmail.com,email,0.0,0.0,0.0,0.0,0,0.0,0
sara88@hotmail.com,email,alikumarsite.com,domain,0.0,0.0,0.0,0.0,0,0.0,0
amitsharmasite.com,domain,amit sharma,name,0.69,0.0,0.0,0.0,0,0.0,1
michae_lshaxrma,username,michael_sharmacoder,username,0.765,0.765,0.0,0.0,0,0.0,1
rjaesh97,username,rajesh97,username,0.875,0.875,0.0,0.0,2,0.0,1
contact_6068@gmail.com,email,contact_7310@proton.me,email,0.0,0.0,0.0,0.0,0,0.0,0
michael sharma,name,+13755491676,phone,0.0,0.0,0.0,0.0,0,0.0,1
lisaa_hed,username,hacker_lisa_ahmed,username,0.615,0.615,0.0,0.0,1,0.0,1
rajesh_singh@hotmail.com,email,yuki williams,name,0.24,0.0,0.0,0.0,0,0.0,0
fatimadevisite.com,domain,elnea35,username,0.16,0.0,0.0,0.0,0,0.0,0
ken jones,name,+916739755907,phone,0.0,0.0,0.0,0.0,0,0.0,0
site_4547.com,domain,michael devi,name,0.16,0.0,0.0,0.0,0,0.0,0
hacker_emily_brown,username,emily_brwon,username,0.69,0.69,0.0,0.0,2,0.0,1
michaelbrownsite.com,domain,+919589711983,phone,0.0,0.0,0.0,0.0,0,0.0,0
site_8555.com,domain,+916554729910,phone,0.0,0.0,0.0,0.0,0,0.0,0
priya39@gmail.com,email,michael_tanaka@gmail.com,email,0.0,0.0,0.0,0.0,0,0.0,0
user_6811,username,contact_1935@proton.me,email,0.19,0.0,0.0,0.0,0,0.0,0
jane@customlab.org,email,hacker_janre_singh,username,0.364,0.0,0.0,0.0,0,0.0,1
site_4353.com,domain,contact_4967@outlook.com,email,0.0,0.0,0.0,0.0,0,0.0,0
hackerj_rahul77,username,rahu77,username,0.571,0.571,0.0,0.0,0,0.0,1
michael_tanaka@michaelsite.net,email,michaeltanakasite.com,domain,0.0,0.0,0.0,0.0,1,0.0,1
+919032150374,phone,ojhn ahmed,name,0.0,0.0,0.0,0.0,2,0.0,1
raul77,username,rahulpatelsite.com,domain,0.333,0.0,0.0,0.0,1,0.0,1
user_9086,username,user_703,username,0.706,0.706,0.0,0.0,1,0.0,0
+916116528967,phone,elena sharma,name,0.0,0.0,0.0,0.0,0,0.0,0
neha williams,name,site_1743.com,domain,0.154,0.0,0.0,0.0,0,0.0,0
user_7737,username,john ahmed,name,0.105,0.0,0.0,0.0,0,0.0,0
+919254703979,phone,john gacia,name,0.0,0.0,0.0,0.0,1,0.0,1
ken gupta,name,lisa brown,name,0.105,0.0,0.0,0.0,0,0.0,0
site_8182.com,domain,+916959532004,phone,0.0,0.0,0.0,0.0,0,0.0,0
+18397435820,phone,john_garcia,username,0.0,0.0,0.0,0.0,1,0.0,1
+916339126138,phone,site_4955.com,domain,0.0,0.0,0.0,0.0,0,0.0,0
site_4209.com,domain,+916934512328,phone,0.0,0.0,0.0,0.0,0,0.0,0
alikumarsite.com,domain,john johnson,name,0.143,0.0,0.0,0.0,0,0.0,0
lisa patel,name,rahul77,username,0.235,0.0,0.0,0.0,0,0.0,0
hacker_rajesh97,username,rajesh97@hotmail.com,email,0.696,0.0,0.0,0.0,2,0.0,1
sara gupta,name,user_2987,username,0.316,0.0,0.0,0.0,0,0.0,0
carlos_sharma@hotmail.com,email,+919032150374,phone,0.0,0.0,0.0,0.0,0,0.0,0
rajeshmartinezsite.com,domain,rajesh martinez,name,0.486,0.0,0.0,0.0,0,0.0,1
elena51@hotmail.com,email,+918963267690,phone,0.0,0.0,0.0,0.0,0,0.0,0
+918475056187,phone,ali_ahmed,username,0.0,0.0,0.0,0.0,0,0.0,0
rajesh_miller,username,fatima patel,name,0.24,0.0,0.0,0.0,0,0.0,0
sara garcia,name,carlos williams,name,0.385,0.0,0.0,0.0,0,0.0,0
lisa_patle,username,lisalabs.net,domain,0.545,0.0,0.0,0.0,1,0.0,1
ken patel,name,site_7672.com,domain,0.182,0.0,0.0,0.0,0,0.0,0
amit_johnson@outlook.com,email,priyawilliamssite.com,domain,0.0,0.0,0.0,0.0,0,0.0,0
user_1739,username,user_2534,username,0.667,0.667,0.0,0.0,0,0.0,0
contact_5783@yahoo.com,email,robert martinez,name,0.148,0.0,0.0,0.0,0,0.0,0
priya williams,name,priyaw_illmiams,username,0.897,0.0,0.0,0.0,1,0.0,1
fatim83,username,+918318297467,phone,0.2,0.0,0.0,0.0,0,0.0,0
rajesh khan,name,rajeshsmithsite.com,domain,0.4,0.0,0.0,0.0,0,0.0,0
john_ahmed,username,pjohn_hmed,username,0.9,0.9,0.0,0.0,3,0.0,1
contact_7834@yahoo.com,email,site_6806.com,domain,0.0,0.0,0.0,0.0,1,0.0,0
user_1996,username,site_8342.com,domain,0.273,0.0,0.0,0.0,0,0.0,0
+917185643633,phone,rajesh97@hotmail.com,email,0.0,0.0,0.0,0.0,0,0.0,1
carlos miller,name,contact_8126@gmail.com,email,0.16,0.0,0.0,0.0,0,0.0,0
john davis,name,+916254611983,phone,0.0,0.0,0.0,0.0,0,0.0,0
rajesh_miller,username,+919582781625,phone,0.0,0.0,0.0,0.0,0,0.0,0
+916274447966,phone,contact_3205@gmail.com,email,0.0,0.0,0.0,0.0,0,0.0,0
hacker_priya39,username,+917684885731,phone,0.074,0.0,0.0,0.0,0,0.0,0
site_5714.com,domain,emily brown,name,0.167,0.0,0.0,0.0,0,0.0,0
jane singh,name,lisa brown,name,0.3,0.0,0.0,0.0,1,0.0,0
+919310858477,phone,ken80@gmail.com,email,0.0,0.0,0.0,0.0,0,0.0,0
elena sato,name,+917327141441,phone,0.0,0.0,0.0,0.0,0,0.0,0
lisalabs.net,domain,lisa amed,name,0.381,0.0,0.0,0.0,2,0.0,1
rajesh64@yahoo.com,email,+917327141441,phone,0.0,0.0,0.0,0.0,0,0.0,0
michae_lshaxrma,username,michaelsharmasite.com,domain,0.722,0.0,0.0,0.0,0,0.0,1
elenasatosite.com,domain,rajesh miller,name,0.267,0.0,0.0,0.0,0,0.0,0
hacker_rajesh_martinez,username,rajesh_martiez,username,0.778,0.778,0.0,0.0,3,0.0,1
sarasmithsite.com,domain,michael_tanaka,username,0.258,0.0,0.0,0.0,0,0.0,0
+916398765018,phone,+916328816281,phone,0.0,0.0,0.0,0.0,0,0.0,0
john brown,name,emily sato,name,0.2,0.0,0.0,0.0,0,0.0,0
emily brown,name,yuki_devi,username,0.2,0.0,0.0,0.0,0,0.0,0
ali garcia,name,user_9260,username,0.105,0.0,0.0,0.0,0,0.0,0
priyasinghsite.com,domain,ananyakhansite.com,domain,0.0,0.0,0.0,0.0,0,0.0,0
aliahmedsite.com,domain,+918209110951,phone,0.0,0.0,0.0,0.0,0,0.0,0
contact_8351@gmail.com,email,site_3823.com,domain,0.0,0.0,0.0,0.0,0,0.0,0
+917336835980,phone,lisa brown,name,0.0,0.0,0.0,0.0,0,0.0,0
yuki_wililams,username,yukiwilliamssite.com,domain,0.667,0.0,0.0,0.0,0,0.0,1
amit sharma,name,lisa_patle,username,0.381,0.0,0.0,0.0,0,0.0,0
+918338710195,phone,carlossharmasite.com,domain,0.0,0.0,0.0,0.0,0,0.0,0
sarasmithsite.com,domain,yuki_devi,username,0.154,0.0,0.0,0.0,0,0.0,0
fatima_patel@outlook.com,email,fatima patel,name,0.917,0.0,0.0,0.0,0,0.0,1
contact_8591@outlook.com,email,+916405037008,phone,0.0,0.0,0.0,0.0,0,0.0,0
yukidevisite.com,domain,priyasinghsite.com,domain,0.0,0.0,0.0,0.0,0,0.0,0
hacker_lisa77,username,lisa77dev.org,domain,0.462,0.0,0.0,0.0,0,0.0,1
site_2715.com,domain,contact_8279@outlook.com,email,0.0,0.0,0.0,0.0,0,0.0,0
user_3529,username,user_7796,username,0.667,0.667,0.0,0.0,0,0.0,0
+916652192187,phone,site_3272.com,domain,0.0,0.0,0.0,0.0,0,0.0,0
lisapatelsite.com,domain,ali42@proton.me,email,0.0,0.0,0.0,0.0,0,0.0,0
yuki_devi,username,yuk_idevi,username,0.889,0.889,0.0,0.0,1,0.0,1
lisaahmedsite.com,domain,rajesh smith,name,0.345,0.0,0.0,0.0,0,0.0,0
+13877537485,phone,sraa miller,name,0.0,0.0,0.0,0.0,1,0.0,1
rahul doe,name,contact_3846@yahoo.com,email,0.19,0.0,0.0,0.0,0,0.0,0
site_4256.com,domain,carlos devi,name,0.167,0.0,0.0,0.0,0,0.0,0
priya39@gmail.com,email,elena tanaka,name,0.105,0.0,0.0,0.0,0,0.0,0
aftima70,username,fatima devi,name,0.526,0.0,0.0,0.0,2,0.0,1
michael_williams@proton.me,email,ken3,username,0.1,0.0,0.0,0.0,0,0.0,0
user_670,username,contact_5216@gmail.com,email,0.2,0.0,0.0,0.0,0,0.0,0
elena35@yahoo.com,email,elena sato,name,0.588,0.0,0.0,0.0,0,0.0,1
+19573061161,phone,fatima70@hotmail.com,email,0.0,0.0,0.0,0.0,3,0.0,1
user_9270,username,contact_6865@gmail.com,email,0.095,0.0,0.0,0.0,0,0.0,0
site_1839.com,domain,robert sato,name,0.25,0.0,0.0,0.0,0,0.0,0
rajesh68,username,janesinghsite.com,domain,0.32,0.0,0.0,0.0,0,0.0,0
user_184,username,site_1681.com,domain,0.476,0.0,0.0,0.0,0,0.0,0
yuki_williams@gmail.com,email,yuki@customlab.org,email,0.0,0.0,0.0,0.0,3,0.0,1
rajesh_singh,username,hacker_rajesh97,username,0.444,0.444,0.0,0.0,0,0.0,0
elnea35,username,+919640160203,phone,0.1,0.0,0.0,0.0,0,0.0,0
rahulpatelsite.com,domain,ken gupta,name,0.296,0.0,0.0,0.0,0,0.0,0
amit sato,name,user_5398,username,0.111,0.0,0.0,0.0,0,0.0,0
ait_jlohnson,username,amit johnson,name,0.833,0.0,0.0,0.0,1,0.0,1
rajesh martinez,name,+917047187022,phone,0.0,0.0,0.0,0.0,0,0.0,0
john johnson,name,+917658170004,phone,0.0,0.0,0.0,0.0,0,0.0,0
fatima patel,name,fatiam patel,name,0.917,0.0,0.0,0.0,0,0.0,1
contact_6871@gmail.com,email,+916482679828,phone,0.0,0.0,0.0,0.0,0,0.0,0
elenatanakasite.com,domain,amitjohnsonsite.com,domain,0.0,0.0,0.0,0.0,0,0.0,0
+919837615419,phone,hacker_lisa_patel,username,0.0,0.0,0.0,0.0,0,0.0,0
+917521726436,phone,rajesh64@yahoo.com,email,0.0,0.0,0.0,0.0,0,0.0,0
lisa_ahmed@proton.me,email,+919243258548,phone,0.0,0.0,0.0,0.0,1,0.0,0
fatim83,username,lisapatelsite.com,domain,0.333,0.0,0.0,0.0,0,0.0,0
alikumarsite.com,domain,johnahmedsite.com,domain,0.0,0.0,0.0,0.0,0,0.0,0
hacker_jane_johnsno,username,jane_johnson@hotmail.com,email,0.71,0.0,0.0,0.0,0,0.0,1
lisa92@gmail.com,email,johnsmithsite.com,domain,0.0,0.0,0.0,0.0,0,0.0,0
ali kumar,name,amit_sharma,username,0.4,0.0,0.0,0.0,1,0.0,0
+919837615419,phone,david38@hotmail.com,email,0.0,0.0,0.0,0.0,0,0.0,0
john ahmed,name,john_ahmed@hotmail.com,email,0.5,0.0,0.0,0.0,3,0.0,1
user_4750,username,+916776546537,phone,0.182,0.0,0.0,0.0,0,0.0,0
user_5169,username,+916358712935,phone,0.273,0.0,0.0,0.0,0,0.0,0
rajesh_miller@proton.me,email,hacker_rajesh_gupta,username,0.438,0.0,0.0,0.0,0,0.0,0
ken gupta,name,+919837615419,phone,0.0,0.0,0.0,0.0,0,0.0,0
+917658170004,phone,michael_borwn,username,0.0,0.0,0.0,0.0,0,0.0,0
elena jones,name,contact_631@hotmail.com,email,0.182,0.0,0.0,0.0,1,0.0,0
fatima70coer,username,fatima devi,name,0.522,0.0,0.0,0.0,3,0.0,1
rajeshkhansite.com,domain,rajesh97@hotmail.com,email,0.0,0.0,0.0,0.0,0,0.0,1
contact_7294@hotmail.com,email,site_7232.com,domain,0.0,0.0,0.0,0.0,0,0.0,0
hacker_rajesh_gupta,username,+919369099268,phone,0.0,0.0,0.0,0.0,0,0.0,0
+917684885731,phone,priya_willaims,username,0.0,0.0,0.0,0.0,2,0.0,1
john johnson,name,johnc johnson,name,0.96,0.0,0.0,0.0,0,0.0,1
lisa brown,name,lisabrownsite.com,domain,0.444,0.0,0.0,0.0,3,0.0,1
+916482679828,phone,user_8170,username,0.182,0.0,0.0,0.0,0,0.0,0
michaeltanakasite.com,domain,michael_williams@proton.me,email,0.0,0.0,0.0,0.0,0,0.0,0
user_7020,username,site_5484.com,domain,0.273,0.0,0.0,0.0,1,0.0,0
yuki devi,name,jane singh,name,0.316,0.0,0.0,0.0,0,0.0,0
+916231745911,phone,user_5764,username,0.182,0.0,0.0,0.0,0,0.0,0
fatimadevisite.com,domain,fatima70coer,username,0.533,0.0,0.0,0.0,2,0.0,1
ananyakhan,username,ananyakhandev.org,domain,0.741,0.0,0.0,0.0,2,0.0,1
rajesh_gupt5a,username,+919552044458,phone,0.077,0.0,0.0,0.0,0,0.0,1
david38,username,rajesh miller,name,0.1,0.0,0.0,0.0,0,0.0,0
michael_sharmacoder,username,rajesh64@yahoo.com,email,0.296,0.0,0.0,0.0,0,0.0,0
rahulpatelsite.com,domain,elena_tanaka@outlook.com,email,0.0,0.0,0.0,0.0,0,0.0,0
+19573061161,phone,fatima devi,name,0.0,0.0,0.0,0.0,0,0.0,1
ananyakhan,username,ananyakhansite.com,domain,0.714,0.0,0.0,0.0,0,0.0,1
+916688817154,phone,site_4769.com,domain,0.0,0.0,0.0,0.0,0,0.0,0
+918595924800,phone,michaeltanakasite.com,domain,0.0,0.0,0.0,0.0,0,0.0,0
carlos_sharma@hotmail.com,email,amit johnson,name,0.24,0.0,0.0,0.0,0,0.0,0
site_5059.com,domain,ananya smith,name,0.24,0.0,0.0,0.0,0,0.0,0
john smith,name,ali_ahmed,username,0.211,0.0,0.0,0.0,0,0.0,0
aliahmedsite.com,domain,ali_ahmedcoder,username,0.667,0.0,0.0,0.0,0,0.0,1
lisa48,username,rajesh_miller@proton.me,email,0.105,0.0,0.0,0.0,0,0.0,0
david brown,name,contact_8423@hotmail.com,email,0.261,0.0,0.0,0.0,0,0.0,0
michael_tanaka@gmail.com,email,+919596703526,phone,0.0,0.0,0.0,0.0,0,0.0,0
priyasinghsite.com,domain,ali_ahmed,username,0.296,0.0,0.0,0.0,0,0.0,0
+919369099268,phone,rajesh68,username,0.19,0.0,0.0,0.0,0,0.0,0
dvid38,username,+13632976005,phone,0.111,0.0,0.0,0.0,0,0.0,1
carlos patel,name,contact_9677@hotmail.com,email,0.333,0.0,0.0,0.0,1,0.0,0
user_5398,username,site_1730.com,domain,0.364,0.0,0.0,0.0,0,0.0,0
+917684885731,phone,fatima70@hotmail.com,email,0.0,0.0,0.0,0.0,0,0.0,0
lisa_ahmed,username,lisaahmedsite.com,domain,0.667,0.0,0.0,0.0,2,0.0,1
lisa_patle,username,yuki_ahmed,username,0.4,0.4,0.0,0.0,0,0.0,0
fatimadevisite.com,domain,amit_sharma@proton.me,email,0.0,0.0,0.0,0.0,0,0.0,0
site_1046.com,domain,yuki gupta,name,0.087,0.0,0.0,0.0,0,0.0,0
user_2571,username,+916582171538,phone,0.273,0.0,0.0,0.0,1,0.0,0
hacker_mixchael_brown,username,michael_bronw,username,0.706,0.706,0.0,0.0,1,0.0,1
+916704379345,phone,+916248866923,phone,0.0,0.0,0.0,0.0,0,0.0,0
priya39,username,priyalabs.net,domain,0.5,0.0,0.0,0.0,0,0.0,1
user_8500,username,john jones,name,0.105,0.0,0.0,0.0,0,0.0,0
rajeshsinghsite.com,domain,+15444833329,phone,0.0,0.0,0.0,0.0,3,0.0,1
ananyakhansite.com,domain,rajesh_martinez@yahoo.com,email,0.0,0.0,0.0,0.0,0,0.0,0
john_ahmed@hotmail.com,email,rajesh_martinez,username,0.4,0.0,0.0,0.0,0,0.0,0
fatimadevisite.com,domain,+919640160203,phone,0.0,0.0,0.0,0.0,0,0.0,0
emily brown,name,sara88@hotmail.com,email,0.118,0.0,0.0,0.0,0,0.0,0
site_4032.com,domain,jane patel,name,0.174,0.0,0.0,0.0,0,0.0,0
+919387772934,phone,jken80,username,0.105,0.0,0.0,0.0,0,0.0,0
amit_sharma@amitsite.net,email,amti_sharmacoder,username,0.741,0.0,0.0,0.0,0,0.0,1
john_garcia,username,hacke_rjohn_garcia,username,0.759,0.759,0.0,0.0,2,0.0,1
+916060320394,phone,contact_5028@gmail.com,email,0.0,0.0,0.0,0.0,0,0.0,0
+918981347325,phone,hacker_john_johnson,username,0.0,0.0,0.0,0.0,0,0.0,0
michael sharma,name,+918338710195,phone,0.0,0.0,0.0,0.0,0,0.0,0
hacker_kien80,username,hacker_ken80,username,0.96,0.96,0.0,0.0,2,0.0,1
amith_arma,username,aimt_sharma,username,0.762,0.762,0.0,0.0,1,0.0,1
+919582781625,phone,+919589711983,phone,0.0,0.0,0.0,0.0,0,0.0,0
rajesh_martinez,username,ali_ahmed,username,0.333,0.333,0.0,0.0,0,0.0,0
+919837615419,phone,rajesh_martinez@rajeshsite.net,email,0.0,0.0,0.0,0.0,0,0.0,1
fatima williams,name,sara sato,name,0.333,0.0,0.0,0.0,0,0.0,0
ali42@proton.me,email,+918965178657,phone,0.0,0.0,0.0,0.0,0,0.0,0
+918981347325,phone,ananya khan,name,0.0,0.0,0.0,0.0,0,0.0,0
rajesh68,username,lisapatelsite.com,domain,0.24,0.0,0.0,0.0,0,0.0,0
rajesh68@rajeshsite.net,email,rajesh68,username,1.0,0.0,0.0,1.0,1,0.0,1
yuki_amhed,username,yu7ki_ahmed,username,0.857,0.857,0.0,0.0,2,0.0,1
contact_3681@proton.me,email,+916516132181,phone,0.0,0.0,0.0,0.0,0,0.0,0
+918595924800,phone,lisapatelsite.com,domain,0.0,0.0,0.0,0.0,0,0.0,0
site_959.com,domain,+916225746943,phone,0.0,0.0,0.0,0.0,0,0.0,0
site_3100.com,domain,emily tanaka,name,0.16,0.0,0.0,0.0,0,0.0,0
user_9021,username,contact_6709@gmail.com,email,0.19,0.0,0.0,0.0,0,0.0,0
site_6092.com,domain,contact_2384@proton.me,email,0.0,0.0,0.0,0.0,0,0.0,0
contact_4920@outlook.com,email,site_9396.com,domain,0.0,0.0,0.0,0.0,0,0.0,0
yuki patel,name,site_7588.com,domain,0.174,0.0,0.0,0.0,0,0.0,0
+918687709408,phone,jken80,username,0.211,0.0,0.0,0.0,0,0.0,0
carlos@customlab.org,email,carlos_harma,username,0.667,0.0,0.0,0.0,2,0.0,1
yuki_wililams,username,elena51,username,0.2,0.2,0.0,0.0,0,0.0,0
yuki_wililams,username,michael_borwn,username,0.231,0.231,0.0,0.0,0,0.0,0
ali_ahmed,username,rajeshkhansite.com,domain,0.222,0.0,0.0,0.0,0,0.0,0
robert khan,name,+916825168062,phone,0.0,0.0,0.0,0.0,0,0.0,0
yuik ahmed,name,+14491292026,phone,0.0,0.0,0.0,0.0,1,0.0,1
john ahmed,name,contact_7219@outlook.com,email,0.182,0.0,0.0,0.0,0,0.0,0
emily_brown@yahoo.com,email,lisabrownsite.com,domain,0.0,0.0,0.0,0.0,0,0.0,0
michael_tanaka@gmail.com,email,elenasatosite.com,domain,0.0,0.0,0.0,0.0,0,0.0,0
amit johnson,name,rajesh64@yahoo.com,email,0.3,0.0,0.0,0.0,0,0.0,0
contact_3115@proton.me,email,user_4034,username,0.19,0.0,0.0,0.0,0,0.0,0
+918963267690,phone,emilybrownsite.com,domain,0.0,0.0,0.0,0.0,0,0.0,0
contact_2020@outlook.com,email,+916313589941,phone,0.0,0.0,0.0,0.0,0,0.0,0
jane_snigh,username,jane_nsigh,username,0.9,0.9,0.0,0.0,2,0.0,1
site_5421.com,domain,site_352.com,domain,0.0,0.0,0.0,0.0,0,0.0,0
+917047187022,phone,hacker_john_garcia,username,0.0,0.0,0.0,0.0,0,0.0,0
rajeshmartinezsite.com,domain,michael williams,name,0.263,0.0,0.0,0.0,0,0.0,0
+19573061161,phone,fatima edvi,name,0.0,0.0,0.0,0.0,0,0.0,1
elnea35,username,+918474818136,phone,0.1,0.0,0.0,0.0,0,0.0,0
rahul patel,name,john ahmed,name,0.381,0.0,0.0,0.0,2,0.0,0
+917912548711,phone,rajesh_singh@hotmail.com,email,0.0,0.0,0.0,0.0,0,0.0,0
ohn smith,name,johnlabs.net,domain,0.476,0.0,0.0,0.0,2,0.0,1
elena51@hotmail.com,email,carlos_sharma@hotmail.com,email,0.0,0.0,0.0,0.0,0,0.0,0
site_1839.com,domain,user_7570,username,0.273,0.0,0.0,0.0,0,0.0,0
contact_1439@yahoo.com,email,neha tanaka,name,0.261,0.0,0.0,0.0,0,0.0,0
ait_johnsondev.org,domain,amit@customlab.org,email,0.0,0.0,0.0,0.0,0,0.0,1
+916096008201,phone,contact_6269@outlook.com,email,0.0,0.0,0.0,0.0,0,0.0,0
jane_johnson@janesite.net,email,jane_johnson,username,1.0,0.0,0.0,1.0,0,0.0,1
ken garcia,name,site_8379.com,domain,0.174,0.0,0.0,0.0,0,0.0,0
jken80,username,ananya khan,name,0.235,0.0,0.0,0.0,0,0.0,0
rajesh miller,name,rajesh68@gmail.com,email,0.571,0.0,0.0,0.0,1,0.0,1
site_4627.com,domain,priya smith,name,0.25,0.0,0.0,0.0,0,0.0,0
+918687709408,phone,rajesh_miller@proton.me,email,0.0,0.0,0.0,0.0,0,0.0,0
john ahmed,name,+919243258548,phone,0.0,0.0,0.0,0.0,0,0.0,0
rajesh miller,name,faitma70,username,0.19,0.0,0.0,0.0,0,0.0,0
jane3dev.org,domain,jane3coder,username,0.727,0.0,0.0,0.0,1,0.0,1
amit ahmed,name,+916876031040,phone,0.0,0.0,0.0,0.0,0,0.0,0
contact_1270@yahoo.com,email,user_6560,username,0.19,0.0,0.0,0.0,0,0.0,0
sara martinez,name,user_3908,username,0.182,0.0,0.0,0.0,0,0.0,0
david singh,name,lisa_patel@hotmail.com,email,0.19,0.0,0.0,0.0,0,0.0,0
user_4750,username,contact_8774@outlook.com,email,0.19,0.0,0.0,0.0,0,0.0,0
rajesh_martinez@yahoo.com,email,aliahmedsite.com,domain,0.0,0.0,0.0,0.0,2,0.0,0
ali_ahmd,username,lai ahmed,name,0.471,0.0,0.0,0.0,0,0.0,1
ken gupta,name,user_1882,username,0.222,0.0,0.0,0.0,0,0.0,0
priya76,username,+918595924800,phone,0.0,0.0,0.0,0.0,2,0.0,1
jken80,username,+918981347325,phone,0.105,0.0,0.0,0.0,0,0.0,0
hacker_michael_williams,username,hacker_michael_williams9,username,0.979,0.979,0.0,0.0,0,0.0,1
hacker_john_ahmed,username,pjohn_hmed,username,0.667,0.667,0.0,0.0,0,0.0,1
+916727218190,phone,site_1731.com,domain,0.0,0.0,0.0,0.0,0,0.0,0
fatimatanakasite.com,domain,hacker_fatima83,username,0.343,0.0,0.0,0.0,0,0.0,1
amit khan,name,+916161254547,phone,0.0,0.0,0.0,0.0,0,0.0,0
+916611874288,phone,contact_8883@proton.me,email,0.0,0.0,0.0,0.0,0,0.0,0
rajeshsmithsite.com,domain,janesinghsite.com,domain,0.0,0.0,0.0,0.0,0,0.0,0
contact_9804@proton.me,email,user_7155,username,0.095,0.0,0.0,0.0,0,0.0,0
jane35@gmail.com,email,jane3coder,username,0.625,0.0,0.0,0.0,1,0.0,1
contact_1352@gmail.com,email,site_6683.com,domain,0.0,0.0,0.0,0.0,0,0.0,0
contact_2584@hotmail.com,email,michael smith,name,0.24,0.0,0.0,0.0,0,0.0,0
+916545046695,phone,contact_4967@outlook.com,email,0.0,0.0,0.0,0.0,0,0.0,0
elena khan,name,rahul sato,name,0.3,0.0,0.0,0.0,0,0.0,0
carlos_sharma@hotmail.com,email,carlos sharma,name,0.923,0.0,0.0,0.0,1,0.0,1
contact_5291@outlook.com,email,user_6446,username,0.095,0.0,0.0,0.0,0,0.0,0
contact_4648@hotmail.com,email,site_1855.com,domain,0.0,0.0,0.0,0.0,0,0.0,0
contact_8246@gmail.com,email,+916008931072,phone,0.0,0.0,0.0,0.0,1,0.0,0
michaelwilliamssite.com,domain,+919952958729,phone,0.0,0.0,0.0,0.0,0,0.0,0
+918209110951,phone,lisa_ahmed,username,0.0,0.0,0.0,0.0,0,0.0,0
user_4535,username,site_2727.com,domain,0.273,0.0,0.0,0.0,0,0.0,0
ken davis,name,user_5910,username,0.222,0.0,0.0,0.0,0,0.0,0
carlos_sharma@hotmail.com,email,lisa devi,name,0.273,0.0,0.0,0.0,0,0.0,0
contact_1162@gmail.com,email,ali khan,name,0.1,0.0,0.0,0.0,0,0.0,0
site_7923.com,domain,contact_8185@hotmail.com,email,0.0,0.0,0.0,0.0,0,0.0,0
rajesh_guptaa,username,rajesh_gupta,username,0.96,0.96,0.0,0.0,0,0.0,1
jken80,username,elenatanakasite.com,domain,0.16,0.0,0.0,0.0,0,0.0,0
michaelbrownsite.com,domain,+917265935870,phone,0.0,0.0,0.0,0.0,0,0.0,0
michael_brown@hotmail.com,email,michael_brown,username,1.0,0.0,0.0,1.0,1,0.0,1
+18657383171,phone,priya_williamscoder@priyasite.net,email,0.0,0.0,0.0,0.0,1,0.0,1
michaelbrownsite.com,domain,lisa ahmed,name,0.267,0.0,0.0,0.0,0,0.0,0
alikumarsite.com,domain,amitjohnsonsite.com,domain,0.0,0.0,0.0,0.0,1,0.0,0
+916007902801,phone,lisa miller,name,0.0,0.0,0.0,0.0,0,0.0,0
priya doe,name,site_636.com,domain,0.095,0.0,0.0,0.0,0,0.0,0
+916661054403,phone,site_3538.com,domain,0.0,0.0,0.0,0.0,0,0.0,0
amit johnson,name,john ahmed,name,0.636,0.0,0.0,0.0,0,0.0,0
contact_2065@outlook.com,email,site_6609.com,domain,0.0,0.0,0.0,0.0,0,0.0,0
kenguptasite.com,domain,ken_gutpa,username,0.56,0.0,0.0,0.0,0,0.0,1
johnsmithsite.com,domain,rajeshkhansite.com,domain,0.0,0.0,0.0,0.0,0,0.0,0
rajesh miller,name,jane3,username,0.222,0.0,0.0,0.0,0,0.0,0
contact_6972@hotmail.com,email,site_4830.com,domain,0.0,0.0,0.0,0.0,1,0.0,0
fatimapatelsite.com,domain,+918963267690,phone,0.0,0.0,0.0,0.0,0,0.0,0
contact_209@gmail.com,email,contact_9393@hotmail.com,email,0.0,0.0,0.0,0.0,0,0.0,0
yuki_wililams,username,rajesh gupta,name,0.24,0.0,0.0,0.0,0,0.0,0
emily_brwon,username,hacker_emily_brown@emilysite.net,email,0.69,0.0,0.0,0.0,0,0.0,1
site_2795.com,domain,user_7447,username,0.364,0.0,0.0,0.0,0,0.0,0
+919582781625,phone,rajesh khan,name,0.0,0.0,0.0,0.0,0,0.0,0
lisa patel,name,lia patel,name,0.947,0.0,0.0,0.0,2,0.0,1
john johnson,name,john_johnson@hotmail.com,email,0.917,0.0,0.0,0.0,2,0.0,1
praiya726,username,priyalabs.net,domain,0.455,0.0,0.0,0.0,1,0.0,1
sraa_smith,username,+16443294810,phone,0.0,0.0,0.0,0.0,0,0.0,1
jane_singh@gmail.com,email,hacker_jane_singh,username,0.741,0.0,0.0,0.0,0,0.0,1
+919952958729,phone,sarasmithsite.com,domain,0.0,0.0,0.0,0.0,0,0.0,0
+917430387833,phone,rajeshmillersite.com,domain,0.0,0.0,0.0,0.0,0,0.0,0
john garcia,name,+919310858477,phone,0.0,0.0,0.0,0.0,0,0.0,0
dvid38,username,davidlabs.net,domain,0.421,0.0,0.0,0.0,1,0.0,1
priyawilliamssite.com,domain,priya_willaims,username,0.686,0.0,0.0,0.0,1,0.0,1
+916722876731,phone,user_7580,username,0.182,0.0,0.0,0.0,0,0.0,0
hacker_john_ahmed,username,john_amhed,username,0.667,0.667,0.0,0.0,2,0.0,1
+919243258548,phone,kengarciasite.com,domain,0.0,0.0,0.0,0.0,0,0.0,0
yuki williams,name,+919916712744,phone,0.0,0.0,0.0,0.0,0,0.0,0
site_3799.com,domain,contact_7693@proton.me,email,0.0,0.0,0.0,0.0,0,0.0,0
lisa48@proton.me,email,+917658170004,phone,0.0,0.0,0.0,0.0,0,0.0,1
michael devi,name,user_4477,username,0.095,0.0,0.0,0.0,0,0.0,0
user_5800,username,amit tanaka,name,0.0,0.0,0.0,0.0,0,0.0,0
priya brown,name,rajesh smith,name,0.261,0.0,0.0,0.0,0,0.0,0
ali ahmed,name,jane johnson,name,0.286,0.0,0.0,0.0,0,0.0,0
emily_brwon,username,emily rown,name,0.762,0.0,0.0,0.0,1,0.0,1
+917185643633,phone,+917759419129,phone,0.0,0.0,0.0,0.0,0,0.0,0
+916512315219,phone,contact_6269@outlook.com,email,0.0,0.0,0.0,0.0,0,0.0,0
yuki sharma,name,contact_638@outlook.com,email,0.091,0.0,0.0,0.0,0,0.0,0
ananyakhan@ananyasite.net,email,ananyakhandev.org,domain,0.0,0.0,0.0,0.0,1,0.0,1
emily brown,name,rajesh_miller,username,0.417,0.0,0.0,0.0,0,0.0,0
neha kumar,name,contact_4331@hotmail.com,email,0.182,0.0,0.0,0.0,0,0.0,0
+916051049846,phone,site_2989.com,domain,0.0,0.0,0.0,0.0,0,0.0,0
yuki_ahmed@outlook.com,email,hackr_yuki_ahmed,username,0.769,0.0,0.0,0.0,3,0.0,1
+919589711983,phone,+918595924800,phone,0.0,0.0,0.0,0.0,0,0.0,0
hacker_lisa84,username,hacker_lisa48,username,0.923,0.923,0.0,0.0,2,0.0,1
john_garcia@outlook.com,email,johnjohnsonsite.com,domain,0.0,0.0,0.0,0.0,0,0.0,0
user_5989,username,+916653857733,phone,0.182,0.0,0.0,0.0,0,0.0,0
sara tanaka,name,+916137029008,phone,0.0,0.0,0.0,0.0,0,0.0,0
+917521726436,phone,ali42coder@alisite.net,email,0.0,0.0,0.0,0.0,2,0.0,1
hacker_amit_johson,username,ait_johnson,username,0.69,0.69,0.0,0.0,2,0.0,1
emily_brown,username,emily_brown@yahoo.com,email,1.0,0.0,0.0,1.0,1,0.0,1
+916327680566,phone,rahul patel,name,0.0,0.0,0.0,0.0,0,0.0,0
ali tanaka,name,michael gupta,name,0.261,0.0,0.0,0.0,0,0.0,0
contact_3659@gmail.com,email,+916027388174,phone,0.0,0.0,0.0,0.0,0,0.0,0
+916910826179,phone,+916357577388,phone,0.0,0.0,0.0,0.0,0,0.0,0
contact_5639@hotmail.com,email,user_7957,username,0.19,0.0,0.0,0.0,0,0.0,0
rajesh_singh@hotmail.com,email,hacker_emily_brown,username,0.333,0.0,0.0,0.0,0,0.0,0
pria williams,name,priya_willaims,username,0.815,0.0,0.0,0.0,3,0.0,1
johngarcia,username,+919254703979,phone,0.0,0.0,0.0,0.0,1,0.0,1
user_4223,username,contact_7923@outlook.com,email,0.286,0.0,0.0,0.0,0,0.0,0
saramillersite.com,domain,michael_tanaka@gmail.com,email,0.0,0.0,0.0,0.0,0,0.0,0
fatimalabs.net,domain,fatima@customlab.org,email,0.0,0.0,0.0,0.0,0,0.0,1
rahul patel,name,rahulpatelsite.com,domain,0.345,0.0,0.0,0.0,1,0.0,1
site_3170.com,domain,user_6660,username,0.364,0.0,0.0,0.0,0,0.0,0
lisa ahmed,name,+918733759412,phone,0.0,0.0,0.0,0.0,0,0.0,0
rahulpatelsite.com,domain,amit_sharma,username,0.276,0.0,0.0,0.0,0,0.0,0
contact_4933@yahoo.com,email,user_7287,username,0.095,0.0,0.0,0.0,0,0.0,0
+916570020596,phone,user_8447,username,0.091,0.0,0.0,0.0,0,0.0,0
michael borwn,name,michael_borwn@michaelsite.net,email,0.538,0.0,0.0,0.0,1,0.0,1
user_3427,username,+916920932980,phone,0.182,0.0,0.0,0.0,1,0.0,0
hacker_carlos_sharma,username,david38,username,0.074,0.074,0.0,0.0,0,0.0,0
+916301852451,phone,lisa sato,name,0.0,0.0,0.0,0.0,0,0.0,0
hacker_elena_tanaka,username,ali_ahmed,username,0.286,0.286,0.0,0.0,0,0.0,0
+917185643633,phone,+917759419129,phone,0.0,0.0,0.0,0.0,0,0.0,0
priyasinghsite.com,domain,+919254703979,phone,0.0,0.0,0.0,0.0,0,0.0,0
+919582781625,phone,janejohnsonsite.com,domain,0.0,0.0,0.0,0.0,3,0.0,1
hackerb_sara_smith,username,sara@customlab.org,email,0.364,0.0,0.0,0.0,2,0.0,1
alikumarsite.com,domain,rajesh_miller,username,0.276,0.0,0.0,0.0,0,0.0,0
fatima edvi,name,aftima70,username,0.526,0.0,0.0,0.0,1,0.0,1
+17833385519,phone,priya3g9,username,0.2,0.0,0.0,0.0,2,0.0,1
yuki williams,name,priyasinghsite.com,domain,0.258,0.0,0.0,0.0,0,0.0,0
+917336835980,phone,lisa ahmed,name,0.0,0.0,0.0,0.0,0,0.0,0
yuki_williams@gmail.com,email,yuki williams,name,0.615,0.0,0.0,0.0,0,0.0,1
+919457189042,phone,ali kumar,name,0.0,0.0,0.0,0.0,0,0.0,0
elenasatosite.com,domain,elena tanaka,name,0.414,0.0,0.0,0.0,0,0.0,0
rajesh68@gmail.com,email,elena sato,name,0.222,0.0,0.0,0.0,0,0.0,0
+916028223410,phone,+916955578290,phone,0.0,0.0,0.0,0.0,0,0.0,0
+917871714345,phone,rajeshlabs.net,domain,0.0,0.0,0.0,0.0,0,0.0,1
user_5862,username,site_6416.com,domain,0.364,0.0,0.0,0.0,0,0.0,0
ananya_khan,username,ananya khan,name,0.909,0.0,0.0,0.0,1,0.0,1
sraa_smith,username,lisa tanaka,name,0.286,0.0,0.0,0.0,0,0.0,0
ali_ahmed@yahoo.com,email,lisa patel,name,0.421,0.0,0.0,0.0,0,0.0,0
ali kumar,name,contact_8013@outlook.com,email,0.095,0.0,0.0,0.0,0,0.0,0
+916270532477,phone,rajesh tanaka,name,0.0,0.0,0.0,0.0,0,0.0,0
priya3g9,username,prizya39,username,0.875,0.875,0.0,0.0,3,0.0,1
hacker_carlos_sharma,username,rajeshsmithsite.com,domain,0.308,0.0,0.0,0.0,0,0.0,0
rajesh miller,name,+917871714345,phone,0.0,0.0,0.0,0.0,0,0.0,0
lisa devi,name,priya brown,name,0.3,0.0,0.0,0.0,0,0.0,0
site_2852.com,domain,site_312.com,domain,0.0,0.0,0.0,0.0,0,0.0,0
user_5413,username,site_5061.com,domain,0.455,0.0,0.0,0.0,0,0.0,0
+916509251775,phone,contact_4226@outlook.com,email,0.0,0.0,0.0,0.0,0,0.0,0
rajseh_miller,username,rajesh miler,name,0.4,0.0,0.0,0.0,0,0.0,1
sraa_smith,username,+918183223644,phone,0.0,0.0,0.0,0.0,0,0.0,1
hacker_lisa_patel,username,priya_williamscoder,username,0.333,0.333,0.0,0.0,0,0.0,0
michael_williams@proton.me,email,rajesh68,username,0.25,0.0,0.0,0.0,0,0.0,0
fatima_patel@outlook.com,email,+18258444177,phone,0.0,0.0,0.0,0.0,1,0.0,1
+919032150374,phone,hacker_rajesh_gupta,username,0.0,0.0,0.0,0.0,0,0.0,0
+917871714345,phone,rajesh64@yahoo.com,email,0.0,0.0,0.0,0.0,0,0.0,0
michaekl tanaka,name,michael_tanakadev.org,domain,0.722,0.0,0.0,0.0,0,0.0,1
+918335090736,phone,michael_sharma@yahoo.com,email,0.0,0.0,0.0,0.0,0,0.0,0
+919666362423,phone,yukidevisite.com,domain,0.0,0.0,0.0,0.0,0,0.0,0
+917430387833,phone,+917521726436,phone,0.0,0.0,0.0,0.0,0,0.0,0
+15289047763,phone,rajesh_miller@proton.me,email,0.0,0.0,0.0,0.0,2,0.0,1
jane35@gmail.com,email,michael_williams@proton.me,email,0.0,0.0,0.0,0.0,0,0.0,0
priya brown,name,emily_brown@yahoo.com,email,0.455,0.0,0.0,0.0,0,0.0,0
+918209110951,phone,rajesh khan,name,0.0,0.0,0.0,0.0,0,0.0,0
rajesh miller,name,lisabrownsite.com,domain,0.2,0.0,0.0,0.0,0,0.0,0
site_5238.com,domain,neha miller,name,0.167,0.0,0.0,0.0,0,0.0,0
site_6807.com,domain,user_5764,username,0.364,0.0,0.0,0.0,0,0.0,0
rajeshmartinezsite.com,domain,rajesh_martinez@rajeshsite.net,email,0.0,0.0,0.0,0.0,1,0.0,1
user_7689,username,site_2096.com,domain,0.364,0.0,0.0,0.0,0,0.0,0
+918318297467,phone,elena davis,name,0.0,0.0,0.0,0.0,0,0.0,0
jane_snigh,username,jane_singh@gmail.com,email,0.9,0.0,0.0,0.0,0,0.0,1
john garcia,name,amit_sharma@proton.me,email,0.273,0.0,0.0,0.0,0,0.0,0
lisadevisite.com,domain,kengarciasite.com,domain,0.0,0.0,0.0,0.0,0,0.0,0
contact_1017@gmail.com,email,site_2065.com,domain,0.0,0.0,0.0,0.0,2,0.0,0
hacker_michael_brown,username,+15394860710,phone,0.0,0.0,0.0,0.0,3,0.0,1
user_6307,username,contact_8351@gmail.com,email,0.19,0.0,0.0,0.0,0,0.0,0
johnlabs.net,domain,john15@outlook.com,email,0.0,0.0,0.0,0.0,2,0.0,1
priya_williams,username,priya_willmiams,username,0.966,0.966,0.0,0.0,2,0.0,1
jane_singh@gmail.com,email,sara88@hotmail.com,email,0.0,0.0,0.0,0.0,0,0.0,0
elena johnson,name,contact_959@outlook.com,email,0.167,0.0,0.0,0.0,0,0.0,0
contact_7251@gmail.com,email,site_4825.com,domain,0.0,0.0,0.0,0.0,0,0.0,0
jane sato,name,jane3dev.org,domain,0.476,0.0,0.0,0.0,3,0.0,1
yuki_ahmed@outlook.com,email,yukidevisite.com,domain,0.0,0.0,0.0,0.0,0,0.0,0
+917327141441,phone,ken_gupta,username,0.0,0.0,0.0,0.0,0,0.0,0
+916094322637,phone,rahul ahmed,name,0.0,0.0,0.0,0.0,0,0.0,0
praiya726,username,priya76,username,0.875,0.875,0.0,0.0,1,0.0,1
+916132858466,phone,user_5668,username,0.273,0.0,0.0,0.0,0,0.0,0
contact_3846@yahoo.com,email,site_5299.com,domain,0.0,0.0,0.0,0.0,0,0.0,0
+916553376752,phone,fatima martinez,name,0.0,0.0,0.0,0.0,0,0.0,0
site_7361.com,domain,robert jones,name,0.16,0.0,0.0,0.0,0,0.0,0
uy7ki_ahmed,username,yuki@customlab.org,email,0.4,0.0,0.0,0.0,2,0.0,1
john_garcia@outlook.com,email,hacker_john_garcia,username,0.759,0.0,0.0,0.0,0,0.0,1
+916325998322,phone,user_3732,username,0.273,0.0,0.0,0.0,0,0.0,0
site_5238.com,domain,user_5035,username,0.455,0.0,0.0,0.0,0,0.0,0
michaelsharmasite.com,domain,michael_sharmacoder,username,0.75,0.0,0.0,0.0,2,0.0,1
michael_tanaka@gmail.com,email,lisa48,username,0.2,0.0,0.0,0.0,0,0.0,0
ken3,username,rajeshguptasite.com,domain,0.087,0.0,0.0,0.0,0,0.0,0
+919804281916,phone,michael_tanaka,username,0.0,0.0,0.0,0.0,2,0.0,1
user_5573,username,user_3309,username,0.667,0.667,0.0,0.0,0,0.0,0
+918475056187,phone,hacker_priya39,username,0.074,0.0,0.0,0.0,0,0.0,0
sara kumar,name,site_407.com,domain,0.091,0.0,0.0,0.0,0,0.0,0
johnjohnsonsite.com,domain,faitma70,username,0.222,0.0,0.0,0.0,0,0.0,0
+918209110951,phone,yukilabs.net,domain,0.0,0.0,0.0,0.0,2,0.0,1
jane sato,name,jane3,username,0.571,0.0,0.0,0.0,2,0.0,1
contact_1509@gmail.com,email,+916509080356,phone,0.0,0.0,0.0,0.0,0,0.0,0
saramillersite.com,domain,asra88,username,0.25,0.0,0.0,0.0,1,0.0,1
site_7283.com,domain,contact_7047@hotmail.com,email,0.0,0.0,0.0,0.0,0,0.0,0
elena51,username,david38,username,0.143,0.143,0.0,0.0,0,0.0,0
+917759419129,phone,rahul77,username,0.2,0.0,0.0,0.0,0,0.0,0
lisabrownsite.com,domain,emilybrownsite.com,domain,0.0,0.0,0.0,0.0,0,0.0,0
site_3064.com,domain,+916828219810,phone,0.0,0.0,0.0,0.0,0,0.0,0
emilybrownsite.com,domain,michael_williams@proton.me,email,0.0,0.0,0.0,0.0,0,0.0,0
+918687709408,phone,+918475056187,phone,0.0,0.0,0.0,0.0,0,0.0,0
ken gupta,name,ananyakhansite.com,domain,0.222,0.0,0.0,0.0,0,0.0,0
+919552044458,phone,jane3,username,0.0,0.0,0.0,0.0,1,0.0,0
michael_willias,username,michael_williams,username,0.968,0.968,0.0,0.0,0,0.0,1
lisa_patel@hotmail.com,email,+12389198026,phone,0.0,0.0,0.0,0.0,1,0.0,1
lisa48,username,rajeshmillersite.com,domain,0.154,0.0,0.0,0.0,0,0.0,0
johngarcia,username,+18397435820,phone,0.0,0.0,0.0,0.0,0,0.0,1
fatimatanakasite.com,domain,ken37@yahoo.com,email,0.0,0.0,0.0,0.0,0,0.0,0
fatima70coer,username,fatima70,username,0.8,0.8,0.0,0.0,1,0.0,1
user_8237,username,user_517,username,0.706,0.706,0.0,0.0,0,0.0,0
robert ahmed,name,site_4911.com,domain,0.16,0.0,0.0,0.0,0,0.0,0
john smith,name,rajesh miller,name,0.261,0.0,0.0,0.0,0,0.0,0
+916800870236,phone,contact_1193@hotmail.com,email,0.0,0.0,0.0,0.0,0,0.0,0
yukiahmedsite.com,domain,ali_ahmed@yahoo.com,email,0.0,0.0,0.0,0.0,0,0.0,0
sara_smith@hotmail.com,email,sarasmithsite.com,domain,0.0,0.0,0.0,0.0,2,0.0,1
+17289515273,phone,+917658170004,phone,0.0,0.0,0.0,0.0,0,0.0,1
lisa devi,name,yuki ahmed,name,0.316,0.0,0.0,0.0,0,0.0,0
user_9495,username,elena sharma,name,0.19,0.0,0.0,0.0,1,0.0,0
jane35@gmail.com,email,rajesh68@gmail.com,email,0.0,0.0,0.0,0.0,0,0.0,0
contact_9713@outlook.com,email,ananya sato,name,0.261,0.0,0.0,0.0,0,0.0,0
yukiahmedsite.com,domain,sraa_smith,username,0.296,0.0,0.0,0.0,0,0.0,0
+12009735927,phone,rajesh_martinez,username,0.0,0.0,0.0,0.0,0,0.0,1
priya39@gmail.com,email,priya singh,name,0.556,0.0,0.0,0.0,0,0.0,0
elena davis,name,lisa9,username,0.375,0.0,0.0,0.0,0,0.0,0
ken_gupta,username,ken gupta,name,0.556,0.0,0.0,0.0,0,0.0,1
user_5388,username,site_7840.com,domain,0.364,0.0,0.0,0.0,1,0.0,0
contact_7834@yahoo.com,email,+916254387307,phone,0.0,0.0,0.0,0.0,0,0.0,0
john smith,name,yuki_ahmed@outlook.com,email,0.2,0.0,0.0,0.0,1,0.0,0
ajne johnson,name,janelabs.net,domain,0.417,0.0,0.0,0.0,2,0.0,1
user_478,username,robert devi,name,0.211,0.0,0.0,0.0,0,0.0,0
user_3864,username,site_8826.com,domain,0.455,0.0,0.0,0.0,0,0.0,0
lisa77,username,elena51@hotmail.com,email,0.308,0.0,0.0,0.0,0,0.0,0
carlossharmasite.com,domain,fatima_patel@outlook.com,email,0.0,0.0,0.0,0.0,0,0.0,0
ali_ahmed@yahoo.com,email,rahul77@outlook.com,email,0.0,0.0,0.0,0.0,0,0.0,0
contact_1867@gmail.com,email,user_7456,username,0.19,0.0,0.0,0.0,0,0.0,0
jken08,username,kn80,username,0.6,0.6,0.0,0.0,0,0.0,1
+918183223644,phone,+16443294810,phone,0.0,0.0,0.0,0.0,0,0.0,1
+919243258548,phone,ken3,username,0.118,0.0,0.0,0.0,1,0.0,1
site_6806.com,domain,jane davis,name,0.174,0.0,0.0,0.0,0,0.0,0
kenlabs.net,domain,kengarciasite.com,domain,0.0,0.0,0.0,0.0,0,0.0,1
+919243258548,phone,+919254703979,phone,0.0,0.0,0.0,0.0,0,0.0,0
kenguptasite.com,domain,+917047187022,phone,0.0,0.0,0.0,0.0,0,0.0,0
alikumarsite.com,domain,janesinghsite.com,domain,0.0,0.0,0.0,0.0,0,0.0,0
rajesh_martinez@yahoo.com,email,priya_williams@yahoo.com,email,0.0,0.0,0.0,0.0,0,0.0,0
janesatosite.com,domain,michael sharma,name,0.333,0.0,0.0,0.0,0,0.0,0
michael williams,name,ken gupta,name,0.16,0.0,0.0,0.0,0,0.0,0
+919369099268,phone,hacker_carlos_sharma,username,0.0,0.0,0.0,0.0,0,0.0,0
robert smith,name,sara sato,name,0.381,0.0,0.0,0.0,0,0.0,0
+919369099268,phone,+918963267690,phone,0.0,0.0,0.0,0.0,0,0.0,0
yuki devi,name,jane3,username,0.143,0.0,0.0,0.0,0,0.0,0
sara88coder,username,sara@customlab.org,email,0.533,0.0,0.0,0.0,2,0.0,1
user_3864,username,site_9073.com,domain,0.364,0.0,0.0,0.0,0,0.0,0
michaelg_borwn,username,+919457189042,phone,0.0,0.0,0.0,0.0,0,0.0,1
contact_4150@hotmail.com,email,site_7330.com,domain,0.0,0.0,0.0,0.0,0,0.0,0
+916820775899,phone,user_3083,username,0.182,0.0,0.0,0.0,0,0.0,0
contact_9736@proton.me,email,+916108364612,phone,0.0,0.0,0.0,0.0,0,0.0,0
lisa_ahmed@proton.me,email,johnahmedsite.com,domain,0.0,0.0,0.0,0.0,1,0.0,0
site_6119.com,domain,michael khan,name,0.16,0.0,0.0,0.0,0,0.0,0
yuki_devi@yukisite.net,email,yukilabs.net,domain,0.0,0.0,0.0,0.0,1,0.0,1
priya_williams@yahoo.com,email,+919323536905,phone,0.0,0.0,0.0,0.0,0,0.0,0
priya smith,name,contact_2779@yahoo.com,email,0.174,0.0,0.0,0.0,0,0.0,0
lisapatelsite.com,domain,lsia_patle,username,0.593,0.0,0.0,0.0,1,0.0,1
lisa brown,name,michael_sharmacoder,username,0.207,0.0,0.0,0.0,0,0.0,0
site_2217.com,domain,+916232420075,phone,0.0,0.0,0.0,0.0,0,0.0,0
hacker_john_ahmed@johnsite.net,email,+12746158661,phone,0.0,0.0,0.0,0.0,2,0.0,1
michael_wirlliams,username,michael williams,name,0.909,0.0,0.0,0.0,1,0.0,1
priyawilliamssite.com,domain,ali42@proton.me,email,0.0,0.0,0.0,0.0,0,0.0,0
elnea35,username,fatima tanaka,name,0.2,0.0,0.0,0.0,0,0.0,0
ananya johnson,name,lisa doe,name,0.182,0.0,0.0,0.0,1,0.0,0
sara miller,name,user_8220,username,0.2,0.0,0.0,0.0,0,0.0,0
+916225746943,phone,contact_5109@proton.me,email,0.0,0.0,0.0,0.0,0,0.0,0
+13632976005,phone,davidlabs.net,domain,0.0,0.0,0.0,0.0,0,0.0,1
fatimapatelsite.com,domain,fatiam patel,name,0.645,0.0,0.0,0.0,2,0.0,1
user_6791,username,+916339126138,phone,0.273,0.0,0.0,0.0,0,0.0,0
rajeshmillersite.com,domain,sara88,username,0.154,0.0,0.0,0.0,0,0.0,0
+917658170004,phone,rahul77,username,0.2,0.0,0.0,0.0,0,0.0,0
hacker_mily_brown,username,+15607213216,phone,0.0,0.0,0.0,0.0,1,0.0,1
elena khan,name,+916760587837,phone,0.0,0.0,0.0,0.0,0,0.0,0
+919457189042,phone,lisatanakasite.com,domain,0.0,0.0,0.0,0.0,1,0.0,0
carlos_sharma@hotmail.com,email,+917759419129,phone,0.0,0.0,0.0,0.0,0,0.0,1
contact_3819@outlook.com,email,michael garcia,name,0.231,0.0,0.0,0.0,0,0.0,0
michael williams,name,ken jones,name,0.16,0.0,0.0,0.0,0,0.0,0
uy7ki_ahmed,username,yukilabs.net,domain,0.435,0.0,0.0,0.0,2,0.0,1
+916101168783,phone,contact_7219@outlook.com,email,0.0,0.0,0.0,0.0,0,0.0,0
john_garcia@outlook.com,email,johngarciasite.com,domain,0.0,0.0,0.0,0.0,2,0.0,1
lisa48,username,fatima patel,name,0.222,0.0,0.0,0.0,0,0.0,0
priya johnson,name,+916941267841,phone,0.0,0.0,0.0,0.0,0,0.0,0
lisa brown,name,lisa_patel@outlook.com,email,0.4,0.0,0.0,0.0,0,0.0,0
fatima brown,name,amit garcia,name,0.348,0.0,0.0,0.0,0,0.0,0
rajeshlabs.net,domain,rajesh guta,name,0.48,0.0,0.0,0.0,3,0.0,1
+919254703979,phone,john_garcia,username,0.0,0.0,0.0,0.0,0,0.0,1
carlossharmasite.com,domain,fatimapatelsite.com,domain,0.0,0.0,0.0,0.0,0,0.0,0
+916065517166,phone,robert smith,name,0.0,0.0,0.0,0.0,0,0.0,0
contact_6693@proton.me,email,user_184,username,0.1,0.0,0.0,0.0,0,0.0,0
contact_8774@outlook.com,email,user_3309,username,0.095,0.0,0.0,0.0,0,0.0,0
contact_5221@hotmail.com,email,carlos brown,name,0.25,0.0,0.0,0.0,0,0.0,0
hacker_ken80,username,kn80,username,0.5,0.5,0.0,0.0,2,0.0,1
+916602048819,phone,user_6829,username,0.273,0.0,0.0,0.0,0,0.0,0
rajeshguptasite.com,domain,rajeshlabs.net,domain,0.0,0.0,0.0,0.0,0,0.0,1
emily_brown@yahoo.com,email,lisa_patel@outlook.com,email,0.0,0.0,0.0,0.0,0,0.0,0
contact_5051@proton.me,email,rajesh sharma,name,0.08,0.0,0.0,0.0,0,0.0,0
fatima83@outlook.com,email,john15@outlook.com,email,0.0,0.0,0.0,0.0,0,0.0,0
michael sharma,name,+918733759412,phone,0.0,0.0,0.0,0.0,0,0.0,0
+16589069510,phone,ken_guptadev.org,domain,0.0,0.0,0.0,0.0,0,0.0,1
site_1731.com,domain,priya kumar,name,0.083,0.0,0.0,0.0,0,0.0,0
+12299280777,phone,+917759419129,phone,0.0,0.0,0.0,0.0,0,0.0,1
emilybrownsite.com,domain,emily brown,name,0.483,0.0,0.0,0.0,2,0.0,1
fatima70@hotmail.com,email,michael brown,name,0.19,0.0,0.0,0.0,0,0.0,0
+918209110951,phone,michael brown,name,0.0,0.0,0.0,0.0,0,0.0,0
michaelbrownsite.com,domain,hacker_michael_brown,username,0.6,0.0,0.0,0.0,2,0.0,1
contact_2149@yahoo.com,email,user_5863,username,0.095,0.0,0.0,0.0,0,0.0,0
jane_singh@gmail.com,email,michaelbrownsite.com,domain,0.0,0.0,0.0,0.0,0,0.0,0
michael brown,name,amit_johnson@outlook.com,email,0.24,0.0,0.0,0.0,0,0.0,0
anany akhan,name,ananyakhan@ananyasite.net,email,0.571,0.0,0.0,0.0,0,0.0,1
elena sato,name,fatima tanaka,name,0.261,0.0,0.0,0.0,0,0.0,0
janejohnsonsite.com,domain,jane_johnson,username,0.71,0.0,0.0,0.0,2,0.0,1
rajesh68,username,lisa patel,name,0.222,0.0,0.0,0.0,0,0.0,0
lisa92@gmail.com,email,lisa92coder,username,0.706,0.0,0.0,0.0,2,0.0,1
carlos@customlab.org,email,carlos sharma,name,1.0,0.0,0.0,0.0,2,0.0,1
alikumarsite.com,domain,ail42,username,0.19,0.0,0.0,0.0,0,0.0,1
priyasinghsite.com,domain,davidsinghsite.com,domain,0.0,0.0,0.0,0.0,0,0.0,0
mihcael williams,name,hacker_michael_williams9,username,0.7,0.0,0.0,0.0,2,0.0,1
elenasatosite.com,domain,+917327141441,phone,0.0,0.0,0.0,0.0,0,0.0,0
fatimadevisite.com,domain,elena51,username,0.16,0.0,0.0,0.0,0,0.0,0
yuki_wililams,username,+919387772934,phone,0.0,0.0,0.0,0.0,0,0.0,0
+917521726436,phone,alikumarsite.com,domain,0.0,0.0,0.0,0.0,2,0.0,1
yukidevisite.com,domain,yuk_iedvi,username,0.56,0.0,0.0,0.0,0,0.0,1
+918595924800,phone,+919289245144,phone,0.0,0.0,0.0,0.0,0,0.0,0
priyasinghsite.com,domain,+918183223644,phone,0.0,0.0,0.0,0.0,0,0.0,0
hacker_priya76,username,hacker_priya76@priyasite.net,email,1.0,0.0,0.0,1.0,1,0.0,1
michael_sharmacoder,username,john_garcia@outlook.com,email,0.333,0.0,0.0,0.0,0,0.0,0
user_5852,username,user_4800,username,0.667,0.667,0.0,0.0,1,0.0,0
+917265935870,phone,rajesh gupta,name,0.0,0.0,0.0,0.0,0,0.0,0
site_539.com,domain,+916093022161,phone,0.0,0.0,0.0,0.0,0,0.0,0
+15394860710,phone,michael brown,name,0.0,0.0,0.0,0.0,0,0.0,1
sraa_smithdev.org,domain,sara_smith@hotmail.com,email,0.0,0.0,0.0,0.0,2,0.0,1
kengarciasite.com,domain,elenatanakasite.com,domain,0.0,0.0,0.0,0.0,0,0.0,0
+916745931357,phone,contact_209@gmail.com,email,0.0,0.0,0.0,0.0,0,0.0,0
contact_5327@gmail.com,email,+916075478452,phone,0.0,0.0,0.0,0.0,0,0.0,0
rajeshmillersite.com,domain,rajesh68@gmail.com,email,0.0,0.0,0.0,0.0,0,0.0,1
rajesh_singh,username,+918335090736,phone,0.0,0.0,0.0,0.0,0,0.0,0
hacker_lbisa_ahmed,username,lisaahmedsite.com,domain,0.514,0.0,0.0,0.0,0,0.0,1
contact_7329@gmail.com,email,user_3427,username,0.286,0.0,0.0,0.0,0,0.0,0
user_4778,username,contact_3021@yahoo.com,email,0.095,0.0,0.0,0.0,0,0.0,0
lisaahmedsite.com,domain,+918335090736,phone,0.0,0.0,0.0,0.0,0,0.0,0
ken3,username,hacker_ken37,username,0.5,0.5,0.0,0.0,1,0.0,1
+916707754938,phone,michael khan,name,0.0,0.0,0.0,0.0,0,0.0,0
yuki martinez,name,contact_9076@gmail.com,email,0.16,0.0,0.0,0.0,0,0.0,0
ali martinez,name,contact_7840@gmail.com,email,0.167,0.0,0.0,0.0,0,0.0,0
david38,username,+919666362423,phone,0.1,0.0,0.0,0.0,0,0.0,0
+919640160203,phone,emily brown,name,0.0,0.0,0.0,0.0,0,0.0,0
+916234625988,phone,contact_8351@gmail.com,email,0.0,0.0,0.0,0.0,0,0.0,0
contact_7095@yahoo.com,email,contact_8973@outlook.com,email,0.0,0.0,0.0,0.0,0,0.0,0
contact_1439@yahoo.com,email,michael tanaka,name,0.231,0.0,0.0,0.0,0,0.0,0
contact_2807@gmail.com,email,user_3309,username,0.19,0.0,0.0,0.0,0,0.0,0
lisa77,username,lisa770,username,0.923,0.923,0.0,0.0,0,0.0,1
hacker_ananya_khan,username,ananya_khan@proton.me,email,0.759,0.0,0.0,0.0,0,0.0,1
hacker_john_garcia,username,rajesh miller,name,0.258,0.0,0.0,0.0,0,0.0,0
user_9720,username,ananya johnson,name,0.087,0.0,0.0,0.0,0,0.0,0
hacker_priya39,username,jane35@gmail.com,email,0.3,0.0,0.0,0.0,0,0.0,0
elena martinez,name,contact_7343@proton.me,email,0.231,0.0,0.0,0.0,0,0.0,0
lisa_ahmed@proton.me,email,fatimadevisite.com,domain,0.0,0.0,0.0,0.0,0,0.0,0
hacker_carlos_sharma,username,rahul patel,name,0.323,0.0,0.0,0.0,0,0.0,0
+918123425397,phone,yuki_williams@gmail.com,email,0.0,0.0,0.0,0.0,0,0.0,0
lisa48@proton.me,email,lisa48dev.org,domain,0.0,0.0,0.0,0.0,1,0.0,1
hacker_elena_tanhaka,username,elena_tanaka,username,0.75,0.75,0.0,0.0,0,0.0,1
kenlabs.net,domain,ken garcia,name,0.286,0.0,0.0,0.0,1,0.0,1
jken80,username,+918981347325,phone,0.105,0.0,0.0,0.0,0,0.0,0
michael davis,name,jane jones,name,0.261,0.0,0.0,0.0,0,0.0,0
site_6327.com,domain,contact_5639@hotmail.com,email,0.0,0.0,0.0,0.0,0,0.0,0
sara88,username,+919837615419,phone,0.105,0.0,0.0,0.0,0,0.0,0
+916609839144,phone,contact_3846@yahoo.com,email,0.0,0.0,0.0,0.0,0,0.0,0
priya brown,name,jane johnson,name,0.174,0.0,0.0,0.0,0,0.0,0
hacker_ken37,username,ken jones,name,0.381,0.0,0.0,0.0,1,0.0,1
hacker_elena_tanaka,username,rajeshsmithsite.com,domain,0.158,0.0,0.0,0.0,0,0.0,0
+916825525740,phone,user_4168,username,0.273,0.0,0.0,0.0,0,0.0,0
+916065469332,phone,yuki patel,name,0.0,0.0,0.0,0.0,0,0.0,0
contact_7294@gmail.com,email,user_1575,username,0.19,0.0,0.0,0.0,0,0.0,0
ali42@proton.me,email,lisa_patel@hotmail.com,email,0.0,0.0,0.0,0.0,0,0.0,0
_jane singh,name,hacker_jane_singh,username,0.714,0.0,0.0,0.0,0,0.0,1
site_899.com,domain,+916760587837,phone,0.0,0.0,0.0,0.0,0,0.0,0
praiya726,username,hacker_priya76@priyasite.net,email,0.609,0.0,0.0,0.0,0,0.0,1
contact_3115@proton.me,email,+916801212830,phone,0.0,0.0,0.0,0.0,0,0.0,0
michaeltanakasite.com,domain,lisatanakasite.com,domain,0.0,0.0,0.0,0.0,0,0.0,0
+916861400428,phone,michael sharma,name,0.0,0.0,0.0,0.0,0,0.0,0
+916065469332,phone,elena garcia,name,0.0,0.0,0.0,0.0,1,0.0,0
site_7392.com,domain,+916615138268,phone,0.0,0.0,0.0,0.0,0,0.0,0
elena tanaka,name,lisa_ahmed,username,0.273,0.0,0.0,0.0,0,0.0,0
+12824056009,phone,lisatanakasite.com,domain,0.0,0.0,0.0,0.0,0,0.0,1
michael_williams,username,rajesh_miller,username,0.414,0.414,0.0,0.0,0,0.0,0
rahul patel,name,jane_singh@gmail.com,email,0.286,0.0,0.0,0.0,0,0.0,0
site_6537.com,domain,rajesh sato,name,0.25,0.0,0.0,0.0,0,0.0,0
+918687709408,phone,sarasmithsite.com,domain,0.0,0.0,0.0,0.0,2,0.0,0
hacker_john_garcia,username,priya singh,name,0.207,0.0,0.0,0.0,0,0.0,0
+916888233924,phone,john miller,name,0.0,0.0,0.0,0.0,0,0.0,0
contact_3289@proton.me,email,contact_9393@hotmail.com,email,0.0,0.0,0.0,0.0,0,0.0,0
ahul patel,name,+918963267690,phone,0.0,0.0,0.0,0.0,3,0.0,1
janejohnsonsite.com,domain,priyawilliamssite.com,domain,0.0,0.0,0.0,0.0,0,0.0,0
contact_7359@gmail.com,email,user_7218,username,0.19,0.0,0.0,0.0,0,0.0,0
+916482679828,phone,user_6121,username,0.182,0.0,0.0,0.0,1,0.0,0
jane_johnson@hotmail.com,email,priya39@gmail.com,email,0.0,0.0,0.0,0.0,0,0.0,0
sra8l8,username,sara@customlab.org,email,0.6,0.0,0.0,0.0,1,0.0,1
emily tanaka,name,contact_2180@proton.me,email,0.167,0.0,0.0,0.0,0,0.0,0
site_9144.com,domain,user_4603,username,0.364,0.0,0.0,0.0,0,0.0,0
+916376081333,phone,amit doe,name,0.0,0.0,0.0,0.0,0,0.0,0
+918981347325,phone,michael_brown@hotmail.com,email,0.0,0.0,0.0,0.0,0,0.0,0
user_8170,username,contact_9995@proton.me,email,0.095,0.0,0.0,0.0,2,0.0,0
ken khan,name,+916193189245,phone,0.0,0.0,0.0,0.0,0,0.0,0
user_5059,username,contact_5891@hotmail.com,email,0.286,0.0,0.0,0.0,0,0.0,0
+916801212830,phone,neha singh,name,0.0,0.0,0.0,0.0,0,0.0,0
+919596703526,phone,rajesh gupta,name,0.0,0.0,0.0,0.0,0,0.0,0
user_3569,username,contact_5112@hotmail.com,email,0.19,0.0,0.0,0.0,0,0.0,0
+917107621714,phone,ananyakhansite.com,domain,0.0,0.0,0.0,0.0,0,0.0,0
+919582781625,phone,ajne johnson,name,0.0,0.0,0.0,0.0,0,0.0,1
+918733759412,phone,ali_ahmed@yahoo.com,email,0.0,0.0,0.0,0.0,0,0.0,0
ali kumar,name,+917265935870,phone,0.0,0.0,0.0,0.0,0,0.0,0
ali ahmed,name,rajeshmartinezsite.com,domain,0.323,0.0,0.0,0.0,0,0.0,0
jane_johnson,username,jken80,username,0.333,0.333,0.0,0.0,0,0.0,0
+916769133408,phone,user_7265,username,0.182,0.0,0.0,0.0,0,0.0,0
site_4273.com,domain,user_3519,username,0.364,0.0,0.0,0.0,0,0.0,0
hacker_fatima83,username,hackerfatima83,username,0.966,0.966,0.0,0.0,1,0.0,1
john_hmed,username,pjohn_hmed,username,0.947,0.947,0.0,0.0,0,0.0,1
sara patel,name,contact_9677@hotmail.com,email,0.182,0.0,0.0,0.0,0,0.0,0
amitlabs.net,domain,amit_sharma@amitsite.net,email,0.0,0.0,0.0,0.0,0,0.0,1
rajeshguptasite.com,domain,+15901077071,phone,0.0,0.0,0.0,0.0,2,0.0,1
ken_gupta@kensite.net,email,+918338710195,phone,0.0,0.0,0.0,0.0,1,0.0,1
site_6250.com,domain,user_4607,username,0.455,0.0,0.0,0.0,0,0.0,0
priya39@gmail.com,email,priya brown,name,0.556,0.0,0.0,0.0,2,0.0,1
+916081007892,phone,site_7316.com,domain,0.0,0.0,0.0,0.0,0,0.0,0
+917336835980,phone,yukidevisite.com,domain,0.0,0.0,0.0,0.0,0,0.0,0
contact_7656@hotmail.com,email,site_1158.com,domain,0.0,0.0,0.0,0.0,0,0.0,0
priya singh,name,kenguptasite.com,domain,0.296,0.0,0.0,0.0,0,0.0,0
michael_willias,username,hacker_michael_williams,username,0.789,0.789,0.0,0.0,2,0.0,1
yuki_williams@gmail.com,email,yukiwilliamssite.com,domain,0.0,0.0,0.0,0.0,0,0.0,1
user_2424,username,site_7478.com,domain,0.364,0.0,0.0,0.0,0,0.0,0
user_6368,username,+916350575178,phone,0.273,0.0,0.0,0.0,0,0.0,0
+916152654605,phone,+916135436443,phone,0.0,0.0,0.0,0.0,0,0.0,0
+916087953022,phone,site_7704.com,domain,0.0,0.0,0.0,0.0,0,0.0,0
hacker_emily_brown,username,rajesh miller,name,0.258,0.0,0.0,0.0,0,0.0,0
contact_1174@gmail.com,email,user_3410,username,0.19,0.0,0.0,0.0,0,0.0,0
david38@hotmail.com,email,john ahmed,name,0.235,0.0,0.0,0.0,0,0.0,0
michael_tanaka@gmail.com,email,michael_tanka,username,0.963,0.0,0.0,0.0,0,0.0,1
amit_johnson,username,hacker_amit_johnson,username,0.774,0.774,0.0,0.0,1,0.0,1
lisa9,username,fatima_patel@outlook.com,email,0.235,0.0,0.0,0.0,0,0.0,0
+916031186796,phone,contact_6360@hotmail.com,email,0.0,0.0,0.0,0.0,1,0.0,0
rajesh_miller@rajeshsite.net,email,hacker_rajesh_millxer,username,0.765,0.0,0.0,0.0,0,0.0,1
contact_2584@hotmail.com,email,+916691581451,phone,0.0,0.0,0.0,0.0,0,0.0,0
elena51@hotmail.com,email,hacker_john_johnson,username,0.154,0.0,0.0,0.0,0,0.0,0
+916101168783,phone,site_6319.com,domain,0.0,0.0,0.0,0.0,0,0.0,0
priyasinghsite.com,domain,sarasmithsite.com,domain,0.0,0.0,0.0,0.0,0,0.0,0
yuki_ahmed,username,+919032150374,phone,0.0,0.0,0.0,0.0,0,0.0,0
rahulpatelsite.com,domain,+919589711983,phone,0.0,0.0,0.0,0.0,0,0.0,0
fatima_patel,username,ali42coder,username,0.273,0.273,0.0,0.0,0,0.0,0
john_ahmed,username,johnlabs.net,domain,0.545,0.0,0.0,0.0,0,0.0,1
user_5703,username,site_646.com,domain,0.286,0.0,0.0,0.0,0,0.0,0
+919804281916,phone,+919387772934,phone,0.0,0.0,0.0,0.0,0,0.0,0
rajesh gupta,name,rajesh_guptaa,username,0.48,0.0,0.0,0.0,0,0.0,1
+917336835980,phone,fatimapatelsite.com,domain,0.0,0.0,0.0,0.0,0,0.0,0
rahul77@outlook.com,email,rahu77,username,0.923,0.0,0.0,0.0,0,0.0,1
aliahmedsite.com,domain,michael_borwn,username,0.276,0.0,0.0,0.0,0,0.0,0
rajesh_miller,username,john johnson,name,0.16,0.0,0.0,0.0,0,0.0,0
+916903718055,phone,user_9568,username,0.273,0.0,0.0,0.0,0,0.0,0
+919582781625,phone,jane35@gmail.com,email,0.0,0.0,0.0,0.0,2,0.0,0
hacker_lisa48,username,lisa dervi,name,0.522,0.0,0.0,0.0,1,0.0,1
yuki_ahmed,username,jane_johnson@hotmail.com,email,0.182,0.0,0.0,0.0,0,0.0,0
alikumarsite.com,domain,sara smith,name,0.385,0.0,0.0,0.0,0,0.0,0
+916489966204,phone,user_215,username,0.095,0.0,0.0,0.0,0,0.0,0
site_5939.com,domain,contact_1439@outlook.com,email,0.0,0.0,0.0,0.0,0,0.0,0
sara_smith@hotmail.com,email,john_ahmed@hotmail.com,email,0.0,0.0,0.0,0.0,0,0.0,0
rahul patel,name,johnjohnsonsite.com,domain,0.133,0.0,0.0,0.0,0,0.0,0
lisa ahmed,name,fatimatanakasite.com,domain,0.2,0.0,0.0,0.0,0,0.0,0
site_1235.com,domain,user_2455,username,0.455,0.0,0.0,0.0,0,0.0,0
user_8818,username,site_7741.com,domain,0.364,0.0,0.0,0.0,0,0.0,0
priya76,username,praiya76,username,0.933,0.933,0.0,0.0,0,0.0,1
ken_gupta@outlook.com,email,ananyakhan,username,0.211,0.0,0.0,0.0,0,0.0,0
miqchael_willias,username,michael@customlab.org,email,0.609,0.0,0.0,0.0,0,0.0,1
ali_ahmed@yahoo.com,email,ali_ahmedcoder,username,0.783,0.0,0.0,0.0,2,0.0,1
site_4805.com,domain,user_1391,username,0.273,0.0,0.0,0.0,0,0.0,0
contact_164@yahoo.com,email,contact_2807@gmail.com,email,0.0,0.0,0.0,0.0,0,0.0,0
elena51,username,elena51coder,username,0.737,0.737,0.0,0.0,0,0.0,1
amit ojhnson,name,ait_jlohnson,username,0.75,0.0,0.0,0.0,0,0.0,1
+917912548711,phone,ananyakhansite.com,domain,0.0,0.0,0.0,0.0,0,0.0,0
+916233041084,phone,+916955203674,phone,0.0,0.0,0.0,0.0,0,0.0,0
rajesh khan,name,lisa_ahmed,username,0.286,0.0,0.0,0.0,0,0.0,0
jane3dev.org,domain,janesatosite.com,domain,0.0,0.0,0.0,0.0,3,0.0,1
+916944440625,phone,robert jones,name,0.0,0.0,0.0,0.0,0,0.0,0
site_926.com,domain,ali sato,name,0.3,0.0,0.0,0.0,0,0.0,0
lisaa_hed,username,+14681632915,phone,0.0,0.0,0.0,0.0,0,0.0,1
rajesh64@yahoo.com,email,hacker_rajesh_gupta,username,0.444,0.0,0.0,0.0,0,0.0,0
lisa48@proton.me,email,+918963267690,phone,0.0,0.0,0.0,0.0,0,0.0,0
+918338710195,phone,+919952958729,phone,0.0,0.0,0.0,0.0,0,0.0,0
contact_2039@yahoo.com,email,contact_4226@outlook.com,email,0.0,0.0,0.0,0.0,0,0.0,0
priyabrownsite.com,domain,prya3g9,username,0.32,0.0,0.0,0.0,0,0.0,1
site_6049.com,domain,user_8563,username,0.364,0.0,0.0,0.0,0,0.0,0
jane singh,name,jane_singh,username,0.9,0.0,0.0,0.0,1,0.0,1
+917871714345,phone,rajesh68@gmail.com,email,0.0,0.0,0.0,0.0,1,0.0,1
elena davis,name,lisa patel,name,0.476,0.0,0.0,0.0,0,0.0,0
rajesh_singh,username,rajsehs_ingh,username,0.833,0.833,0.0,0.0,0,0.0,1
+916713876368,phone,contact_1969@gmail.com,email,0.0,0.0,0.0,0.0,0,0.0,0
rajeshsinghsite.com,domain,fatima70@hotmail.com,email,0.0,0.0,0.0,0.0,0,0.0,0
michael_williams,username,rajeshmillersite.com,domain,0.389,0.0,0.0,0.0,0,0.0,0
yuki_ahmed@outlook.com,email,rajesh64@yahoo.com,email,0.0,0.0,0.0,0.0,0,0.0,0
hackre_yuki_williams,username,yuki_williams,username,0.788,0.788,0.0,0.0,0,0.0,1
site_6609.com,domain,user_2035,username,0.364,0.0,0.0,0.0,0,0.0,0
+916377613096,phone,+916494988351,phone,0.0,0.0,0.0,0.0,0,0.0,0
rajesh_singh@hotmail.com,email,fatima_patel@outlook.com,email,0.0,0.0,0.0,0.0,0,0.0,0
+919916712744,phone,aimt_sharma,username,0.0,0.0,0.0,0.0,2,0.0,1
hacker_michael_tanaka,username,michael_tanakadev.org,domain,0.667,0.0,0.0,0.0,0,0.0,1
michaelsharmasite.com,domain,elena davis,name,0.25,0.0,0.0,0.0,0,0.0,0
ken gupta,name,site_2155.com,domain,0.182,0.0,0.0,0.0,0,0.0,0
lisa brown,name,carlos sharma,name,0.435,0.0,0.0,0.0,0,0.0,0
site_5701.com,domain,user_5335,username,0.364,0.0,0.0,0.0,0,0.0,0
+918318297467,phone,priya_williamscoder,username,0.0,0.0,0.0,0.0,0,0.0,0
+916082440380,phone,user_5863,username,0.182,0.0,0.0,0.0,0,0.0,0
site_4353.com,domain,contact_6086@hotmail.com,email,0.0,0.0,0.0,0.0,0,0.0,0
+917327141441,phone,+17016107865,phone,0.0,0.0,0.0,0.0,0,0.0,1
user_3658,username,+916800870236,phone,0.182,0.0,0.0,0.0,1,0.0,0
elena51@hotmail.com,email,lisa_ahmed@proton.me,email,0.0,0.0,0.0,0.0,0,0.0,0
+917185643633,phone,priyasinghsite.com,domain,0.0,0.0,0.0,0.0,0,0.0,0
michael_borwn,username,emily brown,name,0.333,0.0,0.0,0.0,0,0.0,0
yukiwilliamssite.com,domain,ali kumar,name,0.207,0.0,0.0,0.0,0,0.0,0
amitsharmasite.com,domain,lisa92@gmail.com,email,0.0,0.0,0.0,0.0,0,0.0,0
+916947246507,phone,user_3809,username,0.091,0.0,0.0,0.0,0,0.0,0
+17289515273,phone,lisa dervi,name,0.0,0.0,0.0,0.0,0,0.0,1
lisa77@yahoo.com,email,lisa770,username,0.923,0.0,0.0,0.0,1,0.0,1
user_1313,username,+916187968247,phone,0.182,0.0,0.0,0.0,0,0.0,0
+919289245144,phone,hacker_elena_tanaka,username,0.0,0.0,0.0,0.0,0,0.0,1
priyabrownsite.com,domain,priy@customlab.org,email,0.0,0.0,0.0,0.0,0,0.0,1
site_5908.com,domain,contact_9241@gmail.com,email,0.0,0.0,0.0,0.0,0,0.0,0
+917212115091,phone,lisa patel,name,0.0,0.0,0.0,0.0,0,0.0,0
+917658170004,phone,amitjohnsonsite.com,domain,0.0,0.0,0.0,0.0,0,0.0,0
jane_singh@gmail.com,email,john johnson,name,0.364,0.0,0.0,0.0,0,0.0,0
rajesh gupta,name,hacker_rajesh_guta,username,0.467,0.0,0.0,0.0,2,0.0,1
lisa brown,name,user_1656,username,0.105,0.0,0.0,0.0,0,0.0,0
hacker_priya39,username,prizya39,username,0.636,0.636,0.0,0.0,0,0.0,1
site_9507.com,domain,user_6322,username,0.273,0.0,0.0,0.0,0,0.0,0
+918963267690,phone,rahu77,username,0.105,0.0,0.0,0.0,3,0.0,1
+916331587834,phone,site_9260.com,domain,0.0,0.0,0.0,0.0,0,0.0,0
+918963267690,phone,jken80,username,0.211,0.0,0.0,0.0,0,0.0,0
contact_811@gmail.com,email,contact_650@gmail.com,email,0.0,0.0,0.0,0.0,0,0.0,0
+916192588901,phone,+916290683026,phone,0.0,0.0,0.0,0.0,0,0.0,0
lisadevisite.com,domain,hacker_lisa48,username,0.276,0.0,0.0,0.0,2,0.0,1
lias_ahmed,username,lisaahmedsite.com,domain,0.593,0.0,0.0,0.0,2,0.0,1
robert ahmed,name,user_5572,username,0.19,0.0,0.0,0.0,0,0.0,0
john smith,name,ali ahmed,name,0.316,0.0,0.0,0.0,0,0.0,0
+916953681892,phone,contact_785@proton.me,email,0.0,0.0,0.0,0.0,0,0.0,0
+16517035482,phone,yukiwilliamssite.com,domain,0.0,0.0,0.0,0.0,0,0.0,1
lisa77@yahoo.com,email,elenatanakasite.com,domain,0.0,0.0,0.0,0.0,0,0.0,0
elena51@hotmail.com,email,david singh,name,0.111,0.0,0.0,0.0,0,0.0,0
hacker_elena_tanaka,username,elena_tanaka,username,0.774,0.774,0.0,0.0,0,0.0,1
fatimadevisite.com,domain,+919994107253,phone,0.0,0.0,0.0,0.0,0,0.0,0
ken johnson,name,site_2569.com,domain,0.167,0.0,0.0,0.0,0,0.0,0
yu7ki_ahmed,username,yukilabs.net,domain,0.522,0.0,0.0,0.0,1,0.0,1
site_4767.com,domain,rajesh williams,name,0.214,0.0,0.0,0.0,0,0.0,0
user_9260,username,contact_3693@gmail.com,email,0.19,0.0,0.0,0.0,0,0.0,0
ananya khan,name,+917430387833,phone,0.0,0.0,0.0,0.0,0,0.0,0
hacker_priya76,username,michael_sharma@yahoo.com,email,0.429,0.0,0.0,0.0,0,0.0,0
+916241632549,phone,user_6446,username,0.273,0.0,0.0,0.0,0,0.0,0
user_5071,username,user_8832,username,0.556,0.556,0.0,0.0,0,0.0,0
user_1228,username,contact_7343@proton.me,email,0.095,0.0,0.0,0.0,1,0.0,0
+916499031756,phone,+916132119557,phone,0.0,0.0,0.0,0.0,0,0.0,0
contact_7503@gmail.com,email,site_1457.com,domain,0.0,0.0,0.0,0.0,0,0.0,0
+916828431814,phone,user_5862,username,0.182,0.0,0.0,0.0,0,0.0,0
user_4815,username,jane smith,name,0.105,0.0,0.0,0.0,0,0.0,0
john15,username,+918335090736,phone,0.211,0.0,0.0,0.0,0,0.0,0
rajesh_gupta@outlook.com,email,john15,username,0.222,0.0,0.0,0.0,0,0.0,0
+918474818136,phone,+918965178657,phone,0.0,0.0,0.0,0.0,0,0.0,0
lisa9,username,lisabrownsite.com,domain,0.364,0.0,0.0,0.0,0,0.0,0
john15,username,ali_ahmed,username,0.133,0.133,0.0,0.0,0,0.0,0
user_3323,username,michael miller,name,0.174,0.0,0.0,0.0,0,0.0,0
hacker_priya76,username,amit_sharma@proton.me,email,0.32,0.0,0.0,0.0,0,0.0,0
+916337514548,phone,user_4348,username,0.273,0.0,0.0,0.0,0,0.0,0
site_5955.com,domain,contact_1802@hotmail.com,email,0.0,0.0,0.0,0.0,0,0.0,0
rajesh miller,name,ali42coder,username,0.261,0.0,0.0,0.0,0,0.0,0
user_5278,username,+916358712935,phone,0.182,0.0,0.0,0.0,0,0.0,0
sara88@hotmail.com,email,lisa_patel@hotmail.com,email,0.0,0.0,0.0,0.0,0,0.0,0
lisapatelsite.com,domain,lisa92@gmail.com,email,0.0,0.0,0.0,0.0,2,0.0,0
emily miller,name,+916319832256,phone,0.0,0.0,0.0,0.0,0,0.0,0
+17289515273,phone,lisadevisite.com,domain,0.0,0.0,0.0,0.0,1,0.0,1
emily rown,name,emily brown,name,0.952,0.0,0.0,0.0,1,0.0,1
site_5786.com,domain,user_1197,username,0.364,0.0,0.0,0.0,0,0.0,0
user_1214,username,contact_3710@outlook.com,email,0.19,0.0,0.0,0.0,0,0.0,0
site_2715.com,domain,amit patel,name,0.261,0.0,0.0,0.0,0,0.0,0
ilsa@customlab.org,email,+17289515273,phone,0.0,0.0,0.0,0.0,2,0.0,1
contact_9598@gmail.com,email,site_2939.com,domain,0.0,0.0,0.0,0.0,0,0.0,0
hacker_lisa_patel,username,lsia_patle,username,0.593,0.593,0.0,0.0,1,0.0,1
contact_5427@outlook.com,email,user_4034,username,0.19,0.0,0.0,0.0,0,0.0,0
+917658170004,phone,priya brown,name,0.0,0.0,0.0,0.0,0,0.0,0
site_8777.com,domain,robert martinez,name,0.214,0.0,0.0,0.0,0,0.0,0
priyawilliamssite.com,domain,ken_gupta,username,0.133,0.0,0.0,0.0,0,0.0,0
+919376816771,phone,rajeshsmithsite.com,domain,0.0,0.0,0.0,0.0,0,0.0,0
+919916712744,phone,faitma70,username,0.095,0.0,0.0,0.0,0,0.0,0
emily doe,name,site_7631.com,domain,0.182,0.0,0.0,0.0,0,0.0,0
+918687709408,phone,ken80@gmail.com,email,0.0,0.0,0.0,0.0,0,0.0,0
rajesh_miller@proton.me,email,+919994107253,phone,0.0,0.0,0.0,0.0,0,0.0,0
yu7ki_ahmed,username,hacker_yuki_ahmed,username,0.714,0.714,0.0,0.0,0,0.0,1
+918475056187,phone,+16750183932,phone,0.0,0.0,0.0,0.0,1,0.0,1
ali_ahmed,username,+919994107253,phone,0.0,0.0,0.0,0.0,0,0.0,0
michael_bronw,username,michaellabs.net,domain,0.643,0.0,0.0,0.0,1,0.0,1
contact_4013@outlook.com,email,contact_3115@proton.me,email,0.0,0.0,0.0,0.0,0,0.0,0
+916702928709,phone,contact_7633@hotmail.com,email,0.0,0.0,0.0,0.0,0,0.0,0
+918475056187,phone,ken@customlab.org,email,0.0,0.0,0.0,0.0,0,0.0,1
michael_brown,username,michael brown,name,0.538,0.0,0.0,0.0,2,0.0,1
+12009735927,phone,arjesh_martine,username,0.0,0.0,0.0,0.0,1,0.0,1
michael williams,name,lisapatelsite.com,domain,0.364,0.0,0.0,0.0,0,0.0,0
site_8862.com,domain,fatima sato,name,0.25,0.0,0.0,0.0,0,0.0,0
elenadavissite.com,domain,rajeshmartinezsite.com,domain,0.0,0.0,0.0,0.0,0,0.0,0
+919804281916,phone,hacker_rajesh64,username,0.071,0.0,0.0,0.0,0,0.0,0
+916844849548,phone,user_5795,username,0.182,0.0,0.0,0.0,0,0.0,0
site_2494.com,domain,contact_7876@proton.me,email,0.0,0.0,0.0,0.0,0,0.0,0
hackr_rajesh97,username,rajesh97@hotmail.com,email,0.727,0.0,0.0,0.0,1,0.0,1
user_1928,username,+916181363876,phone,0.182,0.0,0.0,0.0,0,0.0,0
ken_gupta,username,ken_guptadev.org,domain,0.72,0.0,0.0,0.0,1,0.0,1
michael sharma,name,davidsinghsite.com,domain,0.25,0.0,0.0,0.0,0,0.0,0
+916504540858,phone,site_7827.com,domain,0.0,0.0,0.0,0.0,0,0.0,0
ken_gupta@kensite.net,email,ken_gutpa,username,0.889,0.0,0.0,0.0,0,0.0,1
fatima83@outlook.com,email,lisa ahmed,name,0.333,0.0,0.0,0.0,0,0.0,0
hacker_rahul77,username,rahul@customlab.org,email,0.526,0.0,0.0,0.0,1,0.0,1
ali ahmed,name,lai ahmed,name,0.889,0.0,0.0,0.0,2,0.0,1
rajeshkhansite.com,domain,fatima tanaka,name,0.194,0.0,0.0,0.0,0,0.0,0
+917658170004,phone,+917047187022,phone,0.0,0.0,0.0,0.0,0,0.0,0
amit tanaka,name,robert smith,name,0.261,0.0,0.0,0.0,0,0.0,0
elena51,username,david38@hotmail.com,email,0.143,0.0,0.0,0.0,0,0.0,0
user_6212,username,contact_7359@gmail.com,email,0.095,0.0,0.0,0.0,0,0.0,0
+916225746943,phone,site_1073.com,domain,0.0,0.0,0.0,0.0,0,0.0,0
contact_281@yahoo.com,email,emily khan,name,0.095,0.0,0.0,0.0,1,0.0,0
amit williams,name,contact_9618@outlook.com,email,0.16,0.0,0.0,0.0,0,0.0,0
lisa77,username,hacker_lisa77,username,0.632,0.632,0.0,0.0,2,0.0,1
site_6500.com,domain,+916513292050,phone,0.0,0.0,0.0,0.0,0,0.0,0
contact_6948@gmail.com,email,contact_4636@hotmail.com,email,0.0,0.0,0.0,0.0,0,0.0,0
yuki_ahmed@outlook.com,email,+919666362423,phone,0.0,0.0,0.0,0.0,0,0.0,0
+15901077071,phone,rajesh guta,name,0.0,0.0,0.0,0.0,3,0.0,1
site_4442.com,domain,user_6837,username,0.273,0.0,0.0,0.0,0,0.0,0
emily brown,name,priya39@gmail.com,email,0.333,0.0,0.0,0.0,0,0.0,0
+919733959353,phone,ken_gupta,username,0.0,0.0,0.0,0.0,0,0.0,0
amitsharmasite.com,domain,rajesh miller,name,0.323,0.0,0.0,0.0,0,0.0,0
site_8797.com,domain,user_5684,username,0.364,0.0,0.0,0.0,0,0.0,0
user_2191,username,user_3081,username,0.667,0.667,0.0,0.0,0,0.0,0
rajesh_singhcoder,username,+15444833329,phone,0.0,0.0,0.0,0.0,3,0.0,1
jane35@gmail.com,email,jane35coder,username,0.706,0.0,0.0,0.0,0,0.0,1
+919552044458,phone,michael_borwn,username,0.0,0.0,0.0,0.0,0,0.0,0
+919804281916,phone,emily_brown@yahoo.com,email,0.0,0.0,0.0,0.0,0,0.0,0
fatim83,username,amit_sharma,username,0.333,0.333,0.0,0.0,0,0.0,0
user_3128,username,contact_403@hotmail.com,email,0.2,0.0,0.0,0.0,0,0.0,0
michael tanaka,name,rajesh_singh,username,0.231,0.0,0.0,0.0,0,0.0,0
+919552044458,phone,rajesh miller,name,0.0,0.0,0.0,0.0,0,0.0,0
+916886243969,phone,+916176020995,phone,0.0,0.0,0.0,0.0,0,0.0,0
jane doe,name,site_1570.com,domain,0.095,0.0,0.0,0.0,0,0.0,0
lisa_ahmed@proton.me,email,michael brown,name,0.261,0.0,0.0,0.0,0,0.0,0
+917212115091,phone,hacker_rajesh_millxer,username,0.0,0.0,0.0,0.0,1,0.0,1
ken37,username,kenlabs.net,domain,0.375,0.0,0.0,0.0,0,0.0,1
+919582781625,phone,ali42coder,username,0.087,0.0,0.0,0.0,0,0.0,0
+916375391575,phone,rajesh tanaka,name,0.0,0.0,0.0,0.0,0,0.0,0
+916405037008,phone,user_7971,username,0.182,0.0,0.0,0.0,0,0.0,0
+919589711983,phone,ken garcia,name,0.0,0.0,0.0,0.0,0,0.0,0
kengarciasite.com,domain,yuki williams,name,0.267,0.0,0.0,0.0,0,0.0,0
lisa patel,name,lias_patel,username,0.8,0.0,0.0,0.0,1,0.0,1
amit singh,name,carlos jones,name,0.273,0.0,0.0,0.0,0,0.0,0
+916464177293,phone,site_8384.com,domain,0.0,0.0,0.0,0.0,0,0.0,0
+919994107253,phone,michael_sharmacoder,username,0.0,0.0,0.0,0.0,0,0.0,0
fatimatanakasite.com,domain,rajesh_singh@hotmail.com,email,0.0,0.0,0.0,0.0,0,0.0,0
user_2074,username,+916177368230,phone,0.182,0.0,0.0,0.0,0,0.0,0
+14681632915,phone,lisa_ahmed@proton.me,email,0.0,0.0,0.0,0.0,0,0.0,1
johnjohnsonsite.com,domain,rajeshmillersite.com,domain,0.0,0.0,0.0,0.0,0,0.0,0
yuki devi,name,hacker_yuki_devi,username,0.4,0.0,0.0,0.0,2,0.0,1
rahul kumar,name,user_4827,username,0.2,0.0,0.0,0.0,0,0.0,0
yuki_devi@outlook.com,email,michaeltanakasite.com,domain,0.0,0.0,0.0,0.0,0,0.0,0
user_3803,username,+916068858231,phone,0.182,0.0,0.0,0.0,0,0.0,0
lisa_ahmed,username,yuki_devi,username,0.316,0.316,0.0,0.0,0,0.0,0
user_1197,username,amit devi,name,0.111,0.0,0.0,0.0,0,0.0,0
contact_4142@gmail.com,email,user_439,username,0.2,0.0,0.0,0.0,0,0.0,0
hacker_jane_johnson,username,ajne johnson,name,0.71,0.0,0.0,0.0,2,0.0,1
ali_ahmed,username,fatima patel,name,0.381,0.0,0.0,0.0,0,0.0,0
user_3369,username,ananya devi,name,0.1,0.0,0.0,0.0,0,0.0,0
rajesh miller,name,hacker_rajesh_millxer,username,0.471,0.0,0.0,0.0,2,0.0,1
priya_williams@yahoo.com,email,priyaw_illmiams,username,0.897,0.0,0.0,0.0,1,0.0,1
+917107621714,phone,elena51@hotmail.com,email,0.0,0.0,0.0,0.0,0,0.0,0
ken_gupta@outlook.com,email,david38,username,0.125,0.0,0.0,0.0,0,0.0,0
emily brown,name,michael_williams,username,0.222,0.0,0.0,0.0,0,0.0,0
john15,username,amitsharmasite.com,domain,0.083,0.0,0.0,0.0,0,0.0,0
site_6327.com,domain,site_2251.com,domain,0.0,0.0,0.0,0.0,0,0.0,0
site_2065.com,domain,user_1416,username,0.364,0.0,0.0,0.0,0,0.0,0
amit johnson,name,priya_williamscoder,username,0.258,0.0,0.0,0.0,0,0.0,0
contact_5891@hotmail.com,email,user_5950,username,0.286,0.0,0.0,0.0,0,0.0,0
hacker_davvid38,username,david38@hotmail.com,email,0.636,0.0,0.0,0.0,0,0.0,1
hacker_michael_williams,username,michael williams,name,0.769,0.0,0.0,0.0,0,0.0,1
user_7227,username,contact_8469@proton.me,email,0.095,0.0,0.0,0.0,0,0.0,0
site_2088.com,domain,ananya martinez,name,0.143,0.0,0.0,0.0,0,0.0,0
user_7456,username,contact_7503@gmail.com,email,0.286,0.0,0.0,0.0,0,0.0,0
+917871714345,phone,rajesh mliler,name,0.0,0.0,0.0,0.0,2,0.0,1
rajeshkhansite.com,domain,hacker_john_garcia,username,0.278,0.0,0.0,0.0,0,0.0,0
+917521726436,phone,+919733959353,phone,0.0,0.0,0.0,0.0,0,0.0,0
yuki ahmed,name,+14491292026,phone,0.0,0.0,0.0,0.0,0,0.0,1
emily gupta,name,elena jones,name,0.273,0.0,0.0,0.0,0,0.0,0
yuki_williams@gmail.com,email,ali_ahmed,username,0.364,0.0,0.0,0.0,0,0.0,0
+917336835980,phone,+919589711983,phone,0.0,0.0,0.0,0.0,0,0.0,0
ali_ahmed@yahoo.com,email,michaelsharmasite.com,domain,0.0,0.0,0.0,0.0,2,0.0,0
ali_ahmed@yahoo.com,email,ali ahmed,name,0.556,0.0,0.0,0.0,1,0.0,1
rajeshmillersite.com,domain,ali ahmed,name,0.345,0.0,0.0,0.0,0,0.0,0
hacker_priya76,username,acker_priya76,username,0.963,0.963,0.0,0.0,1,0.0,1
rajesh_gupta,username,+919552044458,phone,0.0,0.0,0.0,0.0,0,0.0,1
+917047187022,phone,+919640160203,phone,0.0,0.0,0.0,0.0,0,0.0,0
site_2551.com,domain,user_3529,username,0.364,0.0,0.0,0.0,2,0.0,0
sara88,username,asra88,username,0.833,0.833,0.0,0.0,1,0.0,1
jane35coder,username,janesatosite.com,domain,0.444,0.0,0.0,0.0,1,0.0,1
+918687709408,phone,rajesh miller,name,0.0,0.0,0.0,0.0,0,0.0,0
user_1270,username,+916678453103,phone,0.273,0.0,0.0,0.0,0,0.0,0
user_2470,username,+916176020995,phone,0.182,0.0,0.0,0.0,0,0.0,0
+14681632915,phone,+918687709408,phone,0.0,0.0,0.0,0.0,2,0.0,1
hacker_rajesh_martinez,username,rajeshmartinezsite.com,domain,0.636,0.0,0.0,0.0,0,0.0,1
+916698706930,phone,user_5684,username,0.182,0.0,0.0,0.0,0,0.0,0
priya williams,name,sara smith,name,0.333,0.0,0.0,0.0,0,0.0,0
+917521726436,phone,+919457189042,phone,0.0,0.0,0.0,0.0,0,0.0,0
sraa_smith,username,lisa_ahmed@proton.me,email,0.4,0.0,0.0,0.0,0,0.0,0
michael_tanaka@gmail.com,email,+16526174328,phone,0.0,0.0,0.0,0.0,1,0.0,1
priya_williams@yahoo.com,email,priya_willaims,username,0.929,0.0,0.0,0.0,1,0.0,1
contact_7047@hotmail.com,email,user_7570,username,0.286,0.0,0.0,0.0,0,0.0,0
site_8481.com,domain,contact_6922@hotmail.com,email,0.0,0.0,0.0,0.0,0,0.0,0
michael tanaka,name,ken3,username,0.222,0.0,0.0,0.0,0,0.0,0
davidsinghsite.com,domain,michael tanaka,name,0.188,0.0,0.0,0.0,1,0.0,0
rajesh singh,name,amit johnson,name,0.417,0.0,0.0,0.0,0,0.0,0
jane_johnson@hotmail.com,email,priya_williamscoder,username,0.258,0.0,0.0,0.0,0,0.0,0
rajesh miller,name,rajesh68c8oder,username,0.444,0.0,0.0,0.0,0,0.0,1
michael_sharma@yahoo.com,email,+917430387833,phone,0.0,0.0,0.0,0.0,0,0.0,0
amit_sharma,username,fatima_patel,username,0.348,0.348,0.0,0.0,0,0.0,0
jane johnson,name,+919589711983,phone,0.0,0.0,0.0,0.0,0,0.0,0
+918733759412,phone,fatima83@outlook.com,email,0.0,0.0,0.0,0.0,0,0.0,0
sarasmithsite.com,domain,priyasinghsite.com,domain,0.0,0.0,0.0,0.0,0,0.0,0
lisa devi,name,lisadevisite.com,domain,0.4,0.0,0.0,0.0,1,0.0,1
+918318297467,phone,fatima@customlab.org,email,0.0,0.0,0.0,0.0,0,0.0,1
user_2035,username,+916744048794,phone,0.091,0.0,0.0,0.0,0,0.0,0
michael_sharmacoder,username,emily_brown@yahoo.com,email,0.4,0.0,0.0,0.0,0,0.0,0
lisa brown,name,hacker_lisa77,username,0.435,0.0,0.0,0.0,3,0.0,1
ananya patel,name,+916561245906,phone,0.0,0.0,0.0,0.0,0,0.0,0
user_2074,username,contact_5427@outlook.com,email,0.286,0.0,0.0,0.0,0,0.0,0
user_3588,username,lisa johnson,name,0.095,0.0,0.0,0.0,0,0.0,0
+916337514548,phone,contact_281@yahoo.com,email,0.0,0.0,0.0,0.0,0,0.0,0
lisa9,username,rajesh97@hotmail.com,email,0.308,0.0,0.0,0.0,0,0.0,0
ananyakhan,username,rajeshmillersite.com,domain,0.133,0.0,0.0,0.0,0,0.0,0
site_2493.com,domain,david williams,name,0.148,0.0,0.0,0.0,0,0.0,0
david ahmed,name,site_4159.com,domain,0.083,0.0,0.0,0.0,0,0.0,0
amit gupta,name,site_7055.com,domain,0.174,0.0,0.0,0.0,0,0.0,0
rajeshmillersite.com,domain,amit johnson,name,0.312,0.0,0.0,0.0,0,0.0,0
+919032150374,phone,yuki_devi,username,0.0,0.0,0.0,0.0,0,0.0,0
rajesh_singh@hotmail.com,email,elena tanaka,name,0.167,0.0,0.0,0.0,0,0.0,0
carlos shrama,name,carloslabs.net,domain,0.519,0.0,0.0,0.0,3,0.0,1
contact_9135@outlook.com,email,site_8384.com,domain,0.0,0.0,0.0,0.0,0,0.0,0
hacker_lisa_atel,username,lisa_patl,username,0.64,0.64,0.0,0.0,0,0.0,1
priya williams,name,rajeshsinghsite.com,domain,0.303,0.0,0.0,0.0,0,0.0,0
hacker_rajesh_gupta@rajeshsite.net,email,hacker_rajesh_gupta,username,1.0,0.0,0.0,1.0,1,0.0,1
ken3,username,hacker_jane_singh,username,0.286,0.286,0.0,0.0,0,0.0,0
+17908303933,phone,jane_johnson@hotmail.com,email,0.0,0.0,0.0,0.0,2,0.0,1
+917430387833,phone,rahul77,username,0.2,0.0,0.0,0.0,0,0.0,0
+916674163993,phone,rajesh smith,name,0.0,0.0,0.0,0.0,0,0.0,0
jane tanaka,name,fatima smith,name,0.261,0.0,0.0,0.0,0,0.0,0
contact_3134@hotmail.com,email,user_3870,username,0.19,0.0,0.0,0.0,0,0.0,0
rajesh gupta,name,rajeshguptasite.com,domain,0.387,0.0,0.0,0.0,2,0.0,1
+919804281916,phone,yuki_williams@gmail.com,email,0.0,0.0,0.0,0.0,0,0.0,0
sara88dev.org,domain,sara8l8,username,0.6,0.0,0.0,0.0,3,0.0,1
john_garcia@outlook.com,email,+919457189042,phone,0.0,0.0,0.0,0.0,0,0.0,0
elnea35,username,lisadevisite.com,domain,0.174,0.0,0.0,0.0,0,0.0,0
john garcia,name,user_3034,username,0.1,0.0,0.0,0.0,0,0.0,0
+916075478452,phone,site_3108.com,domain,0.0,0.0,0.0,0.0,0,0.0,0
+916997942676,phone,+916582171538,phone,0.0,0.0,0.0,0.0,0,0.0,0
rajesh gupta,name,priya_williamscoder,username,0.258,0.0,0.0,0.0,0,0.0,0
ali42coder@alisite.net,email,ali42@proton.me,email,0.0,0.0,0.0,0.0,1,0.0,1
+13982850421,phone,ali@customlab.org,email,0.0,0.0,0.0,0.0,1,0.0,1
michael_williams@proton.me,email,lisa_patle,username,0.308,0.0,0.0,0.0,0,0.0,0
+919837615419,phone,rajeshsmithsite.com,domain,0.0,0.0,0.0,0.0,0,0.0,0
user_8600,username,contact_6871@gmail.com,email,0.19,0.0,0.0,0.0,0,0.0,0
elenadavissite.com,domain,john smith,name,0.286,0.0,0.0,0.0,0,0.0,0
_jane singh,name,+18219476000,phone,0.0,0.0,0.0,0.0,2,0.0,1
lisabrownsite.com,domain,hacker_lias77,username,0.267,0.0,0.0,0.0,0,0.0,1
+916933946128,phone,site_6412.com,domain,0.0,0.0,0.0,0.0,0,0.0,0
sara miller,name,johngarciasite.com,domain,0.207,0.0,0.0,0.0,0,0.0,0
user_1197,username,sara davis,name,0.211,0.0,0.0,0.0,0,0.0,0
contact_7503@gmail.com,email,user_1928,username,0.095,0.0,0.0,0.0,0,0.0,0
michaelwilliamssite.com,domain,hacker_michael_williams9,username,0.638,0.0,0.0,0.0,1,0.0,1
+919994107253,phone,yukiahmedsite.com,domain,0.0,0.0,0.0,0.0,0,0.0,0
michael_brown@hotmail.com,email,hacker_priya39,username,0.37,0.0,0.0,0.0,0,0.0,0
site_7670.com,domain,site_926.com,domain,0.0,0.0,0.0,0.0,0,0.0,0
lisa patel,name,ali42coder,username,0.3,0.0,0.0,0.0,0,0.0,0
amit_johnson@outlook.com,email,+918335090736,phone,0.0,0.0,0.0,0.0,0,0.0,0
michaelwilliamssite.com,domain,+918123425397,phone,0.0,0.0,0.0,0.0,0,0.0,0
hacker_rajesh97,username,+919457189042,phone,0.143,0.0,0.0,0.0,0,0.0,0
priya_williamscoder,username,yuki_devi,username,0.286,0.286,0.0,0.0,0,0.0,0
michael_williams@proton.me,email,michael_wirlliams,username,0.97,0.0,0.0,0.0,0,0.0,1
contact_7717@proton.me,email,site_388.com,domain,0.0,0.0,0.0,0.0,0,0.0,0
amitjohnsonsite.com,domain,+919666362423,phone,0.0,0.0,0.0,0.0,0,0.0,0
priya39,username,priya39@gmail.com,email,1.0,0.0,0.0,1.0,1,0.0,1
rajesh64@yahoo.com,email,+919640160203,phone,0.0,0.0,0.0,0.0,0,0.0,0
+918965178657,phone,lisapatelsite.com,domain,0.0,0.0,0.0,0.0,0,0.0,0
+918338710195,phone,lisa devi,name,0.0,0.0,0.0,0.0,0,0.0,0
rajesh miller,name,+918318297467,phone,0.0,0.0,0.0,0.0,0,0.0,0
+916008931072,phone,site_7964.com,domain,0.0,0.0,0.0,0.0,0,0.0,0
user_3117,username,site_4769.com,domain,0.364,0.0,0.0,0.0,1,0.0,0
+916339126138,phone,user_9068,username,0.273,0.0,0.0,0.0,0,0.0,0
lisa_patel,username,lisa@customlab.org,email,0.571,0.0,0.0,0.0,1,0.0,1
lisabrownsite.com,domain,lisa48@proton.me,email,0.0,0.0,0.0,0.0,0,0.0,0
rajseh_miller,username,+15289047763,phone,0.0,0.0,0.0,0.0,1,0.0,1
rajesh martinez,name,yuki_devi,username,0.167,0.0,0.0,0.0,0,0.0,0
user_9206,username,site_4769.com,domain,0.364,0.0,0.0,0.0,2,0.0,0
jane_nsigh,username,jane singh,name,0.8,0.0,0.0,0.0,2,0.0,1
fatima_patel,username,hacker_rajesh97,username,0.296,0.296,0.0,0.0,0,0.0,0
+12746158661,phone,johnlabs.net,domain,0.0,0.0,0.0,0.0,2,0.0,1
+918733759412,phone,jane sato,name,0.0,0.0,0.0,0.0,0,0.0,0
hacker_lisa_patel,username,lisa_patel,username,0.741,0.741,0.0,0.0,3,0.0,1
ait_jlohnson,username,amitjohnsonsite.com,domain,0.645,0.0,0.0,0.0,2,0.0,1
contact_1017@gmail.com,email,+916328816281,phone,0.0,0.0,0.0,0.0,0,0.0,0
+916743644835,phone,+916013876658,phone,0.0,0.0,0.0,0.0,0,0.0,0
user_9230,username,contact_4342@hotmail.com,email,0.19,0.0,0.0,0.0,0,0.0,0
praiya76,username,pria76,username,0.857,0.857,0.0,0.0,0,0.0,1
ken sharma,name,+916079686171,phone,0.0,0.0,0.0,0.0,0,0.0,0
jnae3,username,jane3dev.org,domain,0.471,0.0,0.0,0.0,0,0.0,1
kn80,username,ken garcia,name,0.286,0.0,0.0,0.0,2,0.0,1
user_1586,username,+916743644835,phone,0.182,0.0,0.0,0.0,0,0.0,0
yukiahmedsite.com,domain,hackr_yuki_ahmed,username,0.545,0.0,0.0,0.0,2,0.0,1
elena51@elenasite.net,email,elenalabs.net,domain,0.0,0.0,0.0,0.0,0,0.0,1
david singh,name,ken3,username,0.133,0.0,0.0,0.0,0,0.0,0
contact_5212@yahoo.com,email,+916516685648,phone,0.0,0.0,0.0,0.0,0,0.0,0
lisatanakasite.com,domain,janesatosite.com,domain,0.0,0.0,0.0,0.0,0,0.0,0
user_6258,username,+916192456806,phone,0.364,0.0,0.0,0.0,0,0.0,0
user_574,username,site_7827.com,domain,0.381,0.0,0.0,0.0,0,0.0,0
rajesh_gupta@outlook.com,email,rajesh martinez,name,0.444,0.0,0.0,0.0,0,0.0,0
+917430387833,phone,lisapatelsite.com,domain,0.0,0.0,0.0,0.0,0,0.0,0
carlos_sharma@hotmail.com,email,+918123425397,phone,0.0,0.0,0.0,0.0,0,0.0,0
site_4483.com,domain,contact_5409@gmail.com,email,0.0,0.0,0.0,0.0,0,0.0,0
ken davis,name,fatima singh,name,0.381,0.0,0.0,0.0,0,0.0,0
user_5340,username,site_4041.com,domain,0.455,0.0,0.0,0.0,0,0.0,0
contact_1274@outlook.com,email,+916691581451,phone,0.0,0.0,0.0,0.0,0,0.0,0
lisa_patle,username,john smith,name,0.2,0.0,0.0,0.0,0,0.0,0
+919032150374,phone,johnahmedsite.com,domain,0.0,0.0,0.0,0.0,0,0.0,1
jane scato,name,jane35,username,0.5,0.0,0.0,0.0,2,0.0,1
priya sato,name,+916313106055,phone,0.0,0.0,0.0,0.0,0,0.0,0
+919666362423,phone,michael_sharm,username,0.0,0.0,0.0,0.0,1,0.0,1
michaelbrownsite.com,domain,hacker_john_ahmed,username,0.378,0.0,0.0,0.0,0,0.0,0
amit_sharma@amitsite.net,email,amit_sharma,username,1.0,0.0,0.0,1.0,1,0.0,1
site_9981.com,domain,user_4126,username,0.364,0.0,0.0,0.0,0,0.0,0
contact_6953@yahoo.com,email,+916955203674,phone,0.0,0.0,0.0,0.0,0,0.0,0
rajeshkhansite.com,domain,lisa patel,name,0.286,0.0,0.0,0.0,0,0.0,0
hacker_carlos_sharma,username,carlos_harma,username,0.75,0.75,0.0,0.0,1,0.0,1
hacker_carlos_sharma,username,hacker_priya76,username,0.529,0.529,0.0,0.0,0,0.0,0
ken garcia,name,lisa ahmed,name,0.3,0.0,0.0,0.0,0,0.0,0
rajesh khan,name,sarasmithsite.com,domain,0.357,0.0,0.0,0.0,0,0.0,0
sraa_smtih,username,hacker_sara_smith,username,0.593,0.593,0.0,0.0,2,0.0,1
carlossharmasite.com,domain,+918981347325,phone,0.0,0.0,0.0,0.0,0,0.0,0
site_2148.com,domain,elena miller,name,0.16,0.0,0.0,0.0,0,0.0,0
johnahmedsite.com,domain,jken80,username,0.174,0.0,0.0,0.0,0,0.0,0
priya brown,name,priyasinghsite.com,domain,0.345,0.0,0.0,0.0,0,0.0,0
contact_9354@gmail.com,email,amit sato,name,0.286,0.0,0.0,0.0,0,0.0,0
site_3826.com,domain,yuki gupta,name,0.087,0.0,0.0,0.0,0,0.0,0
user_9143,username,site_8913.com,domain,0.545,0.0,0.0,0.0,0,0.0,0
+15692639547,phone,elena@customlab.org,email,0.0,0.0,0.0,0.0,0,0.0,1
user_965,username,contact_4636@hotmail.com,email,0.2,0.0,0.0,0.0,0,0.0,0
michael sharma,name,rajesh gupta,name,0.308,0.0,0.0,0.0,0,0.0,0
+916418345648,phone,+916081007892,phone,0.0,0.0,0.0,0.0,0,0.0,0
site_7090.com,domain,contact_7633@hotmail.com,email,0.0,0.0,0.0,0.0,0,0.0,0
emily_brown@yahoo.com,email,ken3,username,0.267,0.0,0.0,0.0,0,0.0,0
fatima_patel@outlook.com,email,rajesh miller,name,0.24,0.0,0.0,0.0,0,0.0,0
yuki_wililams,username,yuki_williams@gmail.com,email,0.923,0.0,0.0,0.0,3,0.0,1
site_7330.com,domain,contact_2212@hotmail.com,email,0.0,0.0,0.0,0.0,0,0.0,0
+919457189042,phone,jane johnson,name,0.0,0.0,0.0,0.0,0,0.0,0
carlos williams,name,contact_4013@outlook.com,email,0.222,0.0,0.0,0.0,0,0.0,0
janelabs.net,domain,janesinghsite.com,domain,0.0,0.0,0.0,0.0,1,0.0,1
kenb@customlab.org,email,kenjonessite.com,domain,0.0,0.0,0.0,0.0,0,0.0,1
rajseh_miler,username,rajesh miler,name,0.417,0.0,0.0,0.0,2,0.0,1
site_2155.com,domain,site_8937.com,domain,0.0,0.0,0.0,0.0,0,0.0,0
ali doe,name,priya smith,name,0.222,0.0,0.0,0.0,0,0.0,0
kenjonessite.com,domain,rahul77@outlook.com,email,0.0,0.0,0.0,0.0,0,0.0,0
rahul jones,name,site_1265.com,domain,0.083,0.0,0.0,0.0,0,0.0,0
michaelsharmasite.com,domain,michael sharma,name,0.743,0.0,0.0,0.0,0,0.0,1
+917265935870,phone,+919733959353,phone,0.0,0.0,0.0,0.0,0,0.0,0
johnahmedsite.com,domain,jken80,username,0.174,0.0,0.0,0.0,0,0.0,0
david smith,name,site_5061.com,domain,0.25,0.0,0.0,0.0,0,0.0,0
michael ahmed,name,site_3005.com,domain,0.154,0.0,0.0,0.0,0,0.0,0
site_1397.com,domain,site_3726.com,domain,0.0,0.0,0.0,0.0,0,0.0,0
contact_6477@yahoo.com,email,contact_6693@proton.me,email,0.0,0.0,0.0,0.0,0,0.0,0
amit sharma,name,+916720108634,phone,0.0,0.0,0.0,0.0,0,0.0,0
yukidevisite.com,domain,rajesh_miller,username,0.276,0.0,0.0,0.0,0,0.0,0
ken_gupta@outlook.com,email,jane_johnson@hotmail.com,email,0.0,0.0,0.0,0.0,0,0.0,0
john_garica,username,john_garcia,username,0.909,0.909,0.0,0.0,0,0.0,1
lisa davis,name,user_3444,username,0.105,0.0,0.0,0.0,0,0.0,0
contact_5910@outlook.com,email,contact_7329@gmail.com,email,0.0,0.0,0.0,0.0,0,0.0,0
sara smith,name,kenguptasite.com,domain,0.308,0.0,0.0,0.0,0,0.0,0
amith_arma,username,amti_sharmacoder,username,0.615,0.615,0.0,0.0,2,0.0,1
rajeshlabs.net,domain,rajesh mliler,name,0.444,0.0,0.0,0.0,1,0.0,1
+918318297467,phone,rajeshmillersite.com,domain,0.0,0.0,0.0,0.0,0,0.0,0
+919640160203,phone,janesinghsite.com,domain,0.0,0.0,0.0,0.0,0,0.0,1
site_3810.com,domain,site_7478.com,domain,0.0,0.0,0.0,0.0,0,0.0,0
rajesh97,username,rajesh97@hotmail.com,email,1.0,0.0,0.0,1.0,2,0.0,1
hacker_rajesh64,username,rajesh_martinez@yahoo.com,email,0.4,0.0,0.0,0.0,0,0.0,0
contact_7331@gmail.com,email,user_786,username,0.2,0.0,0.0,0.0,0,0.0,0
michael_brown@hotmail.com,email,michael_bronw,username,0.923,0.0,0.0,0.0,2,0.0,1
contact_7717@proton.me,email,user_5800,username,0.095,0.0,0.0,0.0,0,0.0,0
rajesh gupta,name,+916131508610,phone,0.0,0.0,0.0,0.0,0,0.0,0
emily martinez,name,sara kumar,name,0.333,0.0,0.0,0.0,0,0.0,0
rajeshsmithsite.com,domain,priya76@proton.me,email,0.0,0.0,0.0,0.0,0,0.0,0
michael sharma,name,michael_sharmacoderdev.org,domain,0.65,0.0,0.0,0.0,2,0.0,1
contact_9543@yahoo.com,email,+916325561467,phone,0.0,0.0,0.0,0.0,0,0.0,0
+916595578667,phone,ali patel,name,0.0,0.0,0.0,0.0,0,0.0,0
+919387772934,phone,lisa_patel@hotmail.com,email,0.0,0.0,0.0,0.0,0,0.0,0
+14681632915,phone,lisaahmedsite.com,domain,0.0,0.0,0.0,0.0,1,0.0,1
user_3913,username,+916129510958,phone,0.182,0.0,0.0,0.0,0,0.0,0
+919733959353,phone,hacker_john_johnson,username,0.0,0.0,0.0,0.0,0,0.0,0
hacker_carlos_sharma,username,+917759419129,phone,0.0,0.0,0.0,0.0,2,0.0,1
+916861400428,phone,carlos jones,name,0.0,0.0,0.0,0.0,0,0.0,0
michael_brown@hotmail.com,email,john_johnson@hotmail.com,email,0.0,0.0,0.0,0.0,1,0.0,0
+919387772934,phone,lisa77dev.org,domain,0.0,0.0,0.0,0.0,3,0.0,1
+919596703526,phone,lisadevisite.com,domain,0.0,0.0,0.0,0.0,0,0.0,0
fatima70coer,username,fatima@customlab.org,email,0.667,0.0,0.0,0.0,0,0.0,1
+917212115091,phone,yuki devi,name,0.0,0.0,0.0,0.0,0,0.0,0
rahul williams,name,+916692881253,phone,0.0,0.0,0.0,0.0,0,0.0,0
johnjohnsonsite.com,domain,lisa patel,name,0.207,0.0,0.0,0.0,0,0.0,0
user_9068,username,contact_2674@yahoo.com,email,0.19,0.0,0.0,0.0,0,0.0,0
jane_johnon,username,jane johnson,name,0.87,0.0,0.0,0.0,2,0.0,1
+919994107253,phone,hacker_lisa_patel,username,0.0,0.0,0.0,0.0,0,0.0,0
rajesh singh,name,priyawilliamssite.com,domain,0.303,0.0,0.0,0.0,0,0.0,0
priya39@gmail.com,email,yukiahmedsite.com,domain,0.0,0.0,0.0,0.0,1,0.0,0
lisa_patle,username,elena51@hotmail.com,email,0.235,0.0,0.0,0.0,0,0.0,0
rajesh_miller,username,michael tanaka,name,0.222,0.0,0.0,0.0,0,0.0,0
elena sato,name,john garcia,name,0.286,0.0,0.0,0.0,0,0.0,0
lisa48@proton.me,email,+918965178657,phone,0.0,0.0,0.0,0.0,0,0.0,0
user_1739,username,contact_8188@hotmail.com,email,0.19,0.0,0.0,0.0,0,0.0,0
michael_brown@hotmail.com,email,jane johnson,name,0.32,0.0,0.0,0.0,0,0.0,0
+916581297175,phone,user_3083,username,0.091,0.0,0.0,0.0,0,0.0,0
fatima sharma,name,fatima miller,name,0.632,0.0,0.0,0.0,0,0.0,0
priya76,username,priya76@proton.me,email,1.0,0.0,0.0,1.0,0,0.0,1
+916093022161,phone,user_952,username,0.19,0.0,0.0,0.0,0,0.0,0
hacker_rajesh_martinez,username,rajesh_martine,username,0.778,0.778,0.0,0.0,0,0.0,1
site_530.com,domain,site_4900.com,domain,0.0,0.0,0.0,0.0,0,0.0,0
jane3,username,john_johnson@hotmail.com,email,0.235,0.0,0.0,0.0,0,0.0,0
michael ahmed,name,contact_5148@gmail.com,email,0.16,0.0,0.0,0.0,0,0.0,0
michaelg_borwn,username,michaellabs.net,domain,0.621,0.0,0.0,0.0,0,0.0,1
ali_ahmed@yahoo.com,email,+919387772934,phone,0.0,0.0,0.0,0.0,1,0.0,0
amit_johnson@outlook.com,email,amit_sharma,username,0.522,0.0,0.0,0.0,0,0.0,0
+916091604512,phone,site_7458.com,domain,0.0,0.0,0.0,0.0,0,0.0,0
fatima83@outlook.com,email,yuki ahmed,name,0.222,0.0,0.0,0.0,0,0.0,0
ken3,username,fatima_patel,username,0.125,0.125,0.0,0.0,0,0.0,0
+18606001900,phone,elenalabs.net,domain,0.0,0.0,0.0,0.0,1,0.0,1
hacker_jane_johnson,username,jane_johnson@hotmail.com,email,0.774,0.0,0.0,0.0,0,0.0,1
+12009735927,phone,rajesh_martine,username,0.0,0.0,0.0,0.0,1,0.0,1
rajesh_singh@hotmail.com,email,+919916712744,phone,0.0,0.0,0.0,0.0,0,0.0,0
+916555551959,phone,+916733855200,phone,0.0,0.0,0.0,0.0,0,0.0,0
user_7463,username,carlos gupta,name,0.095,0.0,0.0,0.0,0,0.0,0
+919243258548,phone,john_ahmed@hotmail.com,email,0.0,0.0,0.0,0.0,0,0.0,0
ken williams,name,contact_6959@hotmail.com,email,0.167,0.0,0.0,0.0,0,0.0,0
user_6960,username,user_2216,username,0.667,0.667,0.0,0.0,0,0.0,0
amit sharma,name,+918183223644,phone,0.0,0.0,0.0,0.0,0,0.0,0
rajeshlabs.net,domain,rajesh68coder,username,0.519,0.0,0.0,0.0,0,0.0,1
fatima tanaka,name,+919376816771,phone,0.0,0.0,0.0,0.0,0,0.0,0
hacker_ananya_khan,username,+13420505754,phone,0.0,0.0,0.0,0.0,0,0.0,1
yuki iwlliams,name,hackre_yuki_williams,username,0.485,0.0,0.0,0.0,0,0.0,1
+917107621714,phone,michael williams,name,0.0,0.0,0.0,0.0,2,0.0,1
priya brown,name,rajesh_miller@proton.me,email,0.167,0.0,0.0,0.0,0,0.0,0
amit_johnson@outlook.com,email,hacker_jane_singh,username,0.414,0.0,0.0,0.0,0,0.0,0
rajeshkhansite.com,domain,priya76@proton.me,email,0.0,0.0,0.0,0.0,0,0.0,0
sara8l8,username,asra88,username,0.769,0.769,0.0,0.0,1,0.0,1
yuki_ahmed@outlook.com,email,uy7ki_ahmed,username,0.857,0.0,0.0,0.0,0,0.0,1
+918687709408,phone,+918733759412,phone,0.0,0.0,0.0,0.0,0,0.0,0
lia patel,name,lisa_patel@outlook.com,email,0.842,0.0,0.0,0.0,0,0.0,1
carlos sharma,name,lisa ahmed,name,0.348,0.0,0.0,0.0,0,0.0,0
site_7283.com,domain,contact_5096@gmail.com,email,0.0,0.0,0.0,0.0,0,0.0,0
site_7885.com,domain,neha brown,name,0.087,0.0,0.0,0.0,1,0.0,0
elenasatosite.com,domain,elnea35,username,0.333,0.0,0.0,0.0,0,0.0,1
rajeshkhansite.com,domain,+917265935870,phone,0.0,0.0,0.0,0.0,0,0.0,0
site_7392.com,domain,+916336950118,phone,0.0,0.0,0.0,0.0,0,0.0,0
+916776546537,phone,user_6482,username,0.182,0.0,0.0,0.0,0,0.0,0
+917759419129,phone,emily_brown@yahoo.com,email,0.0,0.0,0.0,0.0,2,0.0,0
rajesh_gupt5a,username,rajesh_gupta,username,0.96,0.96,0.0,0.0,0,0.0,1
rajesh@customlab.org,email,rajeshkhansite.com,domain,0.0,0.0,0.0,0.0,0,0.0,1
elena tanaka,name,+917684885731,phone,0.0,0.0,0.0,0.0,0,0.0,0
contact_7123@gmail.com,email,user_7269,username,0.286,0.0,0.0,0.0,0,0.0,0
user_3204,username,+916172833983,phone,0.091,0.0,0.0,0.0,0,0.0,0
site_1825.com,domain,contact_1906@outlook.com,email,0.0,0.0,0.0,0.0,0,0.0,0
ananya_khan@proton.me,email,ali ahmed,name,0.3,0.0,0.0,0.0,0,0.0,0
user_5877,username,contact_9804@proton.me,email,0.19,0.0,0.0,0.0,0,0.0,0
ananya khan,name,ananyakhansite.com,domain,0.69,0.0,0.0,0.0,0,0.0,1
calros_sharma,username,carlos shrama,name,0.769,0.0,0.0,0.0,1,0.0,1
+916564220066,phone,contact_5136@yahoo.com,email,0.0,0.0,0.0,0.0,0,0.0,0
ail42,username,ai4l2,username,0.8,0.8,0.0,0.0,0,0.0,1
carlos shrama,name,carlos_harma,username,0.8,0.0,0.0,0.0,1,0.0,1
elena sato,name,hacker_emily_brown,username,0.214,0.0,0.0,0.0,0,0.0,0
ken3,username,rajesh martinez,name,0.105,0.0,0.0,0.0,0,0.0,0
rajesh68,username,ken jones,name,0.353,0.0,0.0,0.0,0,0.0,0
amit johnson,name,amit@customlab.org,email,1.0,0.0,0.0,0.0,1,0.0,1
site_2494.com,domain,user_5098,username,0.364,0.0,0.0,0.0,0,0.0,0
lisa48@proton.me,email,rajesh singh,name,0.111,0.0,0.0,0.0,0,0.0,0
hacker_ken80,username,ken80,username,0.588,0.588,0.0,0.0,0,0.0,1
+16443294810,phone,sara@customlab.org,email,0.0,0.0,0.0,0.0,0,0.0,1
+14813245789,phone,ali42@proton.me,email,0.0,0.0,0.0,0.0,0,0.0,1
site_5299.com,domain,contact_8188@hotmail.com,email,0.0,0.0,0.0,0.0,0,0.0,0
amit_johnson@outlook.com,email,ken_gupta@outlook.com,email,0.0,0.0,0.0,0.0,0,0.0,0
fatim83,username,ananyakhansite.com,domain,0.24,0.0,0.0,0.0,0,0.0,0
contact_7327@yahoo.com,email,+916941267841,phone,0.0,0.0,0.0,0.0,0,0.0,0
user_5876,username,user_1512,username,0.667,0.667,0.0,0.0,1,0.0,0
rajeshsmithsite.com,domain,john smith,name,0.483,0.0,0.0,0.0,0,0.0,0
site_5701.com,domain,+916073650905,phone,0.0,0.0,0.0,0.0,0,0.0,0
+916776546537,phone,site_5364.com,domain,0.0,0.0,0.0,0.0,0,0.0,0
user_6775,username,user_9822,username,0.556,0.556,0.0,0.0,0,0.0,0
user_1566,username,contact_1177@gmail.com,email,0.19,0.0,0.0,0.0,0,0.0,0
hacker_priya76,username,priyawilliamssite.com,domain,0.286,0.0,0.0,0.0,0,0.0,0
+916893035856,phone,user_2310,username,0.182,0.0,0.0,0.0,0,0.0,0
site_1136.com,domain,site_839.com,domain,0.0,0.0,0.0,0.0,0,0.0,0
rahul patel,name,sara88,username,0.353,0.0,0.0,0.0,0,0.0,0
+19573061161,phone,fatima70coer,username,0.167,0.0,0.0,0.0,0,0.0,1
neha tanaka,name,+916027605816,phone,0.0,0.0,0.0,0.0,0,0.0,0
lisa_patel,username,lisa_patl,username,0.947,0.947,0.0,0.0,3,0.0,1
ken gupta,name,contact_7095@yahoo.com,email,0.19,0.0,0.0,0.0,0,0.0,0
contact_6871@gmail.com,email,amit jones,name,0.182,0.0,0.0,0.0,0,0.0,0
fatima70coder,username,fatima devi,name,0.5,0.0,0.0,0.0,2,0.0,1
+916688817154,phone,site_5930.com,domain,0.0,0.0,0.0,0.0,0,0.0,0
elena_tanaka@outlook.com,email,lisa77@yahoo.com,email,0.0,0.0,0.0,0.0,0,0.0,0
carlos jones,name,site_6488.com,domain,0.16,0.0,0.0,0.0,0,0.0,0
ananyakhan,username,+918123425397,phone,0.0,0.0,0.0,0.0,1,0.0,1
priya brown,name,user_1513,username,0.1,0.0,0.0,0.0,0,0.0,0
contact_6972@hotmail.com,email,robert brown,name,0.25,0.0,0.0,0.0,1,0.0,0
amit_sharma@proton.me,email,rahul patel,name,0.364,0.0,0.0,0.0,0,0.0,0
+918595924800,phone,emily_brown@yahoo.com,email,0.0,0.0,0.0,0.0,0,0.0,0
yuki ahmed,name,yuki@customlab.org,email,1.0,0.0,0.0,0.0,0,0.0,1
michael_brown@hotmail.com,email,+917185643633,phone,0.0,0.0,0.0,0.0,0,0.0,0
rajeshsmithsite.com,domain,priya39@gmail.com,email,0.0,0.0,0.0,0.0,0,0.0,0
carloslabs.net,domain,carlos_sharma@hotmail.com,email,0.0,0.0,0.0,0.0,0,0.0,1
site_1251.com,domain,contact_9736@proton.me,email,0.0,0.0,0.0,0.0,0,0.0,0
rahu77,username,rahul@customlab.org,email,0.727,0.0,0.0,0.0,2,0.0,1
david38,username,ken37@yahoo.com,email,0.167,0.0,0.0,0.0,0,0.0,0
user_7020,username,contact_5974@outlook.com,email,0.19,0.0,0.0,0.0,0,0.0,0
+917107621714,phone,kenguptasite.com,domain,0.0,0.0,0.0,0.0,0,0.0,0
ken_gupta,username,ken_gupat,username,0.889,0.889,0.0,0.0,2,0.0,1
user_4383,username,site_7936.com,domain,0.364,0.0,0.0,0.0,0,0.0,0
fatima_patel,username,priya brown,name,0.174,0.0,0.0,0.0,0,0.0,0
+14813245789,phone,ali42coder@alisite.net,email,0.0,0.0,0.0,0.0,0,0.0,1
amit ojhnson,name,amit@customlab.org,email,1.0,0.0,0.0,0.0,0,0.0,1
+916314748346,phone,priya kumar,name,0.0,0.0,0.0,0.0,1,0.0,0
site_1158.com,domain,+916800870236,phone,0.0,0.0,0.0,0.0,0,0.0,0
rajeshmartinezsite.com,domain,rajesh_martiez,username,0.722,0.0,0.0,0.0,2,0.0,1
john smith,name,+918338710195,phone,0.0,0.0,0.0,0.0,0,0.0,0
+917336835980,phone,+918595924800,phone,0.0,0.0,0.0,0.0,0,0.0,0
contact_6473@hotmail.com,email,+916065517166,phone,0.0,0.0,0.0,0.0,0,0.0,0
site_5274.com,domain,rajesh brown,name,0.08,0.0,0.0,0.0,0,0.0,0
jane johnson,name,priyabrownsite.com,domain,0.333,0.0,0.0,0.0,0,0.0,0
rjaesh97,username,+19048490232,phone,0.1,0.0,0.0,0.0,1,0.0,1
amit sharma,name,john smith,name,0.381,0.0,0.0,0.0,0,0.0,0
hacker_elena_tanhaka,username,elenalabs.net,domain,0.424,0.0,0.0,0.0,2,0.0,1
sara88,username,+13877537485,phone,0.222,0.0,0.0,0.0,1,0.0,1
contact_6922@hotmail.com,email,site_9753.com,domain,0.0,0.0,0.0,0.0,0,0.0,0
elena51,username,elena51@hotmail.com,email,1.0,0.0,0.0,1.0,2,0.0,1
site_8612.com,domain,site_7942.com,domain,0.0,0.0,0.0,0.0,0,0.0,0
lisa48dev.org,domain,lisa dervi,name,0.348,0.0,0.0,0.0,0,0.0,1
contact_1002@gmail.com,email,site_7458.com,domain,0.0,0.0,0.0,0.0,0,0.0,0
david38@hotmail.com,email,+917912548711,phone,0.0,0.0,0.0,0.0,0,0.0,0
johnjohnsonsite.com,domain,+919457189042,phone,0.0,0.0,0.0,0.0,0,0.0,0
+916557458479,phone,contact_2285@gmail.com,email,0.0,0.0,0.0,0.0,0,0.0,0
site_7478.com,domain,+916007902801,phone,0.0,0.0,0.0,0.0,0,0.0,0
jane sato,name,fatima_patel,username,0.286,0.0,0.0,0.0,0,0.0,0
+916900573795,phone,+916109199297,phone,0.0,0.0,0.0,0.0,0,0.0,0
lias_patel,username,lisa@customlab.org,email,0.571,0.0,0.0,0.0,2,0.0,1
user_754,username,contact_9331@proton.me,email,0.1,0.0,0.0,0.0,0,0.0,0
+917047187022,phone,john15@outlook.com,email,0.0,0.0,0.0,0.0,0,0.0,0
user_7971,username,site_2088.com,domain,0.273,0.0,0.0,0.0,1,0.0,0
+916318745985,phone,ali sato,name,0.0,0.0,0.0,0.0,0,0.0,0
amit_johnson,username,mit_johnson,username,0.957,0.957,0.0,0.0,1,0.0,1
sarasmithsite.com,domain,amit_johnson@outlook.com,email,0.0,0.0,0.0,0.0,0,0.0,0
+916331587834,phone,contact_3659@gmail.com,email,0.0,0.0,0.0,0.0,0,0.0,0
user_8735,username,robert singh,name,0.19,0.0,0.0,0.0,0,0.0,0
hcaker_john_ahmed,username,johnahmedsite.com,domain,0.529,0.0,0.0,0.0,1,0.0,1
+916733855200,phone,contact_4557@yahoo.com,email,0.0,0.0,0.0,0.0,0,0.0,0
priya davis,name,ken brown,name,0.1,0.0,0.0,0.0,0,0.0,0
+916760808504,phone,user_3449,username,0.091,0.0,0.0,0.0,0,0.0,0
user_3588,username,site_2606.com,domain,0.273,0.0,0.0,0.0,0,0.0,0
+916811795448,phone,+916270532477,phone,0.0,0.0,0.0,0.0,0,0.0,0
user_5876,username,rajesh miller,name,0.182,0.0,0.0,0.0,0,0.0,0
prizya39,username,priy@customlab.org,email,0.667,0.0,0.0,0.0,0,0.0,1
+919376816771,phone,john15@outlook.com,email,0.0,0.0,0.0,0.0,0,0.0,0
contact_4503@outlook.com,email,amit miller,name,0.174,0.0,0.0,0.0,0,0.0,0
contact_1043@yahoo.com,email,contact_2384@proton.me,email,0.0,0.0,0.0,0.0,0,0.0,0
amit_johnson@outlook.com,email,+17016107865,phone,0.0,0.0,0.0,0.0,0,0.0,1
hacker_jane_singh,username,fatim83,username,0.167,0.167,0.0,0.0,0,0.0,0
user_8085,username,contact_7992@outlook.com,email,0.095,0.0,0.0,0.0,0,0.0,0
rajesh gupta,name,john tanaka,name,0.261,0.0,0.0,0.0,1,0.0,0
+916610739492,phone,site_7840.com,domain,0.0,0.0,0.0,0.0,0,0.0,0
ali_ahmedcoder,username,ali@customlab.org,email,0.353,0.0,0.0,0.0,1,0.0,1
john ahmed,name,site_899.com,domain,0.182,0.0,0.0,0.0,0,0.0,0
site_5540.com,domain,+916440508463,phone,0.0,0.0,0.0,0.0,1,0.0,0
emily_brown@yahoo.com,email,+919254703979,phone,0.0,0.0,0.0,0.0,0,0.0,0
lisa patel,name,john garcia,name,0.286,0.0,0.0,0.0,0,0.0,0
rajeshkhansite.com,domain,david singh,name,0.207,0.0,0.0,0.0,0,0.0,0
ananyakhansite.com,domain,rajeshsinghsite.com,domain,0.0,0.0,0.0,0.0,1,0.0,0
+916051049846,phone,user_3724,username,0.091,0.0,0.0,0.0,0,0.0,0
michaelwilliamssite.com,domain,david38@hotmail.com,email,0.0,0.0,0.0,0.0,0,0.0,0
ali_ahmed,username,+919837615419,phone,0.0,0.0,0.0,0.0,0,0.0,0
+919837615419,phone,rajesh martinz,name,0.0,0.0,0.0,0.0,3,0.0,1
+916828413924,phone,user_5795,username,0.091,0.0,0.0,0.0,0,0.0,0
sara_smith@hotmail.com,email,ken_gupta@outlook.com,email,0.0,0.0,0.0,0.0,0,0.0,0
+918183223644,phone,yuki devi,name,0.0,0.0,0.0,0.0,0,0.0,0
lisapatelsite.com,domain,fatima83@outlook.com,email,0.0,0.0,0.0,0.0,0,0.0,0
amit johnson,name,amitjohnsonsite.com,domain,0.71,0.0,0.0,0.0,1,0.0,1
+916615138268,phone,site_9782.com,domain,0.0,0.0,0.0,0.0,0,0.0,0
jnae3,username,jane3@janesite.net,email,0.8,0.0,0.0,0.0,1,0.0,1
hacker_emily_brown@emilysite.net,email,emilyb_rown,username,0.69,0.0,0.0,0.0,2,0.0,1
yuki williams,name,jane3,username,0.111,0.0,0.0,0.0,0,0.0,0
+916349270675,phone,+916313092643,phone,0.0,0.0,0.0,0.0,0,0.0,0
sarasmithsite.com,domain,hacker_lisa_patel,username,0.353,0.0,0.0,0.0,0,0.0,0
ananya_khan@proton.me,email,rajesh_singh,username,0.261,0.0,0.0,0.0,0,0.0,0
yuk_idevi,username,yukilabs.net,domain,0.476,0.0,0.0,0.0,0,0.0,1
yuki ahmed,name,ali42coder,username,0.2,0.0,0.0,0.0,0,0.0,0
yuki_wililam,username,+918209110951,phone,0.0,0.0,0.0,0.0,0,0.0,1
yuki_wililams,username,priya brown,name,0.25,0.0,0.0,0.0,0,0.0,0
+917871714345,phone,john15,username,0.211,0.0,0.0,0.0,0,0.0,0
+916374356902,phone,contact_9677@hotmail.com,email,0.0,0.0,0.0,0.0,0,0.0,0
asra88,username,sraa miller,name,0.353,0.0,0.0,0.0,2,0.0,1
fatima70@hotmail.com,email,john15@outlook.com,email,0.0,0.0,0.0,0.0,0,0.0,0
michael_bronw,username,michael borwn,name,0.538,0.0,0.0,0.0,0,0.0,1
hacker_michael_williams,username,michael_williams,username,0.821,0.821,0.0,0.0,2,0.0,1
user_6618,username,user_6446,username,0.778,0.778,0.0,0.0,0,0.0,0
jane_singh,username,hacker_janre_singh,username,0.714,0.714,0.0,0.0,1,0.0,1
john_johnson,username,johnjohnsonsite.com,domain,0.71,0.0,0.0,0.0,1,0.0,1
sarasmithsite.com,domain,sara smith,name,0.667,0.0,0.0,0.0,3,0.0,1
+916045206145,phone,emily gupta,name,0.0,0.0,0.0,0.0,0,0.0,0
user_3410,username,site_311.com,domain,0.476,0.0,0.0,0.0,0,0.0,0
ali_ahemdcoder,username,ali_ahmedcoder,username,0.929,0.929,0.0,0.0,2,0.0,1
+919032150374,phone,lisapatelsite.com,domain,0.0,0.0,0.0,0.0,0,0.0,0
hacker_lisa_patel,username,lisa ahmed,name,0.444,0.0,0.0,0.0,0,0.0,0
carlos sharma,name,+917759419129,phone,0.0,0.0,0.0,0.0,0,0.0,1
sraa_smith,username,+919254703979,phone,0.0,0.0,0.0,0.0,0,0.0,0
+916543408460,phone,contact_7123@yahoo.com,email,0.0,0.0,0.0,0.0,0,0.0,0
user_553,username,site_6412.com,domain,0.286,0.0,0.0,0.0,0,0.0,0
rajesh_miller,username,+919387772934,phone,0.0,0.0,0.0,0.0,0,0.0,0
saramillersite.com,domain,sara8l8,username,0.4,0.0,0.0,0.0,1,0.0,1
+916683564321,phone,contact_5891@hotmail.com,email,0.0,0.0,0.0,0.0,0,0.0,0
ilsa@customlab.org,email,lisadevisite.com,domain,0.0,0.0,0.0,0.0,0,0.0,1
lisapatelsite.com,domain,rajeshmillersite.com,domain,0.0,0.0,0.0,0.0,0,0.0,0
site_2569.com,domain,neha patel,name,0.174,0.0,0.0,0.0,1,0.0,0
site_1855.com,domain,michael williams,name,0.207,0.0,0.0,0.0,0,0.0,0
john_johnson@hotmail.com,email,+917658170004,phone,0.0,0.0,0.0,0.0,0,0.0,0
hacker_john_ahmed,username,ken3,username,0.286,0.286,0.0,0.0,0,0.0,0
contact_5542@outlook.com,email,sara devi,name,0.095,0.0,0.0,0.0,0,0.0,0
priya_williamscoder@priyasite.net,email,priyalabs.net,domain,0.0,0.0,0.0,0.0,0,0.0,1
+916221130872,phone,site_3272.com,domain,0.0,0.0,0.0,0.0,0,0.0,0
lisa sharma,name,site_4529.com,domain,0.167,0.0,0.0,0.0,1,0.0,0
site_3799.com,domain,contact_2324@hotmail.com,email,0.0,0.0,0.0,0.0,1,0.0,0
john garcia,name,priyasinghsite.com,domain,0.276,0.0,0.0,0.0,0,0.0,0
fatima83,username,fatma83,username,0.933,0.933,0.0,0.0,1,0.0,1
+916988458176,phone,user_5967,username,0.273,0.0,0.0,0.0,0,0.0,0
ken gupta,name,yuki_ahmed,username,0.316,0.0,0.0,0.0,0,0.0,0
rajeshlabs.net,domain,rajesh_gupta,username,0.538,0.0,0.0,0.0,3,0.0,1
elenatanakasite.com,domain,+918474818136,phone,0.0,0.0,0.0,0.0,1,0.0,0
lisa_patel,username,lisapatelsite.com,domain,0.667,0.0,0.0,0.0,0,0.0,1
hacker_john_ahmed,username,john smith,name,0.37,0.0,0.0,0.0,0,0.0,0
user_6775,username,user_8563,username,0.667,0.667,0.0,0.0,0,0.0,0
janejohnsonsite.com,domain,jane johnson,name,0.71,0.0,0.0,0.0,0,0.0,1
arjesh64,username,rajesh64@yahoo.com,email,0.875,0.0,0.0,0.0,2,0.0,1
site_2080.com,domain,+916181363876,phone,0.0,0.0,0.0,0.0,0,0.0,0
priyabrownsite.com,domain,+919552044458,phone,0.0,0.0,0.0,0.0,0,0.0,0
contact_1254@gmail.com,email,+916468979720,phone,0.0,0.0,0.0,0.0,0,0.0,0
rajesh97@hotmail.com,email,elena51,username,0.133,0.0,0.0,0.0,1,0.0,0
priya williams,name,elnea35,username,0.19,0.0,0.0,0.0,0,0.0,0
site_4706.com,domain,contact_2239@proton.me,email,0.0,0.0,0.0,0.0,0,0.0,0
user_2424,username,david smith,name,0.1,0.0,0.0,0.0,0,0.0,0
contact_2427@hotmail.com,email,user_1685,username,0.095,0.0,0.0,0.0,0,0.0,0
sara88@hotmail.com,email,rajesh smith,name,0.222,0.0,0.0,0.0,0,0.0,0
+916920932980,phone,site_7542.com,domain,0.0,0.0,0.0,0.0,0,0.0,0
user_2051,username,contact_5093@yahoo.com,email,0.19,0.0,0.0,0.0,0,0.0,0
+918338710195,phone,elnea35,username,0.2,0.0,0.0,0.0,0,0.0,0
+917521726436,phone,ali42@proton.me,email,0.0,0.0,0.0,0.0,2,0.0,1
site_8020.com,domain,+916079640798,phone,0.0,0.0,0.0,0.0,0,0.0,0
lisa_patle,username,yuki devi,name,0.105,0.0,0.0,0.0,0,0.0,0
lisa77@yahoo.com,email,michael_brown@hotmail.com,email,0.0,0.0,0.0,0.0,0,0.0,0
elena51,username,fatimapatelsite.com,domain,0.231,0.0,0.0,0.0,0,0.0,0
priya_williamscoder,username,rajesh_singh,username,0.258,0.258,0.0,0.0,0,0.0,0
lisadevisite.com,domain,hacker_john_johnson,username,0.229,0.0,0.0,0.0,0,0.0,0
site_4711.com,domain,contact_6089@gmail.com,email,0.0,0.0,0.0,0.0,0,0.0,0
hacker_carlos_shara,username,carlos sharma,name,0.688,0.0,0.0,0.0,2,0.0,1
rajsehs_ingh,username,rajseh_singh,username,0.917,0.917,0.0,0.0,0,0.0,1
+917185643633,phone,michael_brown@hotmail.com,email,0.0,0.0,0.0,0.0,0,0.0,0
+918335090736,phone,lisa48@proton.me,email,0.0,0.0,0.0,0.0,2,0.0,0
amit_johnson@outlook.com,email,michael_sharma@yahoo.com,email,0.0,0.0,0.0,0.0,0,0.0,0
ke3n7,username,hackerq_ken37,username,0.444,0.444,0.0,0.0,0,0.0,1
janesatosite.com,domain,+919310858477,phone,0.0,0.0,0.0,0.0,0,0.0,0
michael kumar,name,michael martinez,name,0.759,0.0,0.0,0.0,0,0.0,0
+917521726436,phone,+919596703526,phone,0.0,0.0,0.0,0.0,0,0.0,0
fatima jones,name,user_6903,username,0.095,0.0,0.0,0.0,0,0.0,0
amit johnson,name,+17016107865,phone,0.0,0.0,0.0,0.0,2,0.0,1
site_3005.com,domain,jane smith,name,0.261,0.0,0.0,0.0,1,0.0,0
hacker_john_ahmed,username,john smith,name,0.37,0.0,0.0,0.0,0,0.0,0
contact_1270@yahoo.com,email,user_352,username,0.2,0.0,0.0,0.0,0,0.0,0
michael_brown@hotmail.com,email,michael_borwn@michaelsite.net,email,0.0,0.0,0.0,0.0,3,0.0,1
user_1236,username,+916025362801,phone,0.364,0.0,0.0,0.0,0,0.0,0
ali tanaka,name,user_7970,username,0.0,0.0,0.0,0.0,0,0.0,0
+916455780998,phone,user_8600,username,0.182,0.0,0.0,0.0,0,0.0,0
site_2526.com,domain,site_8820.com,domain,0.0,0.0,0.0,0.0,0,0.0,0
kenb@customlab.org,email,+18389138962,phone,0.0,0.0,0.0,0.0,0,0.0,1
+917265935870,phone,ali kumar,name,0.0,0.0,0.0,0.0,0,0.0,0
alikumarsite.com,domain,michael_sharma@yahoo.com,email,0.0,0.0,0.0,0.0,0,0.0,0
ken3,username,jane3,username,0.444,0.444,0.0,0.0,0,0.0,0
yuki_wililam,username,yukiwilliamssite.com,domain,0.625,0.0,0.0,0.0,2,0.0,1
site_4452.com,domain,rahul doe,name,0.091,0.0,0.0,0.0,0,0.0,0
lisa taanka,name,+12824056009,phone,0.0,0.0,0.0,0.0,0,0.0,1
+15030176043,phone,rajesh68,username,0.1,0.0,0.0,0.0,2,0.0,1
+916767704307,phone,user_4946,username,0.182,0.0,0.0,0.0,0,0.0,0
lisa_patel@outlook.com,email,lisapatelsite.com,domain,0.0,0.0,0.0,0.0,0,0.0,1
hacker_priya39,username,sara miller,name,0.32,0.0,0.0,0.0,0,0.0,0
elenalabs.net,domain,elena tanaksa,name,0.538,0.0,0.0,0.0,1,0.0,1
priyalabs.net,domain,hacker_priya39,username,0.37,0.0,0.0,0.0,0,0.0,1
michael_sharmacoder@michaelsite.net,email,michael_sharmacoderdev.org,domain,0.0,0.0,0.0,0.0,2,0.0,1
michael_brown@hotmail.com,email,+919916712744,phone,0.0,0.0,0.0,0.0,0,0.0,0
john ahmed,name,rajesh singh,name,0.364,0.0,0.0,0.0,0,0.0,0
elenadavissite.com,domain,elena35@yahoo.com,email,0.0,0.0,0.0,0.0,0,0.0,0
user_9677,username,contact_9066@outlook.com,email,0.286,0.0,0.0,0.0,0,0.0,0
user_6714,username,site_8748.com,domain,0.455,0.0,0.0,0.0,0,0.0,0
michael_tnaaka,username,michael tanaka,name,0.857,0.0,0.0,0.0,2,0.0,1
priya singh,name,pria76,username,0.471,0.0,0.0,0.0,2,0.0,1
lisa48dev.org,domain,lis4a8,username,0.526,0.0,0.0,0.0,1,0.0,1
ananyakhan,username,fatima_patel@outlook.com,email,0.273,0.0,0.0,0.0,0,0.0,0
rajesh_singh,username,amit_johnson@outlook.com,email,0.417,0.0,0.0,0.0,0,0.0,0
fatimadevisite.com,domain,faitma70,username,0.385,0.0,0.0,0.0,0,0.0,1
+916231745911,phone,+916357577388,phone,0.0,0.0,0.0,0.0,0,0.0,0
fatima_patel@outlook.com,email,john_johnson@hotmail.com,email,0.0,0.0,0.0,0.0,0,0.0,0
site_6049.com,domain,contact_1418@outlook.com,email,0.0,0.0,0.0,0.0,0,0.0,0
user_9677,username,contact_2239@proton.me,email,0.19,0.0,0.0,0.0,0,0.0,0
hacker_ken37,username,ken37@yahoo.com,email,0.588,0.0,0.0,0.0,1,0.0,1
contact_6043@gmail.com,email,+916269335818,phone,0.0,0.0,0.0,0.0,0,0.0,0
+918981347325,phone,+13491643388,phone,0.0,0.0,0.0,0.0,0,0.0,1
david johnson,name,site_9396.com,domain,0.154,0.0,0.0,0.0,0,0.0,0
lisa_ahmed@proton.me,email,rajeshguptasite.com,domain,0.0,0.0,0.0,0.0,0,0.0,0
site_674.com,domain,site_4032.com,domain,0.0,0.0,0.0,0.0,0,0.0,0
+17908303933,phone,hacker_jane_johnsno,username,0.0,0.0,0.0,0.0,1,0.0,1
john singh,name,site_7330.com,domain,0.174,0.0,0.0,0.0,0,0.0,0
michaelwilliamssite.com,domain,yuki ahmed,name,0.182,0.0,0.0,0.0,1,0.0,0
contact_1802@hotmail.com,email,+916309641757,phone,0.0,0.0,0.0,0.0,0,0.0,0
ken garcia,name,kenguptasite.com,domain,0.308,0.0,0.0,0.0,0,0.0,0
+919369099268,phone,aliahmedsite.com,domain,0.0,0.0,0.0,0.0,1,0.0,1
yuki johnson,name,contact_1814@yahoo.com,email,0.167,0.0,0.0,0.0,0,0.0,0
emily martinez,name,contact_9618@outlook.com,email,0.154,0.0,0.0,0.0,0,0.0,0
rajeshmillersite.com,domain,fatima tanaka,name,0.182,0.0,0.0,0.0,0,0.0,0
site_8810.com,domain,site_2596.com,domain,0.0,0.0,0.0,0.0,0,0.0,0
fatima83@outlook.com,email,+919994107253,phone,0.0,0.0,0.0,0.0,2,0.0,1
ananya khan,name,john smith,name,0.286,0.0,0.0,0.0,0,0.0,0
+917658170004,phone,hacker_john_johnson,username,0.0,0.0,0.0,0.0,0,0.0,0
jane kumar,name,user_7227,username,0.211,0.0,0.0,0.0,0,0.0,0
alikumarsite.com,domain,al kumar,name,0.583,0.0,0.0,0.0,2,0.0,1
jane johnson,name,hacker_carlos_sharma,username,0.25,0.0,0.0,0.0,0,0.0,0
elena sato,name,jane_johnson@hotmail.com,email,0.364,0.0,0.0,0.0,0,0.0,0
lisa miller,name,michael gupta,name,0.417,0.0,0.0,0.0,2,0.0,0
johnjohnsonsite.com,domain,hacker_elena_tanaka,username,0.158,0.0,0.0,0.0,0,0.0,0
david singh,name,davidsinghsite.com,domain,0.69,0.0,0.0,0.0,2,0.0,1
michael@customlab.org,email,michael williams,name,1.0,0.0,0.0,0.0,2,0.0,1
hacker_mily_brown,username,emily_rbwon,username,0.643,0.643,0.0,0.0,3,0.0,1
+14813245789,phone,al kumar,name,0.0,0.0,0.0,0.0,0,0.0,1
jane doe,name,contact_7391@gmail.com,email,0.2,0.0,0.0,0.0,0,0.0,0
lisa_patel@hotmail.com,email,hacke_rlisa_patel,username,0.741,0.0,0.0,0.0,2,0.0,1
+916900573795,phone,sara tanaka,name,0.0,0.0,0.0,0.0,0,0.0,0
jane patel,name,+916254387307,phone,0.0,0.0,0.0,0.0,0,0.0,0
yuki ahmed,name,fatimapatelsite.com,domain,0.276,0.0,0.0,0.0,0,0.0,0
carlos miller,name,site_6246.com,domain,0.231,0.0,0.0,0.0,0,0.0,0
site_1408.com,domain,site_753.com,domain,0.0,0.0,0.0,0.0,0,0.0,0
amitlabs.net,domain,aimt_sharma,username,0.348,0.0,0.0,0.0,0,0.0,1
praiya76,username,priyalabs.net,domain,0.476,0.0,0.0,0.0,0,0.0,1
user_6185,username,user_7263,username,0.667,0.667,0.0,0.0,0,0.0,0
hacker_carlos_shara,username,+917759419129,phone,0.0,0.0,0.0,0.0,2,0.0,1
rajesh_gupt5a,username,rajesh_gupta@outlook.com,email,0.96,0.0,0.0,0.0,0,0.0,1
ananyakhansite.com,domain,hacker_john_ahmed,username,0.286,0.0,0.0,0.0,0,0.0,0
+916270967466,phone,site_6137.com,domain,0.0,0.0,0.0,0.0,0,0.0,0
contact_9172@gmail.com,email,site_2096.com,domain,0.0,0.0,0.0,0.0,0,0.0,0
hacker_rajesh_martinez,username,rajesh_martinez@yahoo.com,email,0.811,0.0,0.0,0.0,2,0.0,1
ken garcia,name,jane sato,name,0.211,0.0,0.0,0.0,0,0.0,0
+918687709408,phone,hacker_lbisa_ahmed,username,0.0,0.0,0.0,0.0,3,0.0,1
lisaahmedsite.com,domain,yukiahmedsite.com,domain,0.0,0.0,0.0,0.0,0,0.0,0
hacker_lisa_atel,username,lisalabs.net,domain,0.429,0.0,0.0,0.0,2,0.0,1
sara smith,name,yuki_wililams,username,0.174,0.0,0.0,0.0,0,0.0,0
lisaa_hed,username,lisa_ahed,username,0.889,0.889,0.0,0.0,0,0.0,1
yukiahmedsite.com,domain,jken80,username,0.174,0.0,0.0,0.0,0,0.0,0
john15@outlook.com,email,+917658170004,phone,0.0,0.0,0.0,0.0,0,0.0,0
contact_956@outlook.com,email,user_2354,username,0.2,0.0,0.0,0.0,0,0.0,0
kenjonessite.com,domain,michael_brown@hotmail.com,email,0.0,0.0,0.0,0.0,0,0.0,0
neha johnson,name,+916013092582,phone,0.0,0.0,0.0,0.0,0,0.0,0
michael singh,name,priya tanaka,name,0.32,0.0,0.0,0.0,0,0.0,0
site_6537.com,domain,+916561245906,phone,0.0,0.0,0.0,0.0,0,0.0,0
+916367749552,phone,+916231745911,phone,0.0,0.0,0.0,0.0,0,0.0,0
rajesh smith,name,rajeshguptasite.com,domain,0.581,0.0,0.0,0.0,0,0.0,0
emily brown,name,user_720,username,0.105,0.0,0.0,0.0,0,0.0,0
janesinghsite.com,domain,+917658170004,phone,0.0,0.0,0.0,0.0,0,0.0,0
michaelbrownsite.com,domain,hacker_mixchael_brown,username,0.585,0.0,0.0,0.0,2,0.0,1
user_4451,username,contact_8934@outlook.com,email,0.19,0.0,0.0,0.0,1,0.0,0
+916720108634,phone,amit sato,name,0.0,0.0,0.0,0.0,0,0.0,0
michael williams,name,michael_tanaka@gmail.com,email,0.533,0.0,0.0,0.0,0,0.0,0
amitsharmasite.com,domain,amit_sharmacoder,username,0.706,0.0,0.0,0.0,1,0.0,1
contact_1867@gmail.com,email,emily miller,name,0.0,0.0,0.0,0.0,0,0.0,0
+919666362423,phone,yuki_devi,username,0.0,0.0,0.0,0.0,0,0.0,0
contact_7772@proton.me,email,user_5487,username,0.19,0.0,0.0,0.0,0,0.0,0
site_7869.com,domain,site_4174.com,domain,0.0,0.0,0.0,0.0,0,0.0,0
+918475056187,phone,hacker_elena_tanaka,username,0.0,0.0,0.0,0.0,0,0.0,0
lisa brown,name,michael williams,name,0.308,0.0,0.0,0.0,0,0.0,0
+17431136938,phone,yuki_devi@yukisite.net,email,0.0,0.0,0.0,0.0,2,0.0,1
+12554553068,phone,rahullabs.net,domain,0.0,0.0,0.0,0.0,2,0.0,1
janejohnsonsite.com,domain,hacker_jane_singh,username,0.333,0.0,0.0,0.0,0,0.0,0
+919804281916,phone,fatima83@outlook.com,email,0.0,0.0,0.0,0.0,0,0.0,0
hacker_priya76@priyasite.net,email,priyalabs.net,domain,0.0,0.0,0.0,0.0,2,0.0,1
site_7023.com,domain,+916602048819,phone,0.0,0.0,0.0,0.0,0,0.0,0
elena51@hotmail.com,email,alikumarsite.com,domain,0.0,0.0,0.0,0.0,0,0.0,0
ken sharma,name,contact_6710@proton.me,email,0.182,0.0,0.0,0.0,0,0.0,0
hacker_rajesh97,username,rjaesh97,username,0.609,0.609,0.0,0.0,0,0.0,1
kenjonessite.com,domain,jane sato,name,0.48,0.0,0.0,0.0,0,0.0,0
jane_snigh,username,janesinghsite.com,domain,0.593,0.0,0.0,0.0,2,0.0,1
site_7741.com,domain,+916106572646,phone,0.0,0.0,0.0,0.0,0,0.0,0
john_ahmed,username,hcaker_john_ahmed,username,0.741,0.741,0.0,0.0,2,0.0,1
jane_nsigh,username,jane_singh,username,0.9,0.9,0.0,0.0,1,0.0,1
hacker_john_garcia,username,+917759419129,phone,0.0,0.0,0.0,0.0,0,0.0,0
elena khan,name,user_6618,username,0.105,0.0,0.0,0.0,0,0.0,0
+917265935870,phone,elena davis,name,0.0,0.0,0.0,0.0,0,0.0,1
hacker_emily_brown,username,+918318297467,phone,0.0,0.0,0.0,0.0,0,0.0,0
uy7ki_ahmed,username,+14491292026,phone,0.0,0.0,0.0,0.0,2,0.0,1
michaelbrownsite.com,domain,johnahmedsite.com,domain,0.0,0.0,0.0,0.0,0,0.0,0
rajesh68@gmail.com,email,elenadavissite.com,domain,0.0,0.0,0.0,0.0,0,0.0,0
contact_5212@yahoo.com,email,user_1790,username,0.19,0.0,0.0,0.0,0,0.0,0
rajesh gupta,name,lisa tanaka,name,0.261,0.0,0.0,0.0,0,0.0,0
site_7140.com,domain,+916079686171,phone,0.0,0.0,0.0,0.0,0,0.0,0
ken brown,name,contact_8445@yahoo.com,email,0.19,0.0,0.0,0.0,0,0.0,0
+917107621714,phone,+917912548711,phone,0.0,0.0,0.0,0.0,0,0.0,0
site_7232.com,domain,contact_6982@hotmail.com,email,0.0,0.0,0.0,0.0,0,0.0,0
john smith,name,hacker_carlos_sharma,username,0.2,0.0,0.0,0.0,0,0.0,0
user_2447,username,+916373619034,phone,0.091,0.0,0.0,0.0,0,0.0,0
hackerfatima83,username,+919994107253,phone,0.074,0.0,0.0,0.0,1,0.0,1
michael_tanaka,username,ali kumar,name,0.348,0.0,0.0,0.0,0,0.0,0
yuki_devi@outlook.com,email,yuki devi,name,0.444,0.0,0.0,0.0,2,0.0,1
user_3016,username,contact_3693@gmail.com,email,0.286,0.0,0.0,0.0,0,0.0,0
rajesh97@hotmail.com,email,ken3,username,0.167,0.0,0.0,0.0,0,0.0,0
user_4798,username,contact_9713@outlook.com,email,0.19,0.0,0.0,0.0,0,0.0,0
contact_3269@yahoo.com,email,site_1158.com,domain,0.0,0.0,0.0,0.0,0,0.0,0
emily rown,name,+919589711983,phone,0.0,0.0,0.0,0.0,2,0.0,1
site_8830.com,domain,+916043980201,phone,0.0,0.0,0.0,0.0,0,0.0,0
janejohnsonsite.com,domain,lisa devi,name,0.143,0.0,0.0,0.0,0,0.0,0
fatima_patel,username,elnea35,username,0.211,0.211,0.0,0.0,1,0.0,0
sara_smith@hotmail.com,email,michaelwilliamssite.com,domain,0.0,0.0,0.0,0.0,0,0.0,0
+12824056009,phone,+917336835980,phone,0.0,0.0,0.0,0.0,0,0.0,1
hacker_rajesh_gupta@rajeshsite.net,email,rajesh_gupt5a,username,0.75,0.0,0.0,0.0,1,0.0,1
+916013092582,phone,emily patel,name,0.0,0.0,0.0,0.0,0,0.0,0
yuki_wililams,username,carlos sharma,name,0.231,0.0,0.0,0.0,0,0.0,0
rajesh martinez,name,fatima devi,name,0.308,0.0,0.0,0.0,0,0.0,0
+916313106055,phone,site_1855.com,domain,0.0,0.0,0.0,0.0,0,0.0,0
rajesh68,username,+918475056187,phone,0.19,0.0,0.0,0.0,0,0.0,0
priya76@proton.me,email,lisaahmedsite.com,domain,0.0,0.0,0.0,0.0,0,0.0,0
michael_tanaka,username,+918123425397,phone,0.0,0.0,0.0,0.0,0,0.0,0
michael sharma,name,yuki_wililams,username,0.296,0.0,0.0,0.0,0,0.0,0
user_8085,username,user_4223,username,0.556,0.556,0.0,0.0,1,0.0,0
contact_3398@gmail.com,email,neha singh,name,0.182,0.0,0.0,0.0,0,0.0,0
user_7020,username,site_2563.com,domain,0.364,0.0,0.0,0.0,0,0.0,0
contact_1705@outlook.com,email,robert jones,name,0.25,0.0,0.0,0.0,0,0.0,0
amit_sharma,username,amit sharma,name,0.909,0.0,0.0,0.0,0,0.0,1
elena tanaka,name,lisa77@yahoo.com,email,0.222,0.0,0.0,0.0,0,0.0,0
rajesh_martinez@yahoo.com,email,lisapatelsite.com,domain,0.0,0.0,0.0,0.0,0,0.0,0
michaelg_borwn,username,michael brown,name,0.519,0.0,0.0,0.0,2,0.0,1
contact_7359@gmail.com,email,contact_9862@gmail.com,email,0.0,0.0,0.0,0.0,0,0.0,0
+919243258548,phone,+919733959353,phone,0.0,0.0,0.0,0.0,0,0.0,0
davidsinghsite.com,domain,dvaid singh,name,0.621,0.0,0.0,0.0,0,0.0,1
ali42coder,username,al kumar,name,0.333,0.0,0.0,0.0,0,0.0,1
priya76@proton.me,email,hacker_elena_tanaka,username,0.154,0.0,0.0,0.0,0,0.0,0
site_2493.com,domain,site_3752.com,domain,0.0,0.0,0.0,0.0,0,0.0,0
lisa devi,name,+919994107253,phone,0.0,0.0,0.0,0.0,0,0.0,0
+917759419129,phone,ken37@yahoo.com,email,0.0,0.0,0.0,0.0,0,0.0,0
+916264581624,phone,user_3081,username,0.182,0.0,0.0,0.0,0,0.0,0
site_7027.com,domain,site_6494.com,domain,0.0,0.0,0.0,0.0,0,0.0,0
user_2419,username,contact_2324@hotmail.com,email,0.286,0.0,0.0,0.0,0,0.0,0
user_670,username,user_7580,username,0.824,0.824,0.0,0.0,0,0.0,0
site_7055.com,domain,site_5393.com,domain,0.0,0.0,0.0,0.0,0,0.0,0
jane johnson,name,+919640160203,phone,0.0,0.0,0.0,0.0,1,0.0,0
ananya_khan@proton.me,email,naanyakhan,username,0.857,0.0,0.0,0.0,2,0.0,1
jken80,username,priya williams,name,0.0,0.0,0.0,0.0,0,0.0,0
+916393271940,phone,rajesh jones,name,0.0,0.0,0.0,0.0,0,0.0,0
yukiwilliamssite.com,domain,+918475056187,phone,0.0,0.0,0.0,0.0,0,0.0,0
site_7532.com,domain,rajesh garcia,name,0.154,0.0,0.0,0.0,0,0.0,0
fatima johnson,name,neha singh,name,0.333,0.0,0.0,0.0,0,0.0,0
contact_3659@gmail.com,email,emily devi,name,0.0,0.0,0.0,0.0,0,0.0,0
ali kumar,name,amitjohnsonsite.com,domain,0.214,0.0,0.0,0.0,0,0.0,0
yukidevisite.com,domain,rajeshsmithsite.com,domain,0.0,0.0,0.0,0.0,0,0.0,0
sara88dev.org,domain,+13877537485,phone,0.0,0.0,0.0,0.0,0,0.0,1
+919032150374,phone,elena davis,name,0.0,0.0,0.0,0.0,0,0.0,0
+919369099268,phone,fatima devi,name,0.0,0.0,0.0,0.0,0,0.0,0
user_2153,username,site_5294.com,domain,0.364,0.0,0.0,0.0,0,0.0,0
ali_ahmed@yahoo.com,email,aliahmedsite.com,domain,0.0,0.0,0.0,0.0,0,0.0,1
lia patel,name,lisa_patl,username,0.778,0.0,0.0,0.0,0,0.0,1
contact_5216@gmail.com,email,+916897240679,phone,0.0,0.0,0.0,0.0,0,0.0,0
rajesh gupta,name,rajeshlabs.net,domain,0.462,0.0,0.0,0.0,0,0.0,1
+919552044458,phone,fatima tanaka,name,0.0,0.0,0.0,0.0,0,0.0,0
lisatanakasite.com,domain,rajeshmillersite.com,domain,0.0,0.0,0.0,0.0,0,0.0,0
site_892.com,domain,user_439,username,0.4,0.0,0.0,0.0,0,0.0,0
rahul doe,name,robert khan,name,0.3,0.0,0.0,0.0,0,0.0,0
david smith,name,rahul johnson,name,0.167,0.0,0.0,0.0,0,0.0,0
user_1553,username,contact_8644@yahoo.com,email,0.095,0.0,0.0,0.0,0,0.0,0
hacker_john_johnson,username,ken gupta,name,0.286,0.0,0.0,0.0,0,0.0,0
+919952958729,phone,yuk_idevi,username,0.0,0.0,0.0,0.0,0,0.0,1
jken80,username,+16750183932,phone,0.111,0.0,0.0,0.0,2,0.0,1
+917430387833,phone,ali ahmed,name,0.0,0.0,0.0,0.0,0,0.0,0
sara88coder,username,+13877537485,phone,0.174,0.0,0.0,0.0,0,0.0,1
contact_9736@proton.me,email,+916462677843,phone,0.0,0.0,0.0,0.0,0,0.0,0
site_2263.com,domain,user_7500,username,0.273,0.0,0.0,0.0,0,0.0,0
lisa48@proton.me,email,yukiahmedsite.com,domain,0.0,0.0,0.0,0.0,0,0.0,0
john johnson,name,fatimapatelsite.com,domain,0.129,0.0,0.0,0.0,0,0.0,0
contact_8934@outlook.com,email,carlos martinez,name,0.296,0.0,0.0,0.0,0,0.0,0
site_2493.com,domain,user_4946,username,0.455,0.0,0.0,0.0,0,0.0,0
aliahmedsite.com,domain,+919804281916,phone,0.0,0.0,0.0,0.0,0,0.0,0
michaeltanakasite.com,domain,+919582781625,phone,0.0,0.0,0.0,0.0,0,0.0,0
site_3108.com,domain,emily sato,name,0.261,0.0,0.0,0.0,0,0.0,0
michael_tanaka,username,carlos sharma,name,0.37,0.0,0.0,0.0,0,0.0,0
lisa devi,name,rahul patel,name,0.3,0.0,0.0,0.0,0,0.0,0
emily garcia,name,user_8724,username,0.19,0.0,0.0,0.0,0,0.0,0
lisa48,username,lisa dervi,name,0.5,0.0,0.0,0.0,0,0.0,1
+916646482842,phone,contact_1846@proton.me,email,0.0,0.0,0.0,0.0,0,0.0,0
priya_williams@yahoo.com,email,jane_johnson,username,0.231,0.0,0.0,0.0,0,0.0,0
sraa_smith,username,johnsmithsite.com,domain,0.37,0.0,0.0,0.0,0,0.0,0
+918687709408,phone,elnea35,username,0.0,0.0,0.0,0.0,0,0.0,0
+919666362423,phone,+919243258548,phone,0.0,0.0,0.0,0.0,0,0.0,0
user_9948,username,+916727904305,phone,0.273,0.0,0.0,0.0,0,0.0,0
hacker_fatima_patel,username,+18258444177,phone,0.0,0.0,0.0,0.0,1,0.0,1
site_5908.com,domain,contact_8104@outlook.com,email,0.0,0.0,0.0,0.0,0,0.0,0
emily_brown,username,hacker_emily_brown@emilysite.net,email,0.759,0.0,0.0,0.0,2,0.0,1
jane singh,name,janelabs.net,domain,0.545,0.0,0.0,0.0,3,0.0,1
lisa77,username,yukiwilliamssite.com,domain,0.231,0.0,0.0,0.0,0,0.0,0
ken gupta,name,michael brown,name,0.182,0.0,0.0,0.0,0,0.0,0
ali42@proton.me,email,michael williams,name,0.286,0.0,0.0,0.0,0,0.0,0
michael_sharma@yahoo.com,email,mich5ael_sharmacoder,username,0.824,0.0,0.0,0.0,0,0.0,1
alilabs.net,domain,ail42,username,0.375,0.0,0.0,0.0,0,0.0,1
rajeshsmithsite.com,domain,johnahmedsite.com,domain,0.0,0.0,0.0,0.0,0,0.0,0
+919032150374,phone,rahulpatelsite.com,domain,0.0,0.0,0.0,0.0,0,0.0,0
site_5684.com,domain,sara garcia,name,0.083,0.0,0.0,0.0,0,0.0,0
+918595924800,phone,ken garcia,name,0.0,0.0,0.0,0.0,0,0.0,0
user_6434,username,user_8920,username,0.556,0.556,0.0,0.0,0,0.0,0
sara88,username,lisa patel,name,0.375,0.0,0.0,0.0,0,0.0,0
contact_4605@gmail.com,email,contact_6710@proton.me,email,0.0,0.0,0.0,0.0,0,0.0,0
rajesh_martinez@rajeshsite.net,email,rajesh_martinezdev.org,domain,0.0,0.0,0.0,0.0,0,0.0,1
john15@outlook.com,email,fatimapatelsite.com,domain,0.0,0.0,0.0,0.0,0,0.0,0
site_2925.com,domain,yuki martinez,name,0.154,0.0,0.0,0.0,0,0.0,0
user_574,username,site_4734.com,domain,0.476,0.0,0.0,0.0,0,0.0,0
+919289245144,phone,elenasatosite.com,domain,0.0,0.0,0.0,0.0,0,0.0,0
yuki_devi@outlook.com,email,hacker_yuki_devi,username,0.72,0.0,0.0,0.0,0,0.0,1
john_hmed,username,john_ahmed@hotmail.com,email,0.947,0.0,0.0,0.0,0,0.0,1
john15@outlook.com,email,+917265935870,phone,0.0,0.0,0.0,0.0,0,0.0,0
lis9,username,lisa92coder,username,0.533,0.533,0.0,0.0,2,0.0,1
+916364636828,phone,contact_9868@proton.me,email,0.0,0.0,0.0,0.0,0,0.0,0
+918209110951,phone,lisa brown,name,0.0,0.0,0.0,0.0,0,0.0,0
contact_5212@yahoo.com,email,sara gupta,name,0.182,0.0,0.0,0.0,0,0.0,0
user_8483,username,contact_4557@yahoo.com,email,0.19,0.0,0.0,0.0,0,0.0,0
jane3dev.org,domain,+17822494780,phone,0.0,0.0,0.0,0.0,0,0.0,1
hacker_emily_brown,username,+919804281916,phone,0.0,0.0,0.0,0.0,0,0.0,0
lisa ahmed,name,elena tanaka,name,0.273,0.0,0.0,0.0,0,0.0,0
hacker_rajesh97,username,rajesh97,username,0.696,0.696,0.0,0.0,0,0.0,1
michael williams,name,michaelsharmasite.com,domain,0.541,0.0,0.0,0.0,0,0.0,0
ken_gupta,username,john garcia,name,0.2,0.0,0.0,0.0,0,0.0,0
user_6596,username,david smith,name,0.1,0.0,0.0,0.0,0,0.0,0
ali_ahemdcoder,username,ali ahmed,name,0.348,0.0,0.0,0.0,1,0.0,1
user_2191,username,contact_3139@yahoo.com,email,0.286,0.0,0.0,0.0,0,0.0,0
ilsa@customlab.org,email,lisa48@proton.me,email,0.0,0.0,0.0,0.0,0,0.0,1
rajesh smith,name,lisapatelsite.com,domain,0.345,0.0,0.0,0.0,0,0.0,0
amit_johnson@outlook.com,email,hacker_amit_johson,username,0.733,0.0,0.0,0.0,0,0.0,1
fatima_patel@outlook.com,email,lisatanakasite.com,domain,0.0,0.0,0.0,0.0,0,0.0,0
carlos davis,name,+916193201214,phone,0.0,0.0,0.0,0.0,0,0.0,0
+919032150374,phone,hacker_john_ahmed,username,0.0,0.0,0.0,0.0,3,0.0,1
johnahmedsite.com,domain,jane_johnson@hotmail.com,email,0.0,0.0,0.0,0.0,0,0.0,0
ken_guptadev.org,domain,ken_gupat,username,0.64,0.0,0.0,0.0,0,0.0,1
contact_919@yahoo.com,email,elena smith,name,0.273,0.0,0.0,0.0,0,0.0,0
jane singh,name,kenguptasite.com,domain,0.231,0.0,0.0,0.0,0,0.0,0
hackr_rajesh97,username,rajesh@customlab.org,email,0.6,0.0,0.0,0.0,1,0.0,1
aliahmedsite.com,domain,michaelsharmasite.com,domain,0.0,0.0,0.0,0.0,0,0.0,0
hacker_emily_brown,username,sara miller,name,0.276,0.0,0.0,0.0,0,0.0,0
priyawilliamssite.com,domain,priya williams,name,0.743,0.0,0.0,0.0,1,0.0,1
rgajesh6,username,rajesh68,username,0.875,0.875,0.0,0.0,0,0.0,1
contact_1162@gmail.com,email,contact_9937@gmail.com,email,0.0,0.0,0.0,0.0,0,0.0,0
elena sato,name,ananyakhan,username,0.3,0.0,0.0,0.0,0,0.0,0
elena sato,name,user_8285,username,0.105,0.0,0.0,0.0,0,0.0,0
+916534380403,phone,+916254611983,phone,0.0,0.0,0.0,0.0,0,0.0,0
yuki sharma,name,michael martinez,name,0.296,0.0,0.0,0.0,0,0.0,0
rajseh_miler,username,rajesh_miller,username,0.88,0.88,0.0,0.0,0,0.0,1
site_2852.com,domain,priya devi,name,0.087,0.0,0.0,0.0,0,0.0,0
site_9748.com,domain,site_9981.com,domain,0.0,0.0,0.0,0.0,0,0.0,0
user_2345,username,contact_8188@hotmail.com,email,0.095,0.0,0.0,0.0,0,0.0,0
jane_johnson@hotmail.com,email,janesinghsite.com,domain,0.0,0.0,0.0,0.0,0,0.0,0
michael devi,name,+916025362801,phone,0.0,0.0,0.0,0.0,0,0.0,0
amit ojhnson,name,ait_johnsondev.org,domain,0.6,0.0,0.0,0.0,0,0.0,1
jane_johnson@hotmail.com,email,michael_sharmacoder,username,0.323,0.0,0.0,0.0,0,0.0,0
site_2088.com,domain,site_6462.com,domain,0.0,0.0,0.0,0.0,2,0.0,0
user_687,username,fatima johnson,name,0.091,0.0,0.0,0.0,0,0.0,0
fatimatanakasite.com,domain,lisa devi,name,0.138,0.0,0.0,0.0,0,0.0,0
+916108364612,phone,+916443188427,phone,0.0,0.0,0.0,0.0,0,0.0,0
amit ojhnson,name,amit_johnson,username,0.833,0.0,0.0,0.0,0,0.0,1
user_7640,username,user_5300,username,0.667,0.667,0.0,0.0,0,0.0,0
+918209110951,phone,+919323536905,phone,0.0,0.0,0.0,0.0,0,0.0,0
janesatosite.com,domain,rahul77@outlook.com,email,0.0,0.0,0.0,0.0,0,0.0,0
hacker_david38,username,+13632976005,phone,0.077,0.0,0.0,0.0,2,0.0,1
davidsinghsite.com,domain,fatimapatelsite.com,domain,0.0,0.0,0.0,0.0,0,0.0,0
praiya726,username,pria76,username,0.8,0.8,0.0,0.0,1,0.0,1
priya76@proton.me,email,hacker_priya76@priyasite.net,email,0.0,0.0,0.0,0.0,2,0.0,1
user_8625,username,+916060320394,phone,0.182,0.0,0.0,0.0,0,0.0,0
+916825525740,phone,john johnson,name,0.0,0.0,0.0,0.0,0,0.0,0
site_169.com,domain,user_5684,username,0.381,0.0,0.0,0.0,0,0.0,0
priya39,username,priya3g9,username,0.933,0.933,0.0,0.0,2,0.0,1
fatim83,username,+919457189042,phone,0.1,0.0,0.0,0.0,0,0.0,0
+918475056187,phone,michael_tanaka@gmail.com,email,0.0,0.0,0.0,0.0,0,0.0,0
+919387772934,phone,priyabrownsite.com,domain,0.0,0.0,0.0,0.0,0,0.0,0
+919582781625,phone,jane_johnson,username,0.0,0.0,0.0,0.0,1,0.0,1
ananya_khan,username,ananyakhan@ananyasite.net,email,0.952,0.0,0.0,0.0,0,0.0,1
contact_5409@gmail.com,email,+916578603005,phone,0.0,0.0,0.0,0.0,0,0.0,0
+919032150374,phone,ali42@proton.me,email,0.0,0.0,0.0,0.0,0,0.0,0
lisa_patel@outlook.com,email,+918335090736,phone,0.0,0.0,0.0,0.0,0,0.0,1
lisa_patel@hotmail.com,email,ken jones,name,0.211,0.0,0.0,0.0,0,0.0,0
hacker_jane_singh,username,+919289245144,phone,0.0,0.0,0.0,0.0,0,0.0,0
+916132858466,phone,elena khan,name,0.0,0.0,0.0,0.0,0,0.0,0
site_6572.com,domain,emily gupta,name,0.167,0.0,0.0,0.0,0,0.0,0
amit_sharma@proton.me,email,aimt_sharma,username,0.909,0.0,0.0,0.0,1,0.0,1
ken80@gmail.com,email,jane3,username,0.2,0.0,0.0,0.0,0,0.0,0
yuk_iedvi,username,yuki devi,name,0.444,0.0,0.0,0.0,0,0.0,1
ken_gupta,username,+16589069510,phone,0.0,0.0,0.0,0.0,1,0.0,1
rahul smith,name,+916185188647,phone,0.0,0.0,0.0,0.0,0,0.0,0
michael brown,name,david38@hotmail.com,email,0.1,0.0,0.0,0.0,0,0.0,0
david garcia,name,amit miller,name,0.348,0.0,0.0,0.0,0,0.0,0
fatima@customlab.org,email,fatima70,username,0.857,0.0,0.0,0.0,0,0.0,1
lisa770,username,hacker_lias77,username,0.5,0.5,0.0,0.0,0,0.0,1
contact_8984@hotmail.com,email,lisa garcia,name,0.174,0.0,0.0,0.0,0,0.0,0
yuki johnson,name,user_6732,username,0.095,0.0,0.0,0.0,0,0.0,0
user_5007,username,+916512315219,phone,0.091,0.0,0.0,0.0,0,0.0,0
sraa_smith,username,sara smith,name,0.8,0.0,0.0,0.0,1,0.0,1
priya williams,name,carlos_sharma@hotmail.com,email,0.296,0.0,0.0,0.0,0,0.0,0
site_2939.com,domain,ali doe,name,0.2,0.0,0.0,0.0,0,0.0,0
john_johnson,username,hacker_john_johnson@johnsite.net,email,0.774,0.0,0.0,0.0,0,0.0,1
rajeshsmithsite.com,domain,rajesh64@yahoo.com,email,0.0,0.0,0.0,0.0,2,0.0,1
hacker_rahul77,username,rahulpatelsite.com,domain,0.312,0.0,0.0,0.0,0,0.0,1
site_4006.com,domain,site_7330.com,domain,0.0,0.0,0.0,0.0,0,0.0,0
rajesh_miller@proton.me,email,hacker_priya39,username,0.296,0.0,0.0,0.0,0,0.0,0
michaelbrownsite.com,domain,emily brown,name,0.452,0.0,0.0,0.0,0,0.0,0
+916177368230,phone,contact_7015@proton.me,email,0.0,0.0,0.0,0.0,0,0.0,0
lisa77@yahoo.com,email,rajesh miller,name,0.211,0.0,0.0,0.0,0,0.0,0
rajesh_gupta,username,+15901077071,phone,0.0,0.0,0.0,0.0,1,0.0,1
+916764865453,phone,user_6938,username,0.182,0.0,0.0,0.0,0,0.0,0
ali kumar,name,rajeshmillersite.com,domain,0.276,0.0,0.0,0.0,0,0.0,0
ken_gutpa,username,ken_gupat,username,0.889,0.889,0.0,0.0,2,0.0,1
michaeltanakasite.com,domain,michaelbrownsite.com,domain,0.0,0.0,0.0,0.0,0,0.0,0
rahu77,username,rahullabs.net,domain,0.421,0.0,0.0,0.0,0,0.0,1
+13050302325,phone,amit sharma,name,0.0,0.0,0.0,0.0,2,0.0,1
+919916712744,phone,yukiahmedsite.com,domain,0.0,0.0,0.0,0.0,0,0.0,0
priya martinez,name,+916065469332,phone,0.0,0.0,0.0,0.0,0,0.0,0
rajesh gupta,name,elena davis,name,0.261,0.0,0.0,0.0,0,0.0,0
ken_gupta@outlook.com,email,+919589711983,phone,0.0,0.0,0.0,0.0,0,0.0,0
carlos jones,name,user_8305,username,0.19,0.0,0.0,0.0,0,0.0,0
lisa tanaka,name,user_4946,username,0.1,0.0,0.0,0.0,0,0.0,0
site_1392.com,domain,site_4931.com,domain,0.0,0.0,0.0,0.0,0,0.0,0
contact_1193@hotmail.com,email,contact_7222@proton.me,email,0.0,0.0,0.0,0.0,0,0.0,0
sraa_smith,username,yuki_williams@gmail.com,email,0.174,0.0,0.0,0.0,0,0.0,0
user_8818,username,+916760808504,phone,0.182,0.0,0.0,0.0,0,0.0,0
rahul patel,name,jane smith,name,0.381,0.0,0.0,0.0,0,0.0,0
michael williams,name,+918318297467,phone,0.0,0.0,0.0,0.0,0,0.0,0
+917107621714,phone,hacker_michael_williams,username,0.0,0.0,0.0,0.0,0,0.0,1
+919376816771,phone,yukiahmedsite.com,domain,0.0,0.0,0.0,0.0,2,0.0,1
user_5388,username,+916771117663,phone,0.091,0.0,0.0,0.0,0,0.0,0
yuki_devi@outlook.com,email,+917047187022,phone,0.0,0.0,0.0,0.0,0,0.0,0
john_ahmed@hotmail.com,email,rajeshguptasite.com,domain,0.0,0.0,0.0,0.0,0,0.0,0
hacker_lbisa_ahmed,username,lisa_ahmed@proton.me,email,0.714,0.0,0.0,0.0,1,0.0,1
site_6547.com,domain,ali devi,name,0.19,0.0,0.0,0.0,0,0.0,0
+19573061161,phone,aftima70,username,0.2,0.0,0.0,0.0,1,0.0,1
rajeshmartinezsite.com,domain,+919837615419,phone,0.0,0.0,0.0,0.0,0,0.0,1
site_5194.com,domain,site_4159.com,domain,0.0,0.0,0.0,0.0,0,0.0,0
contact_6709@gmail.com,email,+916653857733,phone,0.0,0.0,0.0,0.0,0,0.0,0
yuki_ahmed@outlook.com,email,sara88@hotmail.com,email,0.0,0.0,0.0,0.0,1,0.0,0
yukidevisite.com,domain,yuki_devi@outlook.com,email,0.0,0.0,0.0,0.0,2,0.0,1
+916726844770,phone,contact_3269@yahoo.com,email,0.0,0.0,0.0,0.0,0,0.0,0
site_2263.com,domain,contact_9856@hotmail.com,email,0.0,0.0,0.0,0.0,0,0.0,0
ali kumar,name,site_2362.com,domain,0.182,0.0,0.0,0.0,0,0.0,0
user_4062,username,lisa patel,name,0.211,0.0,0.0,0.0,0,0.0,0
hacker_ken80,username,ken@customlab.org,email,0.4,0.0,0.0,0.0,2,0.0,1
ilsa patel,name,lisalabs.net,domain,0.455,0.0,0.0,0.0,0,0.0,1
+916327286004,phone,user_2004,username,0.364,0.0,0.0,0.0,0,0.0,0
ken_gupta@kensite.net,email,en_gupat,username,0.824,0.0,0.0,0.0,0,0.0,1
ananya miller,name,user_8424,username,0.182,0.0,0.0,0.0,0,0.0,0
rahul brown,name,+916349270675,phone,0.0,0.0,0.0,0.0,1,0.0,0
fatima_patel@outlook.com,email,hacker_lisa_patel,username,0.621,0.0,0.0,0.0,0,0.0,0
user_4343,username,+916773680609,phone,0.091,0.0,0.0,0.0,0,0.0,0
+918338710195,phone,johnahmedsite.com,domain,0.0,0.0,0.0,0.0,0,0.0,0
contact_1439@yahoo.com,email,contact_2915@hotmail.com,email,0.0,0.0,0.0,0.0,0,0.0,0
contact_5639@hotmail.com,email,contact_9677@hotmail.com,email,0.0,0.0,0.0,0.0,0,0.0,0
kengarciasite.com,domain,fatima patel,name,0.345,0.0,0.0,0.0,0,0.0,0
michael_williams@proton.me,email,michael williams,name,0.938,0.0,0.0,0.0,1,0.0,1
+917265935870,phone,lisapatelsite.com,domain,0.0,0.0,0.0,0.0,0,0.0,0
elena tanaka,name,+918338710195,phone,0.0,0.0,0.0,0.0,0,0.0,0
user_352,username,lisa devi,name,0.118,0.0,0.0,0.0,0,0.0,0
lisa_patel@hotmail.com,email,john15@outlook.com,email,0.0,0.0,0.0,0.0,0,0.0,0
+919552044458,phone,+917521726436,phone,0.0,0.0,0.0,0.0,0,0.0,0
contact_4751@outlook.com,email,+916177388496,phone,0.0,0.0,0.0,0.0,0,0.0,0
+918123425397,phone,+918733759412,phone,0.0,0.0,0.0,0.0,0,0.0,0
contact_5777@outlook.com,email,contact_6348@yahoo.com,email,0.0,0.0,0.0,0.0,0,0.0,0
rajeshlabs.net,domain,rajehs_singh,username,0.538,0.0,0.0,0.0,3,0.0,1
michael sharma,name,david38,username,0.095,0.0,0.0,0.0,0,0.0,0
john51,username,john15coder,username,0.588,0.588,0.0,0.0,2,0.0,1
+15607213216,phone,emilybrownsite.com,domain,0.0,0.0,0.0,0.0,1,0.0,1
+916528774650,phone,+916688817154,phone,0.0,0.0,0.0,0.0,0,0.0,0
ananyakhansite.com,domain,rajesh_miller,username,0.258,0.0,0.0,0.0,0,0.0,0
john garcia,name,+919376816771,phone,0.0,0.0,0.0,0.0,0,0.0,0
user_4875,username,contact_3149@proton.me,email,0.19,0.0,0.0,0.0,0,0.0,0
michaeltanakasite.com,domain,michael_tanka,username,0.706,0.0,0.0,0.0,0,0.0,1
ken gupta,name,en_gupat,username,0.471,0.0,0.0,0.0,2,0.0,1
user_4420,username,contact_4142@gmail.com,email,0.381,0.0,0.0,0.0,0,0.0,0
lisa_ahmed@proton.me,email,rajeshkhansite.com,domain,0.0,0.0,0.0,0.0,0,0.0,0
hacker_lisa_patel,username,rahul patel,name,0.357,0.0,0.0,0.0,0,0.0,0
site_1146.com,domain,+916784842650,phone,0.0,0.0,0.0,0.0,0,0.0,0
michael_williams@proton.me,email,michael_williamsdev.org,domain,0.0,0.0,0.0,0.0,2,0.0,1
site_6111.com,domain,carlos williams,name,0.214,0.0,0.0,0.0,0,0.0,0
+916002744605,phone,amit brown,name,0.0,0.0,0.0,0.0,0,0.0,0
ken_gutpa,username,+918338710195,phone,0.0,0.0,0.0,0.0,1,0.0,1
sara miller,name,sarasmithsite.com,domain,0.286,0.0,0.0,0.0,0,0.0,0
contact_8191@gmail.com,email,user_7640,username,0.095,0.0,0.0,0.0,0,0.0,0
neha smith,name,site_6514.com,domain,0.261,0.0,0.0,0.0,0,0.0,0
site_3675.com,domain,user_5862,username,0.364,0.0,0.0,0.0,0,0.0,0
jane scato,name,jane3dev.org,domain,0.455,0.0,0.0,0.0,0,0.0,1
emilylabs.net,domain,+15607213216,phone,0.0,0.0,0.0,0.0,2,0.0,1
rgajesh6,username,rajeshmillersite.com,domain,0.429,0.0,0.0,0.0,1,0.0,1
david38@davidsite.net,email,davidlabs.net,domain,0.0,0.0,0.0,0.0,1,0.0,1
yuki_devi@outlook.com,email,johnahmedsite.com,domain,0.0,0.0,0.0,0.0,0,0.0,0
david38,username,rajeshsinghsite.com,domain,0.154,0.0,0.0,0.0,0,0.0,0
ali42coder,username,amit_sharma,username,0.286,0.286,0.0,0.0,0,0.0,0
rajesh_martinez,username,michaelwilliamssite.com,domain,0.263,0.0,0.0,0.0,0,0.0,0
+916399471158,phone,site_8820.com,domain,0.0,0.0,0.0,0.0,0,0.0,0
sara88,username,emilybrownsite.com,domain,0.083,0.0,0.0,0.0,0,0.0,0
fatima83@outlook.com,email,rajeshmillersite.com,domain,0.0,0.0,0.0,0.0,0,0.0,0
+917047187022,phone,prya3g9,username,0.1,0.0,0.0,0.0,1,0.0,1
site_3170.com,domain,user_3588,username,0.364,0.0,0.0,0.0,0,0.0,0
+916462677843,phone,carlos martinez,name,0.0,0.0,0.0,0.0,0,0.0,0
priya_williams@yahoo.com,email,lisa brown,name,0.417,0.0,0.0,0.0,0,0.0,0
site_8748.com,domain,+916412365713,phone,0.0,0.0,0.0,0.0,0,0.0,0
sraa_smith,username,ali kumar,name,0.211,0.0,0.0,0.0,0,0.0,0
+919310858477,phone,fatima83@outlook.com,email,0.0,0.0,0.0,0.0,1,0.0,0
+19452583744,phone,hakcer_john_johnson,username,0.0,0.0,0.0,0.0,0,0.0,1
+918123425397,phone,ken37@yahoo.com,email,0.0,0.0,0.0,0.0,0,0.0,0
michael_tanaka@michaelsite.net,email,michael_tanka,username,0.963,0.0,0.0,0.0,1,0.0,1
sara88@hotmail.com,email,yukidevisite.com,domain,0.0,0.0,0.0,0.0,0,0.0,0
site_5216.com,domain,site_5238.com,domain,0.0,0.0,0.0,0.0,0,0.0,0
amitjohnsonsite.com,domain,elena tanaka,name,0.194,0.0,0.0,0.0,1,0.0,0
+919804281916,phone,michael_tnaaka,username,0.0,0.0,0.0,0.0,2,0.0,1
en_gupat,username,+918338710195,phone,0.0,0.0,0.0,0.0,1,0.0,1
hacker_carlos_sharma,username,jane sato,name,0.276,0.0,0.0,0.0,0,0.0,0
user_8497,username,user_3991,username,0.667,0.667,0.0,0.0,0,0.0,0
+917265935870,phone,elena dazvis,name,0.0,0.0,0.0,0.0,1,0.0,1
michael_tanakadev.org,domain,michael_tnaaka,username,0.743,0.0,0.0,0.0,1,0.0,1
priya39@gmail.com,email,hacker_priya39,username,0.667,0.0,0.0,0.0,1,0.0,1
user_2980,username,+916899225469,phone,0.182,0.0,0.0,0.0,0,0.0,0
john johnson,name,+19452583744,phone,0.0,0.0,0.0,0.0,2,0.0,1
+18606001900,phone,elnea35,username,0.0,0.0,0.0,0.0,2,0.0,1
contact_7192@outlook.com,email,+916879859376,phone,0.0,0.0,0.0,0.0,0,0.0,0
john_garcia@outlook.com,email,priya39@gmail.com,email,0.0,0.0,0.0,0.0,0,0.0,0
user_4389,username,site_5394.com,domain,0.455,0.0,0.0,0.0,0,0.0,0
contact_5461@gmail.com,email,site_4827.com,domain,0.0,0.0,0.0,0.0,0,0.0,0
+919596703526,phone,fatima_pateldev.org,domain,0.0,0.0,0.0,0.0,2,0.0,1
janesatosite.com,domain,+917185643633,phone,0.0,0.0,0.0,0.0,0,0.0,0
rajesh68,username,yukiwilliamssite.com,domain,0.143,0.0,0.0,0.0,0,0.0,0
site_1467.com,domain,contact_5746@proton.me,email,0.0,0.0,0.0,0.0,0,0.0,0
priya76@proton.me,email,+16461064505,phone,0.0,0.0,0.0,0.0,0,0.0,1
+916194710816,phone,lisa brown,name,0.0,0.0,0.0,0.0,0,0.0,0
+916859957950,phone,contact_9862@gmail.com,email,0.0,0.0,0.0,0.0,0,0.0,0
fatima singh,name,ken sato,name,0.2,0.0,0.0,0.0,0,0.0,0
ali42coder,username,+14813245789,phone,0.182,0.0,0.0,0.0,2,0.0,1
rajesh68@gmail.com,email,amit_sharma@proton.me,email,0.0,0.0,0.0,0.0,0,0.0,0
aftima70,username,fatima70,username,0.875,0.875,0.0,0.0,3,0.0,1
lisatanakasite.com,domain,hacker_rajesh97,username,0.242,0.0,0.0,0.0,0,0.0,0
+916180454120,phone,site_2526.com,domain,0.0,0.0,0.0,0.0,0,0.0,0
contact_3269@yahoo.com,email,+916578965886,phone,0.0,0.0,0.0,0.0,0,0.0,0
lisa9,username,lisa92@gmail.com,email,0.909,0.0,0.0,0.0,1,0.0,1
user_5095,username,+916666141412,phone,0.091,0.0,0.0,0.0,0,0.0,0
kengarciasite.com,domain,amitsharmasite.com,domain,0.0,0.0,0.0,0.0,0,0.0,0
priya76,username,+16461064505,phone,0.105,0.0,0.0,0.0,2,0.0,1
michael williams,name,hacker_michael_williams9,username,0.75,0.0,0.0,0.0,1,0.0,1
sraa88coder,username,sara88dev.org,domain,0.667,0.0,0.0,0.0,1,0.0,1
contact_6693@proton.me,email,user_8049,username,0.19,0.0,0.0,0.0,0,0.0,0
user_8735,username,contact_2324@hotmail.com,email,0.19,0.0,0.0,0.0,0,0.0,0
lisa patel,name,lisa_patle,username,0.8,0.0,0.0,0.0,1,0.0,1
hacker_rajesh64,username,yuki_devi,username,0.25,0.25,0.0,0.0,0,0.0,0
user_3204,username,contact_1402@gmail.com,email,0.19,0.0,0.0,0.0,0,0.0,0
+919369099268,phone,elena sato,name,0.0,0.0,0.0,0.0,0,0.0,0
emily brown,name,+917521726436,phone,0.0,0.0,0.0,0.0,1,0.0,0
site_169.com,domain,neha miller,name,0.174,0.0,0.0,0.0,0,0.0,0
+916578603005,phone,neha kumar,name,0.0,0.0,0.0,0.0,0,0.0,0
john smith,name,david38,username,0.118,0.0,0.0,0.0,0,0.0,0
lisa77,username,+919457189042,phone,0.105,0.0,0.0,0.0,0,0.0,0
rajesh_singh,username,hacker_john_ahmed,username,0.345,0.345,0.0,0.0,0,0.0,0
sara_smith@hotmail.com,email,lisa patel,name,0.4,0.0,0.0,0.0,0,0.0,0
fatima tanaka,name,yuki_williams@gmail.com,email,0.154,0.0,0.0,0.0,0,0.0,0
yukiwilliamssite.com,domain,lisa48@proton.me,email,0.0,0.0,0.0,0.0,0,0.0,0
kenjonessite.com,domain,lisa92@gmail.com,email,0.0,0.0,0.0,0.0,0,0.0,0
+916085320982,phone,+916766203480,phone,0.0,0.0,0.0,0.0,1,0.0,0
site_7631.com,domain,site_2894.com,domain,0.0,0.0,0.0,0.0,0,0.0,0
johnlabs.net,domain,hacker_john_ahmed,username,0.414,0.0,0.0,0.0,2,0.0,1
ananya_khan@proton.me,email,john15,username,0.235,0.0,0.0,0.0,0,0.0,0
ken_gupta@outlook.com,email,+16589069510,phone,0.0,0.0,0.0,0.0,2,0.0,1
+14681632915,phone,hacker_lisa_ahmed,username,0.0,0.0,0.0,0.0,2,0.0,1
+916667026475,phone,lisa johnson,name,0.0,0.0,0.0,0.0,0,0.0,0
david38,username,dvaid singh,name,0.444,0.0,0.0,0.0,1,0.0,1
+916722945405,phone,site_9418.com,domain,0.0,0.0,0.0,0.0,0,0.0,0
aliahmedsite.com,domain,lisaahmedsite.com,domain,0.0,0.0,0.0,0.0,0,0.0,0
david ahmed,name,user_3166,username,0.1,0.0,0.0,0.0,0,0.0,0
site_1072.com,domain,contact_9862@gmail.com,email,0.0,0.0,0.0,0.0,0,0.0,0
ken garcia,name,+917871714345,phone,0.0,0.0,0.0,0.0,0,0.0,0
davidsinghsite.com,domain,davidlabs.net,domain,0.0,0.0,0.0,0.0,0,0.0,1
fatima devi,name,amit_sharma,username,0.364,0.0,0.0,0.0,0,0.0,0
+919589711983,phone,michael_williams@proton.me,email,0.0,0.0,0.0,0.0,0,0.0,0
amith_arma,username,amit sharma,name,0.857,0.0,0.0,0.0,0,0.0,1
ali_ahmed@yahoo.com,email,+918965178657,phone,0.0,0.0,0.0,0.0,0,0.0,0
hacker_carlos_shara,username,carlos_harma,username,0.71,0.71,0.0,0.0,0,0.0,1
hacker_rajesh64,username,emily_brown@yahoo.com,email,0.231,0.0,0.0,0.0,0,0.0,0
+16517035482,phone,+918209110951,phone,0.0,0.0,0.0,0.0,3,0.0,1
user_8424,username,user_574,username,0.706,0.706,0.0,0.0,0,0.0,0
+918123425397,phone,elena_tanaka@outlook.com,email,0.0,0.0,0.0,0.0,0,0.0,0
david khan,name,jane johnson,name,0.364,0.0,0.0,0.0,0,0.0,0
mit_johnson,username,+17016107865,phone,0.0,0.0,0.0,0.0,0,0.0,1
site_8502.com,domain,user_3204,username,0.364,0.0,0.0,0.0,0,0.0,0
lisa tanaka,name,elena51,username,0.333,0.0,0.0,0.0,0,0.0,0
jane35@gmail.com,email,amit_sharma@proton.me,email,0.0,0.0,0.0,0.0,0,0.0,0
hacker_davvid38,username,dvid38,username,0.571,0.571,0.0,0.0,2,0.0,1
contact_9737@gmail.com,email,user_1172,username,0.19,0.0,0.0,0.0,0,0.0,0
+15394860710,phone,michael borwn,name,0.0,0.0,0.0,0.0,3,0.0,1
john ahmed,name,lisadevisite.com,domain,0.231,0.0,0.0,0.0,0,0.0,0
lisapatelsite.com,domain,lisa48,username,0.348,0.0,0.0,0.0,0,0.0,0
michael_tanakadev.org,domain,michael tanaka,name,0.743,0.0,0.0,0.0,1,0.0,1
+919323536905,phone,rajseh_singh,username,0.0,0.0,0.0,0.0,2,0.0,1
michael_sharmacoder@michaelsite.net,email,mich5ael_sharmacoder,username,0.974,0.0,0.0,0.0,2,0.0,1
yuki_ahmed,username,elena51,username,0.118,0.118,0.0,0.0,0,0.0,0
user_570,username,fatima singh,name,0.1,0.0,0.0,0.0,0,0.0,0
amit_johnson@outlook.com,email,jane singh,name,0.364,0.0,0.0,0.0,0,0.0,0
priya brown,name,emily_brown@yahoo.com,email,0.455,0.0,0.0,0.0,0,0.0,0
rajesh miller,name,jane_singh@gmail.com,email,0.348,0.0,0.0,0.0,0,0.0,0
michaekl tanaka,name,michael_tanaka@michaelsite.net,email,0.897,0.0,0.0,0.0,2,0.0,1
user_6560,username,site_4711.com,domain,0.273,0.0,0.0,0.0,0,0.0,0
user_7077,username,neha davis,name,0.211,0.0,0.0,0.0,0,0.0,0
user_2913,username,+916138536307,phone,0.273,0.0,0.0,0.0,0,0.0,0
michael tanaka,name,hacker_priya39,username,0.286,0.0,0.0,0.0,0,0.0,0
hacker_ken_gupta,username,kenguptasite.com,domain,0.5,0.0,0.0,0.0,1,0.0,1
emily_brown,username,+15607213216,phone,0.0,0.0,0.0,0.0,1,0.0,1
contact_9713@outlook.com,email,contact_5965@hotmail.com,email,0.0,0.0,0.0,0.0,0,0.0,0
emilylabs.net,domain,emilybrownsite.com,domain,0.0,0.0,0.0,0.0,0,0.0,1
+916609839144,phone,+916834538238,phone,0.0,0.0,0.0,0.0,0,0.0,0
+917107621714,phone,michael_williams@proton.me,email,0.0,0.0,0.0,0.0,2,0.0,1
+916318940024,phone,contact_9677@hotmail.com,email,0.0,0.0,0.0,0.0,0,0.0,0
contact_1402@gmail.com,email,+916007902801,phone,0.0,0.0,0.0,0.0,0,0.0,0
+916978723541,phone,site_9886.com,domain,0.0,0.0,0.0,0.0,0,0.0,0
hacker_ken_gupta,username,+16589069510,phone,0.0,0.0,0.0,0.0,1,0.0,1
user_8707,username,contact_7474@gmail.com,email,0.286,0.0,0.0,0.0,0,0.0,0
elena ahmed,name,user_529,username,0.105,0.0,0.0,0.0,0,0.0,0
sara smith,name,+919387772934,phone,0.0,0.0,0.0,0.0,0,0.0,0
yuki_wililams,username,lisa devi,name,0.364,0.0,0.0,0.0,0,0.0,0
rajesh_miller@proton.me,email,rahul patel,name,0.333,0.0,0.0,0.0,0,0.0,0
+917107621714,phone,kengarciasite.com,domain,0.0,0.0,0.0,0.0,0,0.0,0
yuki williams,name,+918123425397,phone,0.0,0.0,0.0,0.0,0,0.0,0
elena51@elenasite.net,email,elena dazvis,name,0.526,0.0,0.0,0.0,1,0.0,1
amit_sharma,username,amit_harma,username,0.952,0.952,0.0,0.0,1,0.0,1
+17289515273,phone,lisa48dev.org,domain,0.0,0.0,0.0,0.0,1,0.0,1
faitma70,username,fatima70@hotmail.com,email,0.875,0.0,0.0,0.0,2,0.0,1
contact_1660@gmail.com,email,contact_6068@gmail.com,email,0.0,0.0,0.0,0.0,0,0.0,0
robert patel,name,user_5335,username,0.19,0.0,0.0,0.0,0,0.0,0
fatim83,username,+919916712744,phone,0.0,0.0,0.0,0.0,0,0.0,0
+918335090736,phone,fatimatanakasite.com,domain,0.0,0.0,0.0,0.0,0,0.0,0
priya_williams@yahoo.com,email,john_garcia@outlook.com,email,0.0,0.0,0.0,0.0,1,0.0,0
site_2088.com,domain,emily davis,name,0.25,0.0,0.0,0.0,0,0.0,0
aliahmedsite.com,domain,ali ahmed,name,0.48,0.0,0.0,0.0,2,0.0,1
carlos@customlab.org,email,carlos_sharma,username,0.632,0.0,0.0,0.0,2,0.0,1
+916856280871,phone,site_3799.com,domain,0.0,0.0,0.0,0.0,0,0.0,0
+918981347325,phone,hacker_john_garcia,username,0.0,0.0,0.0,0.0,0,0.0,0
fatima patel,name,fatima_pateldev.org,domain,0.71,0.0,0.0,0.0,0,0.0,1
contact_1660@gmail.com,email,site_3810.com,domain,0.0,0.0,0.0,0.0,0,0.0,0
contact_3398@gmail.com,email,+916414416341,phone,0.0,0.0,0.0,0.0,0,0.0,0
contact_1066@proton.me,email,user_6710,username,0.286,0.0,0.0,0.0,0,0.0,0
+12746158661,phone,john_hmed,username,0.0,0.0,0.0,0.0,0,0.0,1
rajesh68@rajeshsite.net,email,rajesh68@gmail.com,email,0.0,0.0,0.0,0.0,0,0.0,1
lisa patel,name,lisapatelsite.com,domain,0.667,0.0,0.0,0.0,0,0.0,0
jane3,username,elena_tanaka@outlook.com,email,0.235,0.0,0.0,0.0,0,0.0,0
elenan51,username,elena51@hotmail.com,email,0.933,0.0,0.0,0.0,0,0.0,1
+17431136938,phone,yuki devi,name,0.0,0.0,0.0,0.0,1,0.0,1
contact_1043@yahoo.com,email,contact_2065@outlook.com,email,0.0,0.0,0.0,0.0,0,0.0,0
site_8699.com,domain,yuki martinez,name,0.154,0.0,0.0,0.0,0,0.0,0
+917658170004,phone,emily brown,name,0.0,0.0,0.0,0.0,0,0.0,0
contact_5093@yahoo.com,email,site_874.com,domain,0.0,0.0,0.0,0.0,0,0.0,0
lisa_ahed,username,hacker_lbisa_ahmed,username,0.667,0.667,0.0,0.0,1,0.0,1
fatima_patel,username,fatima70@hotmail.com,email,0.6,0.0,0.0,0.0,0,0.0,0
user_7273,username,fatima singh,name,0.095,0.0,0.0,0.0,0,0.0,0
contact_7359@gmail.com,email,contact_1295@yahoo.com,email,0.0,0.0,0.0,0.0,0,0.0,0
site_8612.com,domain,michael tanaka,name,0.148,0.0,0.0,0.0,0,0.0,0
john smith,name,john15coder,username,0.381,0.0,0.0,0.0,1,0.0,1
michaelwilliamssite.com,domain,jane3,username,0.143,0.0,0.0,0.0,0,0.0,0
+916639333838,phone,+916827703609,phone,0.0,0.0,0.0,0.0,0,0.0,0
amit sharma,name,site_4969.com,domain,0.25,0.0,0.0,0.0,0,0.0,0
+917212115091,phone,rajesh_miller@proton.me,email,0.0,0.0,0.0,0.0,0,0.0,1
ojhn ahmed,name,hacker_john_ahmed,username,0.37,0.0,0.0,0.0,0,0.0,1
ken garcia,name,hacker_elena_tanaka,username,0.345,0.0,0.0,0.0,0,0.0,0
john_johnson@hotmail.com,email,rajesh miller,name,0.16,0.0,0.0,0.0,0,0.0,0
user_5027,username,+916045206145,phone,0.182,0.0,0.0,0.0,0,0.0,0
ali_ahmed@yahoo.com,email,+919369099268,phone,0.0,0.0,0.0,0.0,2,0.0,1
michael_tanaka@gmail.com,email,emily brown,name,0.24,0.0,0.0,0.0,0,0.0,0
michael devi,name,+916564220066,phone,0.0,0.0,0.0,0.0,0,0.0,0
hacker_rajesh_martinez,username,rajesh martinz,name,0.444,0.0,0.0,0.0,0,0.0,1
sara smith,name,rajesh smith,name,0.727,0.0,0.0,0.0,0,0.0,0
kengarciasite.com,domain,+919916712744,phone,0.0,0.0,0.0,0.0,0,0.0,0
contact_1969@gmail.com,email,user_1850,username,0.19,0.0,0.0,0.0,0,0.0,0
jane jones,name,+916316058182,phone,0.0,0.0,0.0,0.0,0,0.0,0
rajesh_singh,username,johngarciasite.com,domain,0.267,0.0,0.0,0.0,0,0.0,0
johnahmedsite.com,domain,rajeshguptasite.com,domain,0.0,0.0,0.0,0.0,0,0.0,0
+919582781625,phone,+17908303933,phone,0.0,0.0,0.0,0.0,1,0.0,1
+916357021472,phone,contact_9823@proton.me,email,0.0,0.0,0.0,0.0,0,0.0,0
hacker_john_johnson,username,hacker_john_johnsondev.org,domain,0.844,0.0,0.0,0.0,0,0.0,1
amit davis,name,site_8810.com,domain,0.174,0.0,0.0,0.0,0,0.0,0
elena sato,name,elena51,username,0.588,0.0,0.0,0.0,0,0.0,0
lisa_patl,username,lisapatelsite.com,domain,0.615,0.0,0.0,0.0,0,0.0,1
lisa patel,name,lisa@customlab.org,email,1.0,0.0,0.0,0.0,0,0.0,1
priya_williamscoder,username,priya_willaims,username,0.788,0.788,0.0,0.0,1,0.0,1
user_5335,username,+916547999146,phone,0.091,0.0,0.0,0.0,0,0.0,0
contact_9582@gmail.com,email,site_7488.com,domain,0.0,0.0,0.0,0.0,0,0.0,0
user_5862,username,contact_3819@outlook.com,email,0.19,0.0,0.0,0.0,0,0.0,0
fatimalabs.net,domain,fatima70,username,0.545,0.0,0.0,0.0,3,0.0,1
amit ojhnson,name,+17016107865,phone,0.0,0.0,0.0,0.0,0,0.0,1
elena51,username,rajeshguptasite.com,domain,0.154,0.0,0.0,0.0,0,0.0,0
priyalabs.net,domain,+16461064505,phone,0.0,0.0,0.0,0.0,1,0.0,1
site_5777.com,domain,site_3726.com,domain,0.0,0.0,0.0,0.0,0,0.0,0
contact_5034@proton.me,email,user_4389,username,0.19,0.0,0.0,0.0,0,0.0,0
+919369099268,phone,lai ahmed,name,0.0,0.0,0.0,0.0,2,0.0,1
lisa_patel@outlook.com,email,lias_patel,username,0.9,0.0,0.0,0.0,2,0.0,1
site_899.com,domain,site_6153.com,domain,0.0,0.0,0.0,0.0,0,0.0,0
yukiwilliamssite.com,domain,lisa48@proton.me,email,0.0,0.0,0.0,0.0,0,0.0,0
site_7942.com,domain,+916800870236,phone,0.0,0.0,0.0,0.0,0,0.0,0
jane tanaka,name,amit williams,name,0.25,0.0,0.0,0.0,0,0.0,0
lisaa_hed,username,hacker_lbisa_ahmed,username,0.593,0.593,0.0,0.0,0,0.0,1
+917521726436,phone,alai42,username,0.105,0.0,0.0,0.0,2,0.0,1
fatimalabs.net,domain,fatima tnaaka,name,0.519,0.0,0.0,0.0,0,0.0,1
lsia@customlab.org,email,lisa_ahmed@proton.me,email,0.0,0.0,0.0,0.0,1,0.0,1
michael_sharma@yahoo.com,email,ken_gupta,username,0.261,0.0,0.0,0.0,0,0.0,0
site_4646.com,domain,contact_7294@gmail.com,email,0.0,0.0,0.0,0.0,0,0.0,0
lisa devi,name,+916415870912,phone,0.0,0.0,0.0,0.0,0,0.0,0
emily gupta,name,site_9104.com,domain,0.167,0.0,0.0,0.0,1,0.0,0
michael_tanaka@gmail.com,email,michaekl tanaka,name,0.897,0.0,0.0,0.0,2,0.0,1
michaelwilliamssite.com,domain,+918123425397,phone,0.0,0.0,0.0,0.0,0,0.0,0
hacker_rajesh97,username,fatim83,username,0.091,0.091,0.0,0.0,0,0.0,0
emilybrownsite.com,domain,john garcia,name,0.207,0.0,0.0,0.0,0,0.0,0
michael tanaka,name,fatima_patel@outlook.com,email,0.308,0.0,0.0,0.0,0,0.0,0
hacker_rajesh_gupta@rajeshsite.net,email,+15901077071,phone,0.0,0.0,0.0,0.0,1,0.0,1
john garcia,name,jane singh,name,0.286,0.0,0.0,0.0,0,0.0,0
+916234625988,phone,david singh,name,0.0,0.0,0.0,0.0,0,0.0,0
rahul doe,name,+916132119557,phone,0.0,0.0,0.0,0.0,0,0.0,0
rajeshguptasite.com,domain,rajesh_gupta@outlook.com,email,0.0,0.0,0.0,0.0,0,0.0,1
+919640160203,phone,jane@customlab.org,email,0.0,0.0,0.0,0.0,3,0.0,1
ken garcia,name,john15,username,0.125,0.0,0.0,0.0,0,0.0,0
carlos singh,name,user_7970,username,0.095,0.0,0.0,0.0,0,0.0,0
site_6153.com,domain,contact_7717@proton.me,email,0.0,0.0,0.0,0.0,0,0.0,0
michael sato,name,user_4523,username,0.095,0.0,0.0,0.0,0,0.0,0
johngarciasite.com,domain,+18397435820,phone,0.0,0.0,0.0,0.0,0,0.0,1
ken_gupta@outlook.com,email,sraa_smith,username,0.211,0.0,0.0,0.0,0,0.0,0
+919666362423,phone,fatim83,username,0.1,0.0,0.0,0.0,0,0.0,0
hacker_carlos_shara,username,carlos_sharma@hotmail.com,email,0.75,0.0,0.0,0.0,0,0.0,1
+916745931357,phone,ali khan,name,0.0,0.0,0.0,0.0,0,0.0,0
fatima83@outlook.com,email,priyasinghsite.com,domain,0.0,0.0,0.0,0.0,0,0.0,0
yuki_ahmed,username,yuki@customlab.org,email,0.571,0.0,0.0,0.0,1,0.0,1
rajesh khan,name,+917871714345,phone,0.0,0.0,0.0,0.0,0,0.0,0
elena dazvis,name,elena51@hotmail.com,email,0.526,0.0,0.0,0.0,1,0.0,1
rajeshmillersite.com,domain,+917684885731,phone,0.0,0.0,0.0,0.0,0,0.0,0
site_207.com,domain,+916744048794,phone,0.0,0.0,0.0,0.0,0,0.0,0
rajesh97@hotmail.com,email,+918475056187,phone,0.0,0.0,0.0,0.0,0,0.0,0
michael gupta,name,+916318745985,phone,0.0,0.0,0.0,0.0,0,0.0,0
yuki johnson,name,elena jones,name,0.348,0.0,0.0,0.0,0,0.0,0
user_5877,username,+916683564321,phone,0.091,0.0,0.0,0.0,0,0.0,0
priyawilliamssite.com,domain,+918687709408,phone,0.0,0.0,0.0,0.0,0,0.0,0
rajesh sato,name,priya garcia,name,0.348,0.0,0.0,0.0,0,0.0,0
site_3655.com,domain,+916660554526,phone,0.0,0.0,0.0,0.0,0,0.0,0
aliahmedsite.com,domain,+919310858477,phone,0.0,0.0,0.0,0.0,0,0.0,0
+919596703526,phone,priya39@gmail.com,email,0.0,0.0,0.0,0.0,0,0.0,0
+916504540858,phone,user_7447,username,0.182,0.0,0.0,0.0,0,0.0,0
yuki_wililams,username,hackre_yuki_williams,username,0.727,0.727,0.0,0.0,0,0.0,1
hacker_michael_tanaka,username,michaekl tanaka,name,0.722,0.0,0.0,0.0,2,0.0,1
+916442963720,phone,fatima johnson,name,0.0,0.0,0.0,0.0,0,0.0,0
+916079686171,phone,user_3891,username,0.182,0.0,0.0,0.0,0,0.0,0
priya_williams@yahoo.com,email,+918474818136,phone,0.0,0.0,0.0,0.0,0,0.0,0
sara smith,name,ananyakhansite.com,domain,0.357,0.0,0.0,0.0,0,0.0,0
contact_7850@hotmail.com,email,contact_2149@yahoo.com,email,0.0,0.0,0.0,0.0,0,0.0,0
user_9052,username,contact_8051@proton.me,email,0.286,0.0,0.0,0.0,0,0.0,0
contact_4048@outlook.com,email,user_5942,username,0.19,0.0,0.0,0.0,0,0.0,0
john garcia,name,david38@hotmail.com,email,0.222,0.0,0.0,0.0,0,0.0,0
ali ahmed,name,emilybrownsite.com,domain,0.222,0.0,0.0,0.0,0,0.0,0
site_7592.com,domain,lisa kumar,name,0.087,0.0,0.0,0.0,0,0.0,0
+917212115091,phone,hacker_rajesh_miller,username,0.0,0.0,0.0,0.0,0,0.0,1
yuki williams,name,fatim83,username,0.2,0.0,0.0,0.0,0,0.0,0
priya_williamscoder,username,+919254703979,phone,0.0,0.0,0.0,0.0,1,0.0,0
fatima_patel@outlook.com,email,rajeshsmithsite.com,domain,0.0,0.0,0.0,0.0,0,0.0,0
+919323536905,phone,rajeshmillersite.com,domain,0.0,0.0,0.0,0.0,0,0.0,0
contact_4503@outlook.com,email,michael martinez,name,0.143,0.0,0.0,0.0,0,0.0,0
elena@customlab.org,email,elena_tanaka,username,0.588,0.0,0.0,0.0,2,0.0,1
+918595924800,phone,elena_tanaka@outlook.com,email,0.0,0.0,0.0,0.0,0,0.0,0
+12746158661,phone,john_amhed,username,0.0,0.0,0.0,0.0,2,0.0,1
user_1416,username,+916293124167,phone,0.364,0.0,0.0,0.0,0,0.0,0
+919457189042,phone,ken_gupta,username,0.0,0.0,0.0,0.0,0,0.0,0
rajesh miller,name,yuki_ahmed@outlook.com,email,0.261,0.0,0.0,0.0,0,0.0,0
site_6127.com,domain,contact_2418@hotmail.com,email,0.0,0.0,0.0,0.0,0,0.0,0
sara smith,name,hacker_sara_smith,username,0.667,0.0,0.0,0.0,0,0.0,1
user_3913,username,user_6231,username,0.778,0.778,0.0,0.0,0,0.0,0
hacker_carlos_sharma,username,lisaahmedsite.com,domain,0.27,0.0,0.0,0.0,0,0.0,0
user_6829,username,+916306481349,phone,0.273,0.0,0.0,0.0,0,0.0,0
site_3337.com,domain,rahul miller,name,0.16,0.0,0.0,0.0,0,0.0,0
+917912548711,phone,janesinghsite.com,domain,0.0,0.0,0.0,0.0,0,0.0,0
user_1566,username,neha martinez,name,0.091,0.0,0.0,0.0,0,0.0,0
sara88,username,sara@customlab.org,email,0.8,0.0,0.0,0.0,2,0.0,1
+918209110951,phone,fatima devi,name,0.0,0.0,0.0,0.0,0,0.0,0
ali42@proton.me,email,rahul patel,name,0.25,0.0,0.0,0.0,0,0.0,0
hackerj_rahul77,username,rahul patel,name,0.538,0.0,0.0,0.0,0,0.0,1
user_3117,username,amit sharma,name,0.2,0.0,0.0,0.0,0,0.0,0
michaelwilliamssite.com,domain,+919582781625,phone,0.0,0.0,0.0,0.0,0,0.0,0
fatim83,username,sara_smith@hotmail.com,email,0.235,0.0,0.0,0.0,0,0.0,0
jane3@janesite.net,email,jane sato,name,0.571,0.0,0.0,0.0,0,0.0,1
david devi,name,user_7077,username,0.105,0.0,0.0,0.0,0,0.0,0
user_8447,username,ananya martinez,name,0.083,0.0,0.0,0.0,0,0.0,0
rajeshmartinezsite.com,domain,+917912548711,phone,0.0,0.0,0.0,0.0,0,0.0,0
user_7383,username,site_3525.com,domain,0.364,0.0,0.0,0.0,0,0.0,0
yuki_devi,username,michael_williams@proton.me,email,0.24,0.0,0.0,0.0,0,0.0,0
elenasatosite.com,domain,elnea35@elenasite.net,email,0.0,0.0,0.0,0.0,3,0.0,1
amit johnson,name,janesinghsite.com,domain,0.345,0.0,0.0,0.0,0,0.0,0
+12746158661,phone,john ahmed,name,0.0,0.0,0.0,0.0,2,0.0,1
ananyakhansite.com,domain,elena sato,name,0.357,0.0,0.0,0.0,0,0.0,0
kenjonessite.com,domain,ken37@yahoo.com,email,0.0,0.0,0.0,0.0,2,0.0,1
+918338710195,phone,lisa77@yahoo.com,email,0.0,0.0,0.0,0.0,0,0.0,0
michael_tanaka,username,+918475056187,phone,0.0,0.0,0.0,0.0,1,0.0,0
+917430387833,phone,kenjonessite.com,domain,0.0,0.0,0.0,0.0,0,0.0,0
+13061582067,phone,john15coder,username,0.174,0.0,0.0,0.0,0,0.0,1
hacker_michael_brown,username,hacker_mixchael_brown,username,0.976,0.976,0.0,0.0,0,0.0,1
+916653857733,phone,site_312.com,domain,0.0,0.0,0.0,0.0,0,0.0,0
lisaa_hed,username,lias_ahmed,username,0.737,0.737,0.0,0.0,1,0.0,1
+916339904793,phone,user_5713,username,0.182,0.0,0.0,0.0,0,0.0,0
user_1119,username,amit brown,name,0.105,0.0,0.0,0.0,0,0.0,0
john15@outlook.com,email,ali_ahmed,username,0.133,0.0,0.0,0.0,0,0.0,0
+919666362423,phone,michael sharma,name,0.0,0.0,0.0,0.0,3,0.0,1
user_6482,username,rahul khan,name,0.105,0.0,0.0,0.0,0,0.0,0
hacker_jane_johnson,username,jane_johnon,username,0.733,0.733,0.0,0.0,0,0.0,1
hacker_emily_brown,username,+919596703526,phone,0.0,0.0,0.0,0.0,0,0.0,0
emily_brown@yahoo.com,email,rajeshsinghsite.com,domain,0.0,0.0,0.0,0.0,0,0.0,0
sara miller,name,sara88@hotmail.com,email,0.471,0.0,0.0,0.0,0,0.0,1
+918183223644,phone,yuki_devi@outlook.com,email,0.0,0.0,0.0,0.0,0,0.0,0
michael sharma,name,+916357106968,phone,0.0,0.0,0.0,0.0,0,0.0,0
site_2485.com,domain,user_885,username,0.476,0.0,0.0,0.0,0,0.0,0
jane scato,name,jane sato,name,0.947,0.0,0.0,0.0,0,0.0,1
+918687709408,phone,lisa_ahed,username,0.0,0.0,0.0,0.0,0,0.0,1
user_8600,username,contact_3560@proton.me,email,0.286,0.0,0.0,0.0,0,0.0,0
site_7232.com,domain,user_2708,username,0.364,0.0,0.0,0.0,0,0.0,0
sarasmithsite.com,domain,carlos_sharma@hotmail.com,email,0.0,0.0,0.0,0.0,0,0.0,0
hacker_rajesh_gupta@rajeshsite.net,email,rajesh guta,name,0.467,0.0,0.0,0.0,1,0.0,1
+917684885731,phone,rajeshmillersite.com,domain,0.0,0.0,0.0,0.0,0,0.0,0
contact_6043@gmail.com,email,site_7939.com,domain,0.0,0.0,0.0,0.0,0,0.0,0
michael kumar,name,contact_3693@gmail.com,email,0.16,0.0,0.0,0.0,0,0.0,0
hacker_carlos_sharma,username,sara88,username,0.308,0.308,0.0,0.0,0,0.0,0
emily_brown@yahoo.com,email,rajeshsmithsite.com,domain,0.0,0.0,0.0,0.0,0,0.0,0
site_8352.com,domain,contact_5723@yahoo.com,email,0.0,0.0,0.0,0.0,0,0.0,0
ali ahmed,name,+918475056187,phone,0.0,0.0,0.0,0.0,0,0.0,0
lisaahmedsite.com,domain,+919289245144,phone,0.0,0.0,0.0,0.0,0,0.0,0
yuki brown,name,contact_267@gmail.com,email,0.19,0.0,0.0,0.0,0,0.0,0
lisa_patel@hotmail.com,email,+918733759412,phone,0.0,0.0,0.0,0.0,2,0.0,1
user_5266,username,site_8643.com,domain,0.364,0.0,0.0,0.0,0,0.0,0
kenjonessite.com,domain,hackerq_ken37,username,0.207,0.0,0.0,0.0,1,0.0,1
lisa garcia,name,+916352788158,phone,0.0,0.0,0.0,0.0,0,0.0,0
contact_3681@proton.me,email,+916153727332,phone,0.0,0.0,0.0,0.0,0,0.0,0
jane singh,name,john15,username,0.25,0.0,0.0,0.0,0,0.0,0
rajesh_miller@proton.me,email,rajesh_miller,username,1.0,0.0,0.0,1.0,1,0.0,1
+919323536905,phone,rajesh_singh,username,0.0,0.0,0.0,0.0,0,0.0,1
rajesh smith,name,rajeshkhansite.com,domain,0.6,0.0,0.0,0.0,0,0.0,0
michaelwilliamssite.com,domain,rajesh_miller,username,0.333,0.0,0.0,0.0,0,0.0,0
janejohnsonsite.com,domain,jane_johnson@janesite.net,email,0.0,0.0,0.0,0.0,0,0.0,1
+919376816771,phone,+919310858477,phone,0.0,0.0,0.0,0.0,0,0.0,0
michael_sharmacoder,username,michael_sharma,username,0.848,0.848,0.0,0.0,0,0.0,1
emily garcia,name,contact_1402@gmail.com,email,0.167,0.0,0.0,0.0,0,0.0,0
contact_7992@outlook.com,email,ken ahmed,name,0.095,0.0,0.0,0.0,0,0.0,0
user_553,username,site_5684.com,domain,0.381,0.0,0.0,0.0,1,0.0,0
yukiwilliamssite.com,domain,sraa_smith,username,0.267,0.0,0.0,0.0,0,0.0,0
rajesh68,username,hacker_john_ahmed,username,0.24,0.24,0.0,0.0,0,0.0,0
+919582781625,phone,ananya khan,name,0.0,0.0,0.0,0.0,0,0.0,0
david38@hotmail.com,email,yuki_devi@outlook.com,email,0.0,0.0,0.0,0.0,0,0.0,0
site_7244.com,domain,contact_6982@hotmail.com,email,0.0,0.0,0.0,0.0,0,0.0,0
rajesh smith,name,+918474818136,phone,0.0,0.0,0.0,0.0,0,0.0,0
+916194710816,phone,ken garcia,name,0.0,0.0,0.0,0.0,0,0.0,0
contact_804@outlook.com,email,lisa sato,name,0.2,0.0,0.0,0.0,0,0.0,0
michaelwilliamssite.com,domain,fatima devi,name,0.294,0.0,0.0,0.0,0,0.0,0
contact_1417@gmail.com,email,+916374356902,phone,0.0,0.0,0.0,0.0,0,0.0,0
yuki ahmed,name,yukilabs.net,domain,0.364,0.0,0.0,0.0,0,0.0,1
rajesh68,username,+917912548711,phone,0.095,0.0,0.0,0.0,0,0.0,0
user_3654,username,user_1852,username,0.667,0.667,0.0,0.0,0,0.0,0
site_4868.com,domain,user_4385,username,0.455,0.0,0.0,0.0,0,0.0,0
user_3864,username,contact_1302@proton.me,email,0.19,0.0,0.0,0.0,0,0.0,0
rajesh68@gmail.com,email,janesatosite.com,domain,0.0,0.0,0.0,0.0,0,0.0,0
fatimadevisite.com,domain,fatima edvi,name,0.414,0.0,0.0,0.0,2,0.0,1
rajeshmartinezsite.com,domain,kengarciasite.com,domain,0.0,0.0,0.0,0.0,0,0.0,0
jane_johnson,username,+918981347325,phone,0.0,0.0,0.0,0.0,0,0.0,0
+919032150374,phone,john_ahmed@hotmail.com,email,0.0,0.0,0.0,0.0,0,0.0,1
elena devi,name,robert sato,name,0.286,0.0,0.0,0.0,0,0.0,0
lisa_patle,username,kenjonessite.com,domain,0.231,0.0,0.0,0.0,0,0.0,0
hacker_priya76@priyasite.net,email,+918595924800,phone,0.0,0.0,0.0,0.0,1,0.0,1
priya smith,name,contact_8591@outlook.com,email,0.174,0.0,0.0,0.0,0,0.0,0
hacker_carlos_shara,username,+12299280777,phone,0.0,0.0,0.0,0.0,1,0.0,1
+919310858477,phone,rajesh miller,name,0.0,0.0,0.0,0.0,0,0.0,0
rajeshmillersite.com,domain,rajesh68c8oder,username,0.471,0.0,0.0,0.0,1,0.0,1
rajesh kumar,name,contact_7096@outlook.com,email,0.083,0.0,0.0,0.0,0,0.0,0
user_5877,username,contact_8445@yahoo.com,email,0.19,0.0,0.0,0.0,0,0.0,0
+919457189042,phone,+15394860710,phone,0.0,0.0,0.0,0.0,2,0.0,1
site_6011.com,domain,john davis,name,0.174,0.0,0.0,0.0,0,0.0,0
+916002744605,phone,user_5655,username,0.182,0.0,0.0,0.0,0,0.0,0
rahul77,username,hackerj_rahul77,username,0.636,0.636,0.0,0.0,0,0.0,1
+918687709408,phone,john garcia,name,0.0,0.0,0.0,0.0,0,0.0,0
hacker_john_ahmed,username,hcaker_john_ahmed,username,0.941,0.941,0.0,0.0,1,0.0,1
michaelg_borwn,username,hacker_michael_brown,username,0.706,0.706,0.0,0.0,0,0.0,1
site_6186.com,domain,site_4830.com,domain,0.0,0.0,0.0,0.0,0,0.0,0
rahul williams,name,site_8050.com,domain,0.148,0.0,0.0,0.0,0,0.0,0
calros_sharma,username,carloslabs.net,domain,0.444,0.0,0.0,0.0,2,0.0,1
+919582781625,phone,hacker_rajesh_gupta,username,0.0,0.0,0.0,0.0,0,0.0,0
hacker_michael_williams,username,michael_wirlliams,username,0.8,0.8,0.0,0.0,2,0.0,1
user_3588,username,ananya brown,name,0.095,0.0,0.0,0.0,0,0.0,0
+916290683026,phone,contact_959@outlook.com,email,0.0,0.0,0.0,0.0,0,0.0,0
user_3575,username,contact_8918@yahoo.com,email,0.095,0.0,0.0,0.0,0,0.0,0
+916801212830,phone,user_7815,username,0.182,0.0,0.0,0.0,0,0.0,0
contact_3423@gmail.com,email,carlos singh,name,0.25,0.0,0.0,0.0,0,0.0,0
rajesh miller,name,lisa_patel@hotmail.com,email,0.261,0.0,0.0,0.0,0,0.0,0
jane johnson,name,john15,username,0.444,0.0,0.0,0.0,0,0.0,0
rajeshmillersite.com,domain,rajesh64@yahoo.com,email,0.0,0.0,0.0,0.0,0,0.0,0
hacker_john_garcia,username,+918338710195,phone,0.0,0.0,0.0,0.0,0,0.0,0
contact_1402@gmail.com,email,user_657,username,0.1,0.0,0.0,0.0,0,0.0,0
amit@customlab.org,email,+17016107865,phone,0.0,0.0,0.0,0.0,0,0.0,1
amit sharma,name,user_2470,username,0.2,0.0,0.0,0.0,0,0.0,0
lisa_ahmed,username,lisa ahmed,name,0.5,0.0,0.0,0.0,0,0.0,1
+916652192187,phone,site_8999.com,domain,0.0,0.0,0.0,0.0,0,0.0,0
user_2756,username,ali johnson,name,0.1,0.0,0.0,0.0,0,0.0,0
david38@davidsite.net,email,david38,username,1.0,0.0,0.0,1.0,2,0.0,1
+916214554348,phone,+916166012568,phone,0.0,0.0,0.0,0.0,0,0.0,0
contact_6330@gmail.com,email,site_4533.com,domain,0.0,0.0,0.0,0.0,0,0.0,0
priya76@proton.me,email,priya singh,name,0.556,0.0,0.0,0.0,0,0.0,1
lisa khan,name,contact_9241@gmail.com,email,0.19,0.0,0.0,0.0,2,0.0,0
contact_2181@hotmail.com,email,site_6111.com,domain,0.0,0.0,0.0,0.0,0,0.0,0
michael_sharma@yahoo.com,email,amitjohnsonsite.com,domain,0.0,0.0,0.0,0.0,0,0.0,0
janejohnsonsite.com,domain,lisabrownsite.com,domain,0.0,0.0,0.0,0.0,0,0.0,0
site_2389.com,domain,site_5829.com,domain,0.0,0.0,0.0,0.0,0,0.0,0
+919387772934,phone,+919243258548,phone,0.0,0.0,0.0,0.0,0,0.0,0
michaekl tanaka,name,hacker_michael_tanhaka,username,0.703,0.0,0.0,0.0,2,0.0,1
+917327141441,phone,amit@customlab.org,email,0.0,0.0,0.0,0.0,1,0.0,1
site_7864.com,domain,+916101565276,phone,0.0,0.0,0.0,0.0,0,0.0,0
elena51,username,+919369099268,phone,0.1,0.0,0.0,0.0,0,0.0,0
hacker_lisa_ahmed,username,+918687709408,phone,0.0,0.0,0.0,0.0,1,0.0,1
rajesh gupta,name,jane_johnson@hotmail.com,email,0.25,0.0,0.0,0.0,0,0.0,0
+918474818136,phone,faitma70,username,0.095,0.0,0.0,0.0,0,0.0,0
rajesh_miller@rajeshsite.net,email,+15289047763,phone,0.0,0.0,0.0,0.0,0,0.0,1
yuki devi,name,+918981347325,phone,0.0,0.0,0.0,0.0,0,0.0,0
hacker_priya39,username,lisadevisite.com,domain,0.2,0.0,0.0,0.0,0,0.0,0
rahul77,username,priya williams,name,0.286,0.0,0.0,0.0,0,0.0,0
site_2925.com,domain,contact_7099@yahoo.com,email,0.0,0.0,0.0,0.0,0,0.0,0
+918733759412,phone,john_garcia@outlook.com,email,0.0,0.0,0.0,0.0,0,0.0,0
amit_johnson@outlook.com,email,+917265935870,phone,0.0,0.0,0.0,0.0,0,0.0,0
sarasmithsite.com,domain,elnea35,username,0.083,0.0,0.0,0.0,0,0.0,0
user_5461,username,contact_6348@yahoo.com,email,0.19,0.0,0.0,0.0,0,0.0,0
emily rown,name,emilybrownsite.com,domain,0.643,0.0,0.0,0.0,1,0.0,1
hacker_rajesh64,username,rajesh64@yahoo.com,email,0.696,0.0,0.0,0.0,3,0.0,1
site_2263.com,domain,contact_7310@proton.me,email,0.0,0.0,0.0,0.0,0,0.0,0
site_6153.com,domain,site_1167.com,domain,0.0,0.0,0.0,0.0,1,0.0,0
mihcael williams,name,michael_williams@proton.me,email,0.875,0.0,0.0,0.0,1,0.0,1
user_2987,username,ken smith,name,0.111,0.0,0.0,0.0,0,0.0,0
+916866335232,phone,site_636.com,domain,0.0,0.0,0.0,0.0,0,0.0,0
+919837615419,phone,lisa_ahmed,username,0.0,0.0,0.0,0.0,0,0.0,0
+916773680609,phone,user_4323,username,0.091,0.0,0.0,0.0,0,0.0,0
+18606001900,phone,hacker_elena35,username,0.0,0.0,0.0,0.0,1,0.0,1
+916445448155,phone,user_1447,username,0.273,0.0,0.0,0.0,0,0.0,0
+916267553479,phone,+916752816600,phone,0.0,0.0,0.0,0.0,0,0.0,0
+916369392285,phone,site_6309.com,domain,0.0,0.0,0.0,0.0,0,0.0,0
+917047187022,phone,+918318297467,phone,0.0,0.0,0.0,0.0,0,0.0,0
ananya jones,name,contact_1302@proton.me,email,0.167,0.0,0.0,0.0,0,0.0,0
john davis,name,user_5852,username,0.105,0.0,0.0,0.0,0,0.0,0
+916516685648,phone,robert johnson,name,0.0,0.0,0.0,0.0,0,0.0,0
lisa9,username,lisa@customlab.org,email,0.889,0.0,0.0,0.0,3,0.0,1
ken jones,name,jane singh,name,0.526,0.0,0.0,0.0,0,0.0,0
lisa_patel@outlook.com,email,david38@hotmail.com,email,0.0,0.0,0.0,0.0,0,0.0,0
yuki@customlab.org,email,hackr_yuki_ahmed,username,0.4,0.0,0.0,0.0,3,0.0,1
rajeshlabs.net,domain,rajsehs_ingh,username,0.538,0.0,0.0,0.0,1,0.0,1
hacker_jane_johnsno,username,jane_johnson,username,0.71,0.71,0.0,0.0,3,0.0,1
amit_johnson,username,amitjohnsonsite.com,domain,0.71,0.0,0.0,0.0,2,0.0,1
rajeshmartinezsite.com,domain,lisapatelsite.com,domain,0.0,0.0,0.0,0.0,1,0.0,0
+919582781625,phone,lisa_patle,username,0.0,0.0,0.0,0.0,0,0.0,0
hacker_amit_johson,username,+17016107865,phone,0.0,0.0,0.0,0.0,2,0.0,1
elena smith,name,user_6482,username,0.1,0.0,0.0,0.0,0,0.0,0
michael tanaka,name,michael_williams,username,0.533,0.0,0.0,0.0,0,0.0,0
user_5740,username,contact_6007@gmail.com,email,0.19,0.0,0.0,0.0,0,0.0,0
+916694836488,phone,contact_7473@proton.me,email,0.0,0.0,0.0,0.0,2,0.0,0
contact_8668@proton.me,email,contact_3560@proton.me,email,0.0,0.0,0.0,0.0,0,0.0,0
contact_2273@gmail.com,email,rajesh devi,name,0.087,0.0,0.0,0.0,0,0.0,0
lisa_patel@hotmail.com,email,lisapatelsite.com,domain,0.0,0.0,0.0,0.0,1,0.0,1
+15289047763,phone,rajesh_miller,username,0.0,0.0,0.0,0.0,0,0.0,1
site_5955.com,domain,site_6412.com,domain,0.0,0.0,0.0,0.0,1,0.0,0
hacker_john_garcia,username,+18397435820,phone,0.0,0.0,0.0,0.0,0,0.0,1
site_839.com,domain,site_2362.com,domain,0.0,0.0,0.0,0.0,0,0.0,0
elena1,username,elena51@hotmail.com,email,0.923,0.0,0.0,0.0,2,0.0,1
contact_9862@gmail.com,email,site_8992.com,domain,0.0,0.0,0.0,0.0,0,0.0,0
ken gupta,name,yukidevisite.com,domain,0.24,0.0,0.0,0.0,0,0.0,0
yuki ahmed,name,lisa brown,name,0.2,0.0,0.0,0.0,0,0.0,0
site_2088.com,domain,user_3427,username,0.364,0.0,0.0,0.0,0,0.0,0
elenatanakasite.com,domain,+917759419129,phone,0.0,0.0,0.0,0.0,0,0.0,0
+916828413924,phone,site_2422.com,domain,0.0,0.0,0.0,0.0,0,0.0,0
lisa77,username,davidsinghsite.com,domain,0.167,0.0,0.0,0.0,0,0.0,0
user_4128,username,site_4734.com,domain,0.364,0.0,0.0,0.0,0,0.0,0
user_5226,username,+916219594712,phone,0.182,0.0,0.0,0.0,0,0.0,0
ken gupta,name,rajesh_miller@proton.me,email,0.182,0.0,0.0,0.0,0,0.0,0
site_6500.com,domain,ken garcia,name,0.174,0.0,0.0,0.0,0,0.0,0
robert gupta,name,john kumar,name,0.273,0.0,0.0,0.0,0,0.0,0
contact_4799@gmail.com,email,site_5829.com,domain,0.0,0.0,0.0,0.0,0,0.0,0
rajesh martinez,name,rahul77,username,0.273,0.0,0.0,0.0,0,0.0,0
amitlabs.net,domain,amith_arma,username,0.455,0.0,0.0,0.0,3,0.0,1
+918475056187,phone,rajesh_miller,username,0.0,0.0,0.0,0.0,0,0.0,0
lisa gupta,name,+916743644835,phone,0.0,0.0,0.0,0.0,0,0.0,0
+918687709408,phone,michael_sharma@yahoo.com,email,0.0,0.0,0.0,0.0,0,0.0,0
+919243258548,phone,sarasmithsite.com,domain,0.0,0.0,0.0,0.0,0,0.0,0
site_4055.com,domain,ananya jones,name,0.08,0.0,0.0,0.0,0,0.0,0
+916177388496,phone,contact_6089@gmail.com,email,0.0,0.0,0.0,0.0,0,0.0,0
+917265935870,phone,+918475056187,phone,0.0,0.0,0.0,0.0,0,0.0,0
user_4451,username,site_4072.com,domain,0.364,0.0,0.0,0.0,0,0.0,0
+919596703526,phone,priya williams,name,0.0,0.0,0.0,0.0,0,0.0,0
+916349270675,phone,contact_3423@gmail.com,email,0.0,0.0,0.0,0.0,0,0.0,0
michael_brown@hotmail.com,email,hacker_michael_brown,username,0.788,0.0,0.0,0.0,2,0.0,1
contact_9234@proton.me,email,contact_3629@proton.me,email,0.0,0.0,0.0,0.0,0,0.0,0
contact_7310@proton.me,email,user_1553,username,0.19,0.0,0.0,0.0,0,0.0,0
hacker_jane_singh,username,hacker_carlos_sharma,username,0.595,0.595,0.0,0.0,0,0.0,0
+919310858477,phone,+917265935870,phone,0.0,0.0,0.0,0.0,0,0.0,0
yuki_williams@gmail.com,email,hacker_emily_brown,username,0.258,0.0,0.0,0.0,0,0.0,0
amit_johnson,username,ait_johnsondev.org,domain,0.733,0.0,0.0,0.0,0,0.0,1
contact_8741@yahoo.com,email,site_2844.com,domain,0.0,0.0,0.0,0.0,0,0.0,0
rajeshkhansite.com,domain,rajesh miller,name,0.387,0.0,0.0,0.0,0,0.0,0
_jane singh,name,jane_singh@gmail.com,email,0.857,0.0,0.0,0.0,2,0.0,1
saramillersite.com,domain,michaeltanakasite.com,domain,0.0,0.0,0.0,0.0,0,0.0,0
jane_johnson@hotmail.com,email,hacker_john_johnson,username,0.645,0.0,0.0,0.0,0,0.0,0
michael sharma,name,contact_8774@outlook.com,email,0.154,0.0,0.0,0.0,0,0.0,0
site_1146.com,domain,site_3319.com,domain,0.0,0.0,0.0,0.0,0,0.0,0
site_5274.com,domain,site_6996.com,domain,0.0,0.0,0.0,0.0,0,0.0,0
lisa brown,name,+919387772934,phone,0.0,0.0,0.0,0.0,0,0.0,1
site_9020.com,domain,contact_3530@hotmail.com,email,0.0,0.0,0.0,0.0,0,0.0,0
elena35@yahoo.com,email,michael_borwn,username,0.3,0.0,0.0,0.0,0,0.0,0
sara8l8,username,sara miller,name,0.444,0.0,0.0,0.0,1,0.0,1
user_8579,username,jane davis,name,0.211,0.0,0.0,0.0,0,0.0,0
site_4627.com,domain,site_4851.com,domain,0.0,0.0,0.0,0.0,1,0.0,0
+916102211280,phone,+916109199297,phone,0.0,0.0,0.0,0.0,1,0.0,0
sara davis,name,user_3913,username,0.211,0.0,0.0,0.0,0,0.0,0
fatimapatelsite.com,domain,hacker_fatima_patel,username,0.579,0.0,0.0,0.0,0,0.0,1
+918474818136,phone,john15@outlook.com,email,0.0,0.0,0.0,0.0,2,0.0,1
lisa_patel,username,hacke_rlisa_patel,username,0.741,0.741,0.0,0.0,0,0.0,1
site_3404.com,domain,contact_6934@gmail.com,email,0.0,0.0,0.0,0.0,0,0.0,0
user_4125,username,+916504540858,phone,0.182,0.0,0.0,0.0,0,0.0,0
david doe,name,+916166012568,phone,0.0,0.0,0.0,0.0,0,0.0,0
site_9144.com,domain,contact_5408@proton.me,email,0.0,0.0,0.0,0.0,0,0.0,0
amit jones,name,site_6319.com,domain,0.261,0.0,0.0,0.0,0,0.0,0
emily_brown@yahoo.com,email,emily_rbwon,username,0.818,0.0,0.0,0.0,0,0.0,1
calros_sharma,username,carlossharmasite.com,domain,0.667,0.0,0.0,0.0,0,0.0,1
jane williams,name,user_9095,username,0.091,0.0,0.0,0.0,0,0.0,0
michaelg_borwn,username,michael_brown@hotmail.com,email,0.889,0.0,0.0,0.0,2,0.0,1
fatima_patel,username,amit_sharma,username,0.348,0.348,0.0,0.0,0,0.0,0
rajeshsinghsite.com,domain,rajesh_singh@hotmail.com,email,0.0,0.0,0.0,0.0,2,0.0,1
user_5340,username,contact_1912@gmail.com,email,0.095,0.0,0.0,0.0,0,0.0,0
yuki miller,name,carlos miller,name,0.706,0.0,0.0,0.0,0,0.0,0
+916866989541,phone,user_1739,username,0.182,0.0,0.0,0.0,0,0.0,0
amit_sharma@proton.me,email,rajesh khan,name,0.364,0.0,0.0,0.0,0,0.0,0
+918475056187,phone,lisa devi,name,0.0,0.0,0.0,0.0,0,0.0,0
priya76@proton.me,email,david singh,name,0.111,0.0,0.0,0.0,0,0.0,0
site_7330.com,domain,site_926.com,domain,0.0,0.0,0.0,0.0,0,0.0,0
+918981347325,phone,hacker_emily_brown,username,0.0,0.0,0.0,0.0,0,0.0,0
+916758420212,phone,+916776546537,phone,0.0,0.0,0.0,0.0,0,0.0,0
+916293124167,phone,site_6362.com,domain,0.0,0.0,0.0,0.0,0,0.0,0
contact_6348@yahoo.com,email,+916025362801,phone,0.0,0.0,0.0,0.0,0,0.0,0
contact_1889@yahoo.com,email,contact_4926@gmail.com,email,0.0,0.0,0.0,0.0,0,0.0,0
ali42@proton.me,email,rahulpatelsite.com,domain,0.0,0.0,0.0,0.0,0,0.0,0
yukiwilliamssite.com,domain,elena tanaka,name,0.188,0.0,0.0,0.0,0,0.0,0
hacker_carlos_sharma,username,carlos_sharma,username,0.788,0.788,0.0,0.0,1,0.0,1
site_9161.com,domain,user_9068,username,0.455,0.0,0.0,0.0,0,0.0,0
rajesh_singh@hotmail.com,email,lisa92@gmail.com,email,0.0,0.0,0.0,0.0,0,0.0,0
contact_8934@outlook.com,email,site_1714.com,domain,0.0,0.0,0.0,0.0,0,0.0,0
fatim83,username,+918474818136,phone,0.2,0.0,0.0,0.0,0,0.0,0
rajesh@customlab.org,email,rajeshlabs.net,domain,0.0,0.0,0.0,0.0,0,0.0,1
amit_johnson,username,hacker_amit_johson,username,0.733,0.733,0.0,0.0,3,0.0,1
+917912548711,phone,fatima_patel@outlook.com,email,0.0,0.0,0.0,0.0,0,0.0,0
lisa devi,name,hacker_elena_tanaka,username,0.214,0.0,0.0,0.0,0,0.0,0
contact_7143@yahoo.com,email,user_5340,username,0.19,0.0,0.0,0.0,0,0.0,0
site_7588.com,domain,rajesh gupta,name,0.16,0.0,0.0,0.0,0,0.0,0
ali kumar,name,+14813245789,phone,0.0,0.0,0.0,0.0,1,0.0,1
elena tanaka,name,yuki_devi@outlook.com,email,0.095,0.0,0.0,0.0,0,0.0,0
hacker_lisa77,username,hacker_lias77,username,0.923,0.923,0.0,0.0,1,0.0,1
sara smith,name,lisa_ahmed@proton.me,email,0.4,0.0,0.0,0.0,0,0.0,0
rajeshguptasite.com,domain,rajesh_gupt5a,username,0.688,0.0,0.0,0.0,1,0.0,1
yuki williams,name,jane sato,name,0.182,0.0,0.0,0.0,0,0.0,0
rajesh gupta,name,sara88@hotmail.com,email,0.333,0.0,0.0,0.0,0,0.0,0
rajesh martinez,name,amitjohnsonsite.com,domain,0.235,0.0,0.0,0.0,0,0.0,0
user_9766,username,site_4002.com,domain,0.273,0.0,0.0,0.0,0,0.0,0
johnlabs.net,domain,john gacia,name,0.364,0.0,0.0,0.0,1,0.0,1
+916553376752,phone,robert johnson,name,0.0,0.0,0.0,0.0,0,0.0,0
michael_borwn,username,michaellabs.net,domain,0.643,0.0,0.0,0.0,2,0.0,1
site_3826.com,domain,elena ahmed,name,0.083,0.0,0.0,0.0,0,0.0,0
lisa9,username,emily brown,name,0.125,0.0,0.0,0.0,0,0.0,0
elena35@yahoo.com,email,lisa77,username,0.308,0.0,0.0,0.0,0,0.0,0
rajesh@customlab.org,email,+917185643633,phone,0.0,0.0,0.0,0.0,2,0.0,1
hacker_john_ahmed,username,janejohnsonsite.com,domain,0.389,0.0,0.0,0.0,2,0.0,0
alikumarsite.com,domain,alai42,username,0.364,0.0,0.0,0.0,0,0.0,1
sara88,username,johngarciasite.com,domain,0.25,0.0,0.0,0.0,0,0.0,0
contact_5221@hotmail.com,email,+916137029008,phone,0.0,0.0,0.0,0.0,0,0.0,0
+13982850421,phone,ali_ahmedcoder,username,0.0,0.0,0.0,0.0,0,0.0,1
ken garcia,name,hacker_rajesh64,username,0.32,0.0,0.0,0.0,0,0.0,0
+919457189042,phone,michael_borwn,username,0.0,0.0,0.0,0.0,1,0.0,1
site_7561.com,domain,+916697218394,phone,0.0,0.0,0.0,0.0,0,0.0,0
priya williams,name,john ahmed,name,0.167,0.0,0.0,0.0,0,0.0,0
ken_gupta@outlook.com,email,ken_gupta,username,1.0,0.0,0.0,1.0,0,0.0,1
site_874.com,domain,site_6111.com,domain,0.0,0.0,0.0,0.0,0,0.0,0
site_3399.com,domain,contact_9066@outlook.com,email,0.0,0.0,0.0,0.0,0,0.0,0
+917185643633,phone,michael_williams@proton.me,email,0.0,0.0,0.0,0.0,0,0.0,0
lisa ahmed,name,+919254703979,phone,0.0,0.0,0.0,0.0,0,0.0,0
robert sharma,name,+916778153880,phone,0.0,0.0,0.0,0.0,0,0.0,0
david jones,name,+916513898037,phone,0.0,0.0,0.0,0.0,0,0.0,0
+917336835980,phone,hacker_elena_tanaka,username,0.0,0.0,0.0,0.0,0,0.0,0
fatimatanakasite.com,domain,+919376816771,phone,0.0,0.0,0.0,0.0,0,0.0,0
site_2676.com,domain,contact_867@proton.me,email,0.0,0.0,0.0,0.0,0,0.0,0
ali42coder,username,john garcia,name,0.286,0.0,0.0,0.0,0,0.0,0
contact_8279@outlook.com,email,site_568.com,domain,0.0,0.0,0.0,0.0,0,0.0,0
rajeshlabs.net,domain,rajesh singh,name,0.615,0.0,0.0,0.0,0,0.0,1
contact_6127@gmail.com,email,user_134,username,0.2,0.0,0.0,0.0,0,0.0,0
ken80@gmail.com,email,ananyakhan,username,0.267,0.0,0.0,0.0,0,0.0,0
site_2983.com,domain,+916821109185,phone,0.0,0.0,0.0,0.0,0,0.0,0
priya_williamscoder,username,michaelbrownsite.com,domain,0.308,0.0,0.0,0.0,1,0.0,0
fatima patel,name,fatima_patel,username,0.917,0.0,0.0,0.0,0,0.0,1
+918183223644,phone,rajesh smith,name,0.0,0.0,0.0,0.0,0,0.0,0
priya singh,name,priya sinmgh,name,0.957,0.0,0.0,0.0,1,0.0,1
lisadevisite.com,domain,lisa_patel@outlook.com,email,0.0,0.0,0.0,0.0,1,0.0,0
site_1701.com,domain,site_9247.com,domain,0.0,0.0,0.0,0.0,0,0.0,0
lisa92@gmail.com,email,jane35@gmail.com,email,0.0,0.0,0.0,0.0,0,0.0,0
priya76@proton.me,email,michaelbrownsite.com,domain,0.0,0.0,0.0,0.0,0,0.0,0
alikumarsite.com,domain,lisatanakasite.com,domain,0.0,0.0,0.0,0.0,0,0.0,0
site_895.com,domain,user_1790,username,0.381,0.0,0.0,0.0,0,0.0,0
contact_7656@hotmail.com,email,priya brown,name,0.261,0.0,0.0,0.0,0,0.0,0
site_4900.com,domain,contact_9825@hotmail.com,email,0.0,0.0,0.0,0.0,1,0.0,0
user_3739,username,david brown,name,0.1,0.0,0.0,0.0,0,0.0,0
david38@hotmail.com,email,davidlabs.net,domain,0.0,0.0,0.0,0.0,0,0.0,1
priya_williamscoder,username,priya_williams@yahoo.com,email,0.848,0.0,0.0,0.0,0,0.0,1
michaelwilliamssite.com,domain,+919596703526,phone,0.0,0.0,0.0,0.0,1,0.0,0
jken80,username,priya_williamscoder,username,0.08,0.08,0.0,0.0,0,0.0,0
rajeshguptasite.com,domain,+917185643633,phone,0.0,0.0,0.0,0.0,0,0.0,0
fatimadevisite.com,domain,emily_brown@yahoo.com,email,0.0,0.0,0.0,0.0,0,0.0,0
site_7704.com,domain,contact_5325@hotmail.com,email,0.0,0.0,0.0,0.0,0,0.0,0
+12389198026,phone,lisa_patle,username,0.0,0.0,0.0,0.0,1,0.0,1
lisa brown,name,lisa77dev.org,domain,0.348,0.0,0.0,0.0,1,0.0,1
site_719.com,domain,contact_7095@yahoo.com,email,0.0,0.0,0.0,0.0,0,0.0,0
yukiahmedsite.com,domain,jane_johnson@hotmail.com,email,0.0,0.0,0.0,0.0,0,0.0,0
fatima83@outlook.com,email,yukidevisite.com,domain,0.0,0.0,0.0,0.0,0,0.0,0
ananya khan,name,+918123425397,phone,0.0,0.0,0.0,0.0,0,0.0,1
user_5245,username,yuki gupta,name,0.105,0.0,0.0,0.0,0,0.0,0
user_2181,username,+916461242670,phone,0.182,0.0,0.0,0.0,0,0.0,0
contact_5352@yahoo.com,email,site_8273.com,domain,0.0,0.0,0.0,0.0,0,0.0,0
+916101168783,phone,+916129510958,phone,0.0,0.0,0.0,0.0,0,0.0,0
priya_williamscoder,username,pria williams,name,0.75,0.0,0.0,0.0,1,0.0,1
+916192588901,phone,user_687,username,0.19,0.0,0.0,0.0,0,0.0,0
kengarciasite.com,domain,priya_williams@yahoo.com,email,0.0,0.0,0.0,0.0,0,0.0,0
hacker_jane_singh,username,ali_ahmed,username,0.308,0.308,0.0,0.0,0,0.0,0
site_9782.com,domain,john singh,name,0.174,0.0,0.0,0.0,0,0.0,0
michael_tanaka@gmail.com,email,+919804281916,phone,0.0,0.0,0.0,0.0,2,0.0,1
david38,username,davidlabs.net,domain,0.5,0.0,0.0,0.0,0,0.0,1
hacker_john_garcia@johnsite.net,email,john_garica,username,0.69,0.0,0.0,0.0,0,0.0,1
+916375391575,phone,+916251167740,phone,0.0,0.0,0.0,0.0,0,0.0,0
johngarciasite.com,domain,john_garcia,username,0.69,0.0,0.0,0.0,0,0.0,1
rajesh_guptaa,username,rajeshlabs.net,domain,0.519,0.0,0.0,0.0,0,0.0,1
lisa77@yahoo.com,email,fatimatanakasite.com,domain,0.0,0.0,0.0,0.0,0,0.0,0
+918475056187,phone,lisa ahmed,name,0.0,0.0,0.0,0.0,0,0.0,0
lisa_patel,username,ilsa patel,name,0.8,0.0,0.0,0.0,1,0.0,1
user_2885,username,sara devi,name,0.222,0.0,0.0,0.0,0,0.0,0
elnea35,username,+919289245144,phone,0.1,0.0,0.0,0.0,0,0.0,0
ken garcia,name,johnahmedsite.com,domain,0.222,0.0,0.0,0.0,0,0.0,0
hacker_lisa_ahmed,username,lisa ahmed,name,0.444,0.0,0.0,0.0,0,0.0,1
michael_brown,username,michaellabs.net,domain,0.643,0.0,0.0,0.0,1,0.0,1
+916067635098,phone,site_5061.com,domain,0.0,0.0,0.0,0.0,0,0.0,0
aliahmedsite.com,domain,priya76@proton.me,email,0.0,0.0,0.0,0.0,0,0.0,0
jane_johnson@janesite.net,email,jane_johnson@hotmail.com,email,0.0,0.0,0.0,0.0,0,0.0,1
rahul sharma,name,contact_4790@yahoo.com,email,0.083,0.0,0.0,0.0,0,0.0,0
contact_3659@gmail.com,email,site_3064.com,domain,0.0,0.0,0.0,0.0,0,0.0,0
+919310858477,phone,hacker_priya39,username,0.074,0.0,0.0,0.0,0,0.0,0
john johnson,name,+919310858477,phone,0.0,0.0,0.0,0.0,0,0.0,0
elenadavissite.com,domain,rajesh_martinez@yahoo.com,email,0.0,0.0,0.0,0.0,0,0.0,0
+919733959353,phone,yuki_wililams,username,0.0,0.0,0.0,0.0,0,0.0,0
+916185188647,phone,user_5127,username,0.273,0.0,0.0,0.0,0,0.0,0
+917327141441,phone,ait_jlohnson,username,0.0,0.0,0.0,0.0,0,0.0,1
miqchael_willias,username,hacker_michael_williams,username,0.769,0.769,0.0,0.0,2,0.0,1
site_2820.com,domain,contact_9206@outlook.com,email,0.0,0.0,0.0,0.0,0,0.0,0
user_7796,username,rahul garcia,name,0.095,0.0,0.0,0.0,0,0.0,0
fatimadevisite.com,domain,ken_gupta,username,0.148,0.0,0.0,0.0,0,0.0,0
lisa92@gmail.com,email,ananya_khan@proton.me,email,0.0,0.0,0.0,0.0,0,0.0,0
elena51@elenasite.net,email,elena davis,name,0.556,0.0,0.0,0.0,2,0.0,1
lisabrownsite.com,domain,lisa770,username,0.333,0.0,0.0,0.0,1,0.0,1
+918981347325,phone,rajeshsinghsite.com,domain,0.0,0.0,0.0,0.0,0,0.0,0
contact_8423@hotmail.com,email,user_6816,username,0.19,0.0,0.0,0.0,0,0.0,0
+917107621714,phone,amit_sharma@proton.me,email,0.0,0.0,0.0,0.0,0,0.0,0
contact_2807@gmail.com,email,site_8502.com,domain,0.0,0.0,0.0,0.0,0,0.0,0
priya_williams@yahoo.com,email,priya_williamscoder@priyasite.net,email,0.0,0.0,0.0,0.0,1,0.0,1
+919582781625,phone,jane_johnson@janesite.net,email,0.0,0.0,0.0,0.0,0,0.0,1
site_9981.com,domain,contact_1402@gmail.com,email,0.0,0.0,0.0,0.0,0,0.0,0
johnsmithsite.com,domain,fatimapatelsite.com,domain,0.0,0.0,0.0,0.0,0,0.0,0
yukiahmedsite.com,domain,+919733959353,phone,0.0,0.0,0.0,0.0,1,0.0,0
jken80,username,jken08,username,0.833,0.833,0.0,0.0,1,0.0,1
rajesh_martinez@rajeshsite.net,email,rajesh_martine,username,0.966,0.0,0.0,0.0,2,0.0,1
+916752500217,phone,sara devi,name,0.0,0.0,0.0,0.0,0,0.0,0
site_5421.com,domain,contact_8188@hotmail.com,email,0.0,0.0,0.0,0.0,0,0.0,0
rahul johnson,name,site_4450.com,domain,0.154,0.0,0.0,0.0,0,0.0,0
contact_8445@yahoo.com,email,ananya doe,name,0.182,0.0,0.0,0.0,0,0.0,0
emily singh,name,rajesh garcia,name,0.333,0.0,0.0,0.0,0,0.0,0
elena35@yahoo.com,email,yuki ahmed,name,0.118,0.0,0.0,0.0,0,0.0,0
amit tanaka,name,user_5208,username,0.0,0.0,0.0,0.0,0,0.0,0
john johnson,name,sarasmithsite.com,domain,0.207,0.0,0.0,0.0,0,0.0,0
contact_6821@outlook.com,email,user_8138,username,0.286,0.0,0.0,0.0,0,0.0,0
+919952958729,phone,jken80,username,0.105,0.0,0.0,0.0,0,0.0,0
+917871714345,phone,lisa_patel@hotmail.com,email,0.0,0.0,0.0,0.0,0,0.0,0
site_7542.com,domain,contact_714@outlook.com,email,0.0,0.0,0.0,0.0,0,0.0,0
rajesh68@gmail.com,email,fatima70@hotmail.com,email,0.0,0.0,0.0,0.0,0,0.0,0
yuki_ahmed,username,rajeshkhansite.com,domain,0.214,0.0,0.0,0.0,0,0.0,0
contact_4584@outlook.com,email,site_7100.com,domain,0.0,0.0,0.0,0.0,0,0.0,0
priyawilliamssite.com,domain,rajesh_miller,username,0.353,0.0,0.0,0.0,0,0.0,0
+919596703526,phone,fatima@customlab.org,email,0.0,0.0,0.0,0.0,2,0.0,1
sara sato,name,user_3410,username,0.222,0.0,0.0,0.0,0,0.0,0
rajesh miller,name,+919457189042,phone,0.0,0.0,0.0,0.0,0,0.0,0
+14813245789,phone,alai42,username,0.222,0.0,0.0,0.0,1,0.0,1
ken3,username,priyabrownsite.com,domain,0.091,0.0,0.0,0.0,0,0.0,0
rajesh khan,name,ali williams,name,0.348,0.0,0.0,0.0,0,0.0,0
rajeshsmithsite.com,domain,+919640160203,phone,0.0,0.0,0.0,0.0,0,0.0,0
hacker_lisa_patel,username,lisapatelsite.com,domain,0.529,0.0,0.0,0.0,3,0.0,1
jane_singh@gmail.com,email,amit johnson,name,0.364,0.0,0.0,0.0,0,0.0,0
yuki devi,name,lisa patel,name,0.211,0.0,0.0,0.0,1,0.0,0
elena sato,name,contact_566@yahoo.com,email,0.286,0.0,0.0,0.0,0,0.0,0
michael_sharma@yahoo.com,email,michael_shaxrma,username,0.966,0.0,0.0,0.0,1,0.0,1
jken80,username,+919376816771,phone,0.105,0.0,0.0,0.0,0,0.0,0
+17175203672,phone,+919994107253,phone,0.0,0.0,0.0,0.0,0,0.0,1
user_2470,username,site_2569.com,domain,0.364,0.0,0.0,0.0,0,0.0,0
ilsa@customlab.org,email,hacker_lisa48,username,0.353,0.0,0.0,0.0,0,0.0,1
+918981347325,phone,hacker_rajesh64@rajeshsite.net,email,0.0,0.0,0.0,0.0,1,0.0,1
lisaahmedsite.com,domain,hacker_elena_tanaka,username,0.167,0.0,0.0,0.0,0,0.0,0
+919457189042,phone,lisa48@proton.me,email,0.0,0.0,0.0,0.0,0,0.0,0
john sato,name,user_4331,username,0.111,0.0,0.0,0.0,0,0.0,0
lisa92@gmail.com,email,lisa devi,name,0.533,0.0,0.0,0.0,0,0.0,0
priya_williams@yahoo.com,email,priya williams,name,0.929,0.0,0.0,0.0,2,0.0,1
site_2563.com,domain,contact_2784@outlook.com,email,0.0,0.0,0.0,0.0,0,0.0,0
ohn smith,name,john15@outlook.com,email,0.4,0.0,0.0,0.0,0,0.0,1
carlossharmasite.com,domain,lisa77,username,0.231,0.0,0.0,0.0,0,0.0,0
david38@hotmail.com,email,kengarciasite.com,domain,0.0,0.0,0.0,0.0,0,0.0,0
+916615138268,phone,user_8010,username,0.091,0.0,0.0,0.0,0,0.0,0
rajesh gupta,name,john smith,name,0.273,0.0,0.0,0.0,0,0.0,0
rajesh68,username,michael_williams,username,0.25,0.25,0.0,0.0,0,0.0,0
michael sharma,name,hacker_john_garcia,username,0.438,0.0,0.0,0.0,0,0.0,0
+916030539735,phone,contact_5910@outlook.com,email,0.0,0.0,0.0,0.0,0,0.0,0
david38@davidsite.net,email,dvaid singh,name,0.444,0.0,0.0,0.0,0,0.0,1
ananya_khan@proton.me,email,ananyakhandev.org,domain,0.0,0.0,0.0,0.0,2,0.0,1
contact_2915@hotmail.com,email,site_1731.com,domain,0.0,0.0,0.0,0.0,0,0.0,0
elenatanakasite.com,domain,hacker_elena_tanaka,username,0.579,0.0,0.0,0.0,1,0.0,1
contact_5316@gmail.com,email,+916697218394,phone,0.0,0.0,0.0,0.0,0,0.0,0
+916811795448,phone,user_6800,username,0.182,0.0,0.0,0.0,0,0.0,0
rajesh johnson,name,michael ahmed,name,0.296,0.0,0.0,0.0,0,0.0,0
sara88,username,johnahmedsite.com,domain,0.087,0.0,0.0,0.0,0,0.0,0
+12746158661,phone,john_ahmed,username,0.0,0.0,0.0,0.0,3,0.0,1
+916064047792,phone,contact_6007@gmail.com,email,0.0,0.0,0.0,0.0,1,0.0,0
priyawilliamssite.com,domain,+919952958729,phone,0.0,0.0,0.0,0.0,0,0.0,0
site_4452.com,domain,ali tanaka,name,0.174,0.0,0.0,0.0,0,0.0,0
yuki_williams@gmail.com,email,+919376816771,phone,0.0,0.0,0.0,0.0,0,0.0,0
lisapatelsite.com,domain,rajesh_miller@proton.me,email,0.0,0.0,0.0,0.0,0,0.0,0
ali ahmed,name,+918687709408,phone,0.0,0.0,0.0,0.0,0,0.0,0
+916445253942,phone,+916131372127,phone,0.0,0.0,0.0,0.0,0,0.0,0
amit_sharma@amitsite.net,email,amitsharmasite.com,domain,0.0,0.0,0.0,0.0,0,0.0,1
miqchael_willias,username,michael_wirlliams,username,0.909,0.909,0.0,0.0,1,0.0,1
+917047187022,phone,hackr_priya39,username,0.077,0.0,0.0,0.0,0,0.0,1
user_3891,username,user_6714,username,0.667,0.667,0.0,0.0,0,0.0,0
+916660554526,phone,rahul devi,name,0.0,0.0,0.0,0.0,0,0.0,0
rajesh68@rajeshsite.net,email,rajeshlabs.net,domain,0.0,0.0,0.0,0.0,2,0.0,1
ken37@yahoo.com,email,+917336835980,phone,0.0,0.0,0.0,0.0,0,0.0,0
+916722945405,phone,user_3083,username,0.091,0.0,0.0,0.0,0,0.0,0
john_garcia@outlook.com,email,john garcia,name,0.545,0.0,0.0,0.0,1,0.0,1
lisa ahmed,name,+919323536905,phone,0.0,0.0,0.0,0.0,0,0.0,0
lisa48@proton.me,email,lisa92@gmail.com,email,0.0,0.0,0.0,0.0,1,0.0,0
rahul tanaka,name,contact_6998@outlook.com,email,0.167,0.0,0.0,0.0,0,0.0,0
emily brown,name,+917871714345,phone,0.0,0.0,0.0,0.0,0,0.0,0
site_2665.com,domain,+916666141412,phone,0.0,0.0,0.0,0.0,0,0.0,0
ananyakhan,username,yukiahmedsite.com,domain,0.222,0.0,0.0,0.0,0,0.0,0
+919837615419,phone,+917684885731,phone,0.0,0.0,0.0,0.0,0,0.0,0
lisa martinez,name,contact_7717@proton.me,email,0.16,0.0,0.0,0.0,0,0.0,0
ali_ahmed,username,rajesh gupta,name,0.286,0.0,0.0,0.0,0,0.0,0
contact_965@gmail.com,email,site_6908.com,domain,0.0,0.0,0.0,0.0,1,0.0,0
+916290683026,phone,site_7798.com,domain,0.0,0.0,0.0,0.0,0,0.0,0
rajesh68,username,michaelsharmasite.com,domain,0.276,0.0,0.0,0.0,0,0.0,0
+916643669409,phone,user_6121,username,0.091,0.0,0.0,0.0,0,0.0,0
lisa davis,name,user_3809,username,0.105,0.0,0.0,0.0,0,0.0,0
fatimatanakasite.com,domain,+919994107253,phone,0.0,0.0,0.0,0.0,2,0.0,1
+916639333838,phone,contact_8445@yahoo.com,email,0.0,0.0,0.0,0.0,0,0.0,0
robert smith,name,+916161254547,phone,0.0,0.0,0.0,0.0,0,0.0,0
michael_sharmacoder@michaelsite.net,email,michael sharma,name,0.788,0.0,0.0,0.0,1,0.0,1
+918183223644,phone,rajesh miller,name,0.0,0.0,0.0,0.0,0,0.0,0
contact_2072@outlook.com,email,contact_1783@gmail.com,email,0.0,0.0,0.0,0.0,0,0.0,0
hacke_rlisa_patel,username,lisalabs.net,domain,0.414,0.0,0.0,0.0,0,0.0,1
elena sharma,name,+916722945405,phone,0.0,0.0,0.0,0.0,0,0.0,0
+916676636127,phone,user_3081,username,0.182,0.0,0.0,0.0,0,0.0,0
fatima_patel,username,lisa brown,name,0.182,0.0,0.0,0.0,0,0.0,0
michaelsharmasite.com,domain,michael_sharma,username,0.743,0.0,0.0,0.0,2,0.0,1
lisa devi,name,lisa48@proton.me,email,0.533,0.0,0.0,0.0,0,0.0,1
+918318297467,phone,rajesh_gupta@outlook.com,email,0.0,0.0,0.0,0.0,0,0.0,0
site_1046.com,domain,contact_758@gmail.com,email,0.0,0.0,0.0,0.0,1,0.0,0
rahul77,username,+918963267690,phone,0.1,0.0,0.0,0.0,1,0.0,1
site_7670.com,domain,contact_5777@outlook.com,email,0.0,0.0,0.0,0.0,0,0.0,0
rajesh smith,name,fatima devi,name,0.261,0.0,0.0,0.0,0,0.0,0
contact_1017@gmail.com,email,site_6774.com,domain,0.0,0.0,0.0,0.0,0,0.0,0
+917684885731,phone,john johnson,name,0.0,0.0,0.0,0.0,0,0.0,0
hacker_ken_gupta,username,ken_gupta,username,0.72,0.72,0.0,0.0,0,0.0,1
neha martinez,name,site_1251.com,domain,0.154,0.0,0.0,0.0,0,0.0,0
fatima70@hotmail.com,email,rajesh smith,name,0.2,0.0,0.0,0.0,0,0.0,0
michael_williamsdev.org,domain,michael williams,name,0.769,0.0,0.0,0.0,2,0.0,1
neha williams,name,user_3323,username,0.091,0.0,0.0,0.0,0,0.0,0
michael_tanaka@gmail.com,email,yuki ahmed,name,0.25,0.0,0.0,0.0,0,0.0,0
sraa_smithdev.org,domain,+918183223644,phone,0.0,0.0,0.0,0.0,0,0.0,1
fatima_patel@outlook.com,email,+919457189042,phone,0.0,0.0,0.0,0.0,0,0.0,0
contact_268@outlook.com,email,contact_4503@outlook.com,email,0.0,0.0,0.0,0.0,0,0.0,0
fatimapatelsite.com,domain,michael_sharmacoder,username,0.368,0.0,0.0,0.0,0,0.0,0
+919582781625,phone,jane_johnon,username,0.0,0.0,0.0,0.0,0,0.0,1
elena jones,name,contact_1480@proton.me,email,0.174,0.0,0.0,0.0,0,0.0,0
yuki johnson,name,user_6710,username,0.095,0.0,0.0,0.0,0,0.0,0
sara88dev.org,domain,asra88,username,0.526,0.0,0.0,0.0,0,0.0,1
fatima devi,name,yuki_ahmed@outlook.com,email,0.286,0.0,0.0,0.0,0,0.0,0
yuki williams,name,+919323536905,phone,0.0,0.0,0.0,0.0,0,0.0,0
elena35,username,hacker_elena355,username,0.636,0.636,0.0,0.0,2,0.0,1
+14968697564,phone,+917107621714,phone,0.0,0.0,0.0,0.0,2,0.0,1
david38@davidsite.net,email,davidsinghsite.com,domain,0.0,0.0,0.0,0.0,2,0.0,1
johnsmithsite.com,domain,john@customlab.org,email,0.0,0.0,0.0,0.0,0,0.0,1
yuki_wililams,username,yuki_williams,username,0.923,0.923,0.0,0.0,2,0.0,1
yukiahmedsite.com,domain,lisabrownsite.com,domain,0.0,0.0,0.0,0.0,0,0.0,0
user_2348,username,contact_9995@proton.me,email,0.095,0.0,0.0,0.0,0,0.0,0
sara88,username,davidsinghsite.com,domain,0.083,0.0,0.0,0.0,0,0.0,0
lisa taanka,name,lisa tanaka,name,0.909,0.0,0.0,0.0,2,0.0,1
+918981347325,phone,+917658170004,phone,0.0,0.0,0.0,0.0,0,0.0,0
jnae3,username,jane sato,name,0.429,0.0,0.0,0.0,0,0.0,1
+13491643388,phone,arjesh64,username,0.2,0.0,0.0,0.0,0,0.0,1
+918687709408,phone,+918733759412,phone,0.0,0.0,0.0,0.0,0,0.0,0
+919804281916,phone,+919457189042,phone,0.0,0.0,0.0,0.0,0,0.0,0
emily khan,name,fatima sato,name,0.286,0.0,0.0,0.0,0,0.0,0
+16517035482,phone,yuki_wililams,username,0.0,0.0,0.0,0.0,0,0.0,1
+917047187022,phone,sara_smith@hotmail.com,email,0.0,0.0,0.0,0.0,0,0.0,0
ken80@gmail.com,email,+919376816771,phone,0.0,0.0,0.0,0.0,0,0.0,0
priyabrownsite.com,domain,lisa devi,name,0.148,0.0,0.0,0.0,0,0.0,0
user_2470,username,site_5294.com,domain,0.455,0.0,0.0,0.0,0,0.0,0
fatima_patel@outlook.com,email,janesinghsite.com,domain,0.0,0.0,0.0,0.0,0,0.0,0
+916581297175,phone,user_3909,username,0.182,0.0,0.0,0.0,0,0.0,0
priya_williamscoder,username,+919243258548,phone,0.0,0.0,0.0,0.0,0,0.0,0
contact_3672@gmail.com,email,+916676636127,phone,0.0,0.0,0.0,0.0,0,0.0,0
ken_gupta@outlook.com,email,rahulpatelsite.com,domain,0.0,0.0,0.0,0.0,0,0.0,0
yuki_devi,username,+919369099268,phone,0.0,0.0,0.0,0.0,1,0.0,0
michael sharma,name,ken_gupta@outlook.com,email,0.174,0.0,0.0,0.0,0,0.0,0
dvid38,username,david38,username,0.923,0.923,0.0,0.0,0,0.0,1
ali42coder,username,janejohnsonsite.com,domain,0.276,0.0,0.0,0.0,0,0.0,0
michael_williamsdev.org,domain,hacker_michael_williams9,username,0.681,0.0,0.0,0.0,2,0.0,1
lisa_patel@hotmail.com,email,lisa_patel@outlook.com,email,0.0,0.0,0.0,0.0,0,0.0,0
ali_ahmed@yahoo.com,email,priya39@gmail.com,email,0.0,0.0,0.0,0.0,0,0.0,0
+916800771196,phone,jane smith,name,0.0,0.0,0.0,0.0,0,0.0,0
ken80@gmail.com,email,michaelsharmasite.com,domain,0.0,0.0,0.0,0.0,0,0.0,0
michael_williams,username,jane_johnson,username,0.286,0.286,0.0,0.0,0,0.0,0
+916440508463,phone,user_5381,username,0.182,0.0,0.0,0.0,0,0.0,0
yuki_williams@gmail.com,email,rahul77,username,0.2,0.0,0.0,0.0,0,0.0,0
rajesh64@yahoo.com,email,ali kumar,name,0.118,0.0,0.0,0.0,0,0.0,0
site_7694.com,domain,sara brown,name,0.087,0.0,0.0,0.0,0,0.0,0
user_5876,username,site_1197.com,domain,0.364,0.0,0.0,0.0,0,0.0,0
jane sato,name,+17822494780,phone,0.0,0.0,0.0,0.0,1,0.0,1
john_johnson@hotmail.com,email,amit_johnson@outlook.com,email,0.0,0.0,0.0,0.0,0,0.0,0
hacker_fatima83,username,fatma83,username,0.636,0.636,0.0,0.0,1,0.0,1
elena patel,name,user_3519,username,0.1,0.0,0.0,0.0,0,0.0,0
hacker_rajesh64,username,+917212115091,phone,0.0,0.0,0.0,0.0,0,0.0,0
alikumarsite.com,domain,elnea35,username,0.174,0.0,0.0,0.0,0,0.0,0
hacker_lisa_patel,username,rajesh khan,name,0.357,0.0,0.0,0.0,0,0.0,0
user_4331,username,rajesh sharma,name,0.182,0.0,0.0,0.0,0,0.0,0
+917521726436,phone,ai4l2,username,0.111,0.0,0.0,0.0,0,0.0,1
user_6458,username,+916143541671,phone,0.273,0.0,0.0,0.0,0,0.0,0
+918338710195,phone,ken_gupat,username,0.0,0.0,0.0,0.0,1,0.0,1
+916332285881,phone,user_4892,username,0.182,0.0,0.0,0.0,0,0.0,0
contact_5904@outlook.com,email,user_3748,username,0.19,0.0,0.0,0.0,0,0.0,0
yuki_ahmed,username,ken3,username,0.286,0.286,0.0,0.0,0,0.0,0
contact_9241@gmail.com,email,+916397711206,phone,0.0,0.0,0.0,0.0,0,0.0,0
lisa9,username,lisatanakasite.com,domain,0.348,0.0,0.0,0.0,0,0.0,1
user_8017,username,contact_4688@proton.me,email,0.19,0.0,0.0,0.0,0,0.0,0
site_4932.com,domain,user_8391,username,0.364,0.0,0.0,0.0,0,0.0,0
contact_3289@proton.me,email,contact_1935@proton.me,email,0.0,0.0,0.0,0.0,0,0.0,0
john15@outlook.com,email,+919596703526,phone,0.0,0.0,0.0,0.0,1,0.0,0
rahul patel,name,rajesh miller,name,0.417,0.0,0.0,0.0,0,0.0,0
emily rown,name,hacker_emily_brown@emilysite.net,email,0.643,0.0,0.0,0.0,3,0.0,1
+919837615419,phone,rajesh_martine,username,0.0,0.0,0.0,0.0,0,0.0,1
contact_5777@outlook.com,email,+916578965886,phone,0.0,0.0,0.0,0.0,0,0.0,0
+919032150374,phone,hacker_john_johnson,username,0.0,0.0,0.0,0.0,1,0.0,0
amitsharmasite.com,domain,david singh,name,0.276,0.0,0.0,0.0,0,0.0,0
site_895.com,domain,site_6996.com,domain,0.0,0.0,0.0,0.0,0,0.0,0
rajeshmillersite.com,domain,rajesh_martinez@yahoo.com,email,0.0,0.0,0.0,0.0,0,0.0,0
michaelsharmasite.com,domain,emilybrownsite.com,domain,0.0,0.0,0.0,0.0,0,0.0,0
amit srharma,name,amti_sharmacoder,username,0.643,0.0,0.0,0.0,2,0.0,1
contact_2006@yahoo.com,email,rajesh gupta,name,0.167,0.0,0.0,0.0,0,0.0,0
lisa77,username,elenatanakasite.com,domain,0.16,0.0,0.0,0.0,1,0.0,0
contact_4605@gmail.com,email,amit garcia,name,0.261,0.0,0.0,0.0,0,0.0,0
carlossharmasite.com,domain,hacker_carlos_sharma,username,0.6,0.0,0.0,0.0,1,0.0,1
+916177368230,phone,john martinez,name,0.0,0.0,0.0,0.0,0,0.0,0
priyasinghsite.com,domain,priyalabs.net,domain,0.0,0.0,0.0,0.0,1,0.0,1
user_1069,username,ali tanaka,name,0.0,0.0,0.0,0.0,0,0.0,0
priyabrownsite.com,domain,+919733959353,phone,0.0,0.0,0.0,0.0,0,0.0,0
+916877644831,phone,site_1903.com,domain,0.0,0.0,0.0,0.0,0,0.0,0
carlos_sharma@hotmail.com,email,michael_tanaka,username,0.444,0.0,0.0,0.0,0,0.0,0
+12009735927,phone,rajeshmartinezsite.com,domain,0.0,0.0,0.0,0.0,1,0.0,1
hacker_john_johnson,username,rajesh_singh,username,0.387,0.387,0.0,0.0,0,0.0,0
site_6572.com,domain,emily sharma,name,0.16,0.0,0.0,0.0,0,0.0,0
user_9121,username,contact_267@gmail.com,email,0.2,0.0,0.0,0.0,0,0.0,0
ken37@yahoo.com,email,johngarciasite.com,domain,0.0,0.0,0.0,0.0,0,0.0,0
site_9073.com,domain,michael tanaka,name,0.148,0.0,0.0,0.0,0,0.0,0
+917430387833,phone,rajesh_martinez,username,0.0,0.0,0.0,0.0,0,0.0,0
+916254665278,phone,lisa johnson,name,0.0,0.0,0.0,0.0,0,0.0,0
+916570020596,phone,ken williams,name,0.0,0.0,0.0,0.0,0,0.0,0
hacker_lisa_ahmed,username,lisa_ahed,username,0.692,0.692,0.0,0.0,1,0.0,1
yukiahmedsite.com,domain,yuki_ahmed,username,0.667,0.0,0.0,0.0,1,0.0,1
rajeshmillersite.com,domain,amitjohnsonsite.com,domain,0.0,0.0,0.0,0.0,0,0.0,0
hackerfatima83,username,fatim83,username,0.667,0.667,0.0,0.0,0,0.0,1
site_3961.com,domain,+916725014926,phone,0.0,0.0,0.0,0.0,0,0.0,0
rajeshlabs.net,domain,+15030176043,phone,0.0,0.0,0.0,0.0,2,0.0,1
+916192588901,phone,emily martinez,name,0.0,0.0,0.0,0.0,0,0.0,0
+919376816771,phone,priya39@gmail.com,email,0.0,0.0,0.0,0.0,0,0.0,0
fatima_patel@outlook.com,email,lisapatelsite.com,domain,0.0,0.0,0.0,0.0,0,0.0,0
+919916712744,phone,+13050302325,phone,0.0,0.0,0.0,0.0,1,0.0,1
priya76,username,priyalabs.net,domain,0.5,0.0,0.0,0.0,1,0.0,1
+916510891008,phone,site_9215.com,domain,0.0,0.0,0.0,0.0,1,0.0,0
ali42@proton.me,email,+917871714345,phone,0.0,0.0,0.0,0.0,0,0.0,0
+916947246507,phone,sara tanaka,name,0.0,0.0,0.0,0.0,0,0.0,0
+916917575086,phone,contact_8257@yahoo.com,email,0.0,0.0,0.0,0.0,0,0.0,0
+918318297467,phone,fatima edvi,name,0.0,0.0,0.0,0.0,2,0.0,1
site_5931.com,domain,site_1855.com,domain,0.0,0.0,0.0,0.0,0,0.0,0
michael doe,name,user_3369,username,0.1,0.0,0.0,0.0,0,0.0,0
sara singh,name,michael khan,name,0.364,0.0,0.0,0.0,0,0.0,0
rajesh@customlab.org,email,rajseh_singh,username,0.667,0.0,0.0,0.0,0,0.0,1
priya39@gmail.com,email,michael_borwn,username,0.2,0.0,0.0,0.0,1,0.0,0
rahul williams,name,+916443188427,phone,0.0,0.0,0.0,0.0,0,0.0,0
yuki_wililam,username,yuki iwlliams,name,0.48,0.0,0.0,0.0,1,0.0,1
user_3920,username,site_7283.com,domain,0.364,0.0,0.0,0.0,0,0.0,0
lisa jones,name,rajesh jones,name,0.667,0.0,0.0,0.0,0,0.0,0
ali ahmed,name,site_3771.com,domain,0.091,0.0,0.0,0.0,0,0.0,0
john smith,name,emilybrownsite.com,domain,0.357,0.0,0.0,0.0,0,0.0,0
+15444833329,phone,rajsehs_ingh,username,0.0,0.0,0.0,0.0,1,0.0,1
user_2216,username,site_5930.com,domain,0.273,0.0,0.0,0.0,0,0.0,0
sara_smith@hotmail.com,email,hackerb_sara_smith,username,0.714,0.0,0.0,0.0,0,0.0,1
hacker_priya76,username,rajesh_martinez,username,0.345,0.345,0.0,0.0,0,0.0,0
hacker_lisa_atel,username,+918335090736,phone,0.0,0.0,0.0,0.0,2,0.0,1
jon15coder,username,john51,username,0.5,0.5,0.0,0.0,1,0.0,1
+916273347156,phone,contact_9737@gmail.com,email,0.0,0.0,0.0,0.0,0,0.0,0
user_9212,username,user_3732,username,0.667,0.667,0.0,0.0,0,0.0,0
fatimapatelsite.com,domain,fatima_pateldev.org,domain,0.0,0.0,0.0,0.0,2,0.0,1
+916646482842,phone,+916296473735,phone,0.0,0.0,0.0,0.0,0,0.0,0
anany akhan,name,ananya_khan@proton.me,email,0.545,0.0,0.0,0.0,1,0.0,1
lisa ahmed,name,+916704760556,phone,0.0,0.0,0.0,0.0,0,0.0,0
site_2000.com,domain,contact_8613@outlook.com,email,0.0,0.0,0.0,0.0,0,0.0,0
user_9086,username,site_4256.com,domain,0.364,0.0,0.0,0.0,0,0.0,0
+916445253942,phone,user_8170,username,0.091,0.0,0.0,0.0,0,0.0,0
john_ahmed@hotmail.com,email,+919733959353,phone,0.0,0.0,0.0,0.0,0,0.0,0
janejohnsonsite.com,domain,rajesh gupta,name,0.194,0.0,0.0,0.0,0,0.0,0
michael_williams,username,michael williams,name,0.938,0.0,0.0,0.0,1,0.0,1
+918318297467,phone,michael tanaka,name,0.0,0.0,0.0,0.0,0,0.0,0
david38@hotmail.com,email,+917684885731,phone,0.0,0.0,0.0,0.0,0,0.0,0
user_5558,username,site_7363.com,domain,0.273,0.0,0.0,0.0,0,0.0,0
elena sharma,name,ananya patel,name,0.333,0.0,0.0,0.0,0,0.0,0
+918318297467,phone,lisa_ahmed,username,0.0,0.0,0.0,0.0,0,0.0,0
priya tanaka,name,contact_5476@gmail.com,email,0.167,0.0,0.0,0.0,0,0.0,0
saramillersite.com,domain,+917185643633,phone,0.0,0.0,0.0,0.0,0,0.0,0
+917265935870,phone,carlossharmasite.com,domain,0.0,0.0,0.0,0.0,0,0.0,0
lisapatelsite.com,domain,lisa@customlab.org,email,0.0,0.0,0.0,0.0,3,0.0,1
+917212115091,phone,hacker_emily_brown,username,0.0,0.0,0.0,0.0,0,0.0,0
+916997330912,phone,michael johnson,name,0.0,0.0,0.0,0.0,0,0.0,0
+916426347202,phone,site_4529.com,domain,0.0,0.0,0.0,0.0,0,0.0,0
+918475056187,phone,lisa_patel@hotmail.com,email,0.0,0.0,0.0,0.0,0,0.0,0
lisa48@proton.me,email,emily_brown@yahoo.com,email,0.0,0.0,0.0,0.0,0,0.0,0
contact_5548@hotmail.com,email,+916264581624,phone,0.0,0.0,0.0,0.0,0,0.0,0
john_ahmed@hotmail.com,email,rajeshmartinezsite.com,domain,0.0,0.0,0.0,0.0,0,0.0,0
michael brown,name,hacker_john_johnson,username,0.25,0.0,0.0,0.0,0,0.0,0
rajesh_miller@rajeshsite.net,email,rajeshmillersite.com,domain,0.0,0.0,0.0,0.0,2,0.0,1
carlos ahmed,name,site_6153.com,domain,0.24,0.0,0.0,0.0,0,0.0,0
+916319344810,phone,contact_3529@hotmail.com,email,0.0,0.0,0.0,0.0,0,0.0,0
+916377613096,phone,user_4946,username,0.182,0.0,0.0,0.0,0,0.0,0
hackerj_rahul77,username,+918963267690,phone,0.071,0.0,0.0,0.0,1,0.0,1
fatima williams,name,site_1214.com,domain,0.143,0.0,0.0,0.0,0,0.0,0
+916726844770,phone,+916866747189,phone,0.0,0.0,0.0,0.0,1,0.0,0
lisa ahmed,name,rahul patel,name,0.381,0.0,0.0,0.0,0,0.0,0
ali kumar,name,john smith,name,0.211,0.0,0.0,0.0,0,0.0,0
+919804281916,phone,john_garcia@outlook.com,email,0.0,0.0,0.0,0.0,0,0.0,0
site_6137.com,domain,+916007902801,phone,0.0,0.0,0.0,0.0,0,0.0,0
+916528774650,phone,ananya singh,name,0.0,0.0,0.0,0.0,0,0.0,0
contact_804@outlook.com,email,contact_1896@hotmail.com,email,0.0,0.0,0.0,0.0,0,0.0,0
sara8l8,username,+917430387833,phone,0.2,0.0,0.0,0.0,0,0.0,1
+19048490232,phone,rajesh97@hotmail.com,email,0.0,0.0,0.0,0.0,2,0.0,1
hacker_jane_singh,username,+919952958729,phone,0.0,0.0,0.0,0.0,0,0.0,0
alilabs.net,domain,+919369099268,phone,0.0,0.0,0.0,0.0,1,0.0,1
saramillersite.com,domain,+919640160203,phone,0.0,0.0,0.0,0.0,0,0.0,0
mihcael williams,name,michael williams,name,0.938,0.0,0.0,0.0,2,0.0,1
lisa garcia,name,+916652192187,phone,0.0,0.0,0.0,0.0,0,0.0,0
hacker_elena_tanaka,username,elenalabs.net,domain,0.438,0.0,0.0,0.0,3,0.0,1
contact_3672@gmail.com,email,user_3870,username,0.286,0.0,0.0,0.0,0,0.0,0
user_2181,username,site_5921.com,domain,0.455,0.0,0.0,0.0,0,0.0,0
site_5823.com,domain,contact_3269@yahoo.com,email,0.0,0.0,0.0,0.0,0,0.0,0
+917658170004,phone,rajesh_singh,username,0.0,0.0,0.0,0.0,0,0.0,0
michael_sharmacoder,username,ali_ahmed,username,0.429,0.429,0.0,0.0,0,0.0,0
user_3410,username,user_3040,username,0.889,0.889,0.0,0.0,0,0.0,0
john garcia,name,priyabrownsite.com,domain,0.345,0.0,0.0,0.0,0,0.0,0
emily_brown@yahoo.com,email,sara smith,name,0.19,0.0,0.0,0.0,0,0.0,0
contact_6595@hotmail.com,email,ken brown,name,0.19,0.0,0.0,0.0,0,0.0,0
+918981347325,phone,sraa_smith,username,0.0,0.0,0.0,0.0,0,0.0,0
contact_8051@proton.me,email,rajesh sato,name,0.174,0.0,0.0,0.0,0,0.0,0
elenalabs.net,domain,hacker_elena355,username,0.357,0.0,0.0,0.0,2,0.0,1
site_2329.com,domain,site_2863.com,domain,0.0,0.0,0.0,0.0,0,0.0,0
contact_9713@outlook.com,email,user_1756,username,0.19,0.0,0.0,0.0,0,0.0,0
hacker_carlos_sharma,username,rajesh khan,name,0.387,0.0,0.0,0.0,0,0.0,0
user_9720,username,user_1499,username,0.667,0.667,0.0,0.0,1,0.0,0
site_8273.com,domain,site_8182.com,domain,0.0,0.0,0.0,0.0,0,0.0,0
fatima tanaka,name,+919994107253,phone,0.0,0.0,0.0,0.0,0,0.0,1
hacker_rajesh97,username,lisa tanaka,name,0.231,0.0,0.0,0.0,0,0.0,0
ali42,username,alai42,username,0.909,0.909,0.0,0.0,2,0.0,1
amit_sharma@amitsite.net,email,amit_sharmacoder,username,0.815,0.0,0.0,0.0,1,0.0,1
rajesh_singh,username,+919457189042,phone,0.0,0.0,0.0,0.0,0,0.0,0
+919837615419,phone,ali kumar,name,0.0,0.0,0.0,0.0,0,0.0,0
rahulpatelsite.com,domain,yukiahmedsite.com,domain,0.0,0.0,0.0,0.0,0,0.0,0
jane patel,name,contact_650@gmail.com,email,0.286,0.0,0.0,0.0,0,0.0,0
rajesh_miller,username,+919916712744,phone,0.0,0.0,0.0,0.0,0,0.0,0
ken khan,name,+916910826179,phone,0.0,0.0,0.0,0.0,0,0.0,0
ait_johnson,username,ananyakhan,username,0.286,0.286,0.0,0.0,0,0.0,0
rahul77@outlook.com,email,hacker_john_garcia,username,0.16,0.0,0.0,0.0,0,0.0,0
+916744643497,phone,contact_7161@yahoo.com,email,0.0,0.0,0.0,0.0,0,0.0,0
+916306481349,phone,michael jones,name,0.0,0.0,0.0,0.0,0,0.0,0
+916962417670,phone,site_8188.com,domain,0.0,0.0,0.0,0.0,0,0.0,0
ali42coder,username,rahul77@outlook.com,email,0.235,0.0,0.0,0.0,0,0.0,0
ken3,username,ken37@yahoo.com,email,0.889,0.0,0.0,0.0,0,0.0,1
fatima tanaka,name,contact_7215@hotmail.com,email,0.24,0.0,0.0,0.0,0,0.0,0
contact_3134@hotmail.com,email,ananya williams,name,0.148,0.0,0.0,0.0,0,0.0,0
rajesh64@yahoo.com,email,+919289245144,phone,0.0,0.0,0.0,0.0,0,0.0,0
rajeshmillersite.com,domain,michael_sharmacoder,username,0.359,0.0,0.0,0.0,0,0.0,0
site_8631.com,domain,+916353220849,phone,0.0,0.0,0.0,0.0,0,0.0,0
johnjohnsonsite.com,domain,lisa92@gmail.com,email,0.0,0.0,0.0,0.0,0,0.0,0
contact_2989@gmail.com,email,contact_7099@hotmail.com,email,0.0,0.0,0.0,0.0,0,0.0,0
yuki_williams@gmail.com,email,yuki ahmed,name,0.348,0.0,0.0,0.0,0,0.0,0
elenan51,username,elena dazvis,name,0.5,0.0,0.0,0.0,1,0.0,1
+918475056187,phone,ken garcia,name,0.0,0.0,0.0,0.0,2,0.0,1
hacker_david38,username,dvaid singh,name,0.32,0.0,0.0,0.0,2,0.0,1
lisa_ahmed,username,rajesh_martinez@yahoo.com,email,0.32,0.0,0.0,0.0,0,0.0,0
hackerq_ken37,username,ken jones,name,0.364,0.0,0.0,0.0,2,0.0,1
rajesh singh,name,priya_williams@yahoo.com,email,0.231,0.0,0.0,0.0,0,0.0,0
site_2795.com,domain,site_3118.com,domain,0.0,0.0,0.0,0.0,0,0.0,0
michael johnson,name,+916610739492,phone,0.0,0.0,0.0,0.0,0,0.0,0
emilybrownsite.com,domain,rajeshmartinezsite.com,domain,0.0,0.0,0.0,0.0,0,0.0,0
emily sharma,name,+916377613096,phone,0.0,0.0,0.0,0.0,0,0.0,0
+917107621714,phone,michaelwilliamssite.com,domain,0.0,0.0,0.0,0.0,0,0.0,1
contact_7463@proton.me,email,site_4931.com,domain,0.0,0.0,0.0,0.0,0,0.0,0
sraa88coder,username,sara@customlab.org,email,0.4,0.0,0.0,0.0,3,0.0,1
priya76@proton.me,email,+918595924800,phone,0.0,0.0,0.0,0.0,2,0.0,1
raul77,username,rahullabs.net,domain,0.421,0.0,0.0,0.0,0,0.0,1
ken_gupta@outlook.com,email,+918209110951,phone,0.0,0.0,0.0,0.0,0,0.0,0
+15444833329,phone,rajesh singh,name,0.0,0.0,0.0,0.0,1,0.0,1
user_7044,username,priya martinez,name,0.174,0.0,0.0,0.0,0,0.0,0
contact_6128@hotmail.com,email,site_7055.com,domain,0.0,0.0,0.0,0.0,0,0.0,0
jane35@gmail.com,email,ken80@gmail.com,email,0.0,0.0,0.0,0.0,0,0.0,0
ali_ahmd,username,ali_ahemdcoder,username,0.727,0.727,0.0,0.0,2,0.0,1
rahul77,username,fatimatanakasite.com,domain,0.074,0.0,0.0,0.0,0,0.0,0
+916745080317,phone,site_6246.com,domain,0.0,0.0,0.0,0.0,0,0.0,0
lisa48,username,lisa48dev.org,domain,0.632,0.0,0.0,0.0,1,0.0,1
user_2216,username,+916528774650,phone,0.182,0.0,0.0,0.0,0,0.0,0
site_2155.com,domain,user_8237,username,0.364,0.0,0.0,0.0,0,0.0,0
rajesh miller,name,rajeshmillersite.com,domain,0.424,0.0,0.0,0.0,1,0.0,1
priya singh,name,+918963267690,phone,0.0,0.0,0.0,0.0,0,0.0,0
site_3810.com,domain,site_8777.com,domain,0.0,0.0,0.0,0.0,0,0.0,0
kenguptasite.com,domain,priya76@proton.me,email,0.0,0.0,0.0,0.0,0,0.0,0
hacker_kien80,username,ken80,username,0.556,0.556,0.0,0.0,1,0.0,1
kenguptasite.com,domain,ken_guptadev.org,domain,0.0,0.0,0.0,0.0,0,0.0,1
jane garcia,name,emily garcia,name,0.706,0.0,0.0,0.0,0,0.0,0
neha devi,name,site_1842.com,domain,0.182,0.0,0.0,0.0,0,0.0,0
+916206632601,phone,user_2448,username,0.091,0.0,0.0,0.0,0,0.0,0
rajesh_gupta@outlook.com,email,rajesh guta,name,0.522,0.0,0.0,0.0,0,0.0,1
elena miller,name,contact_4790@yahoo.com,email,0.167,0.0,0.0,0.0,0,0.0,0
jane singh,name,john_ahmed@hotmail.com,email,0.3,0.0,0.0,0.0,0,0.0,0
contact_9172@gmail.com,email,ken smith,name,0.19,0.0,0.0,0.0,0,0.0,0
priya martinez,name,user_8832,username,0.174,0.0,0.0,0.0,0,0.0,0
+916827703609,phone,+916313092643,phone,0.0,0.0,0.0,0.0,0,0.0,0
michaeltanakasite.com,domain,fatimadevisite.com,domain,0.0,0.0,0.0,0.0,2,0.0,0
elenadavissite.com,domain,yukiahmedsite.com,domain,0.0,0.0,0.0,0.0,0,0.0,0
hacke_rlisa_patel,username,lisa@customlab.org,email,0.381,0.0,0.0,0.0,2,0.0,1
+919289245144,phone,amit johnson,name,0.0,0.0,0.0,0.0,0,0.0,0
elnea35,username,jane johnson,name,0.211,0.0,0.0,0.0,0,0.0,0
rahul77@outlook.com,email,john garcia,name,0.333,0.0,0.0,0.0,0,0.0,0
user_4524,username,+916580034907,phone,0.182,0.0,0.0,0.0,0,0.0,0
+917912548711,phone,michaeltanakasite.com,domain,0.0,0.0,0.0,0.0,0,0.0,0
sara88coder,username,sara miller,name,0.364,0.0,0.0,0.0,1,0.0,1
john_ahmed@hotmail.com,email,+919589711983,phone,0.0,0.0,0.0,0.0,0,0.0,0
fatimadevisite.com,domain,ken garcia,name,0.286,0.0,0.0,0.0,0,0.0,0
jken80,username,fatimadevisite.com,domain,0.083,0.0,0.0,0.0,0,0.0,0
+916109199297,phone,contact_1476@hotmail.com,email,0.0,0.0,0.0,0.0,0,0.0,0
ananya khan,name,contact_9172@gmail.com,email,0.174,0.0,0.0,0.0,0,0.0,0
fatima patel,name,+917185643633,phone,0.0,0.0,0.0,0.0,0,0.0,0
user_5492,username,site_723.com,domain,0.381,0.0,0.0,0.0,0,0.0,0
sara88,username,+917265935870,phone,0.105,0.0,0.0,0.0,0,0.0,0
lisadevisite.com,domain,+919837615419,phone,0.0,0.0,0.0,0.0,0,0.0,0
praiya76,username,priya singh,name,0.526,0.0,0.0,0.0,2,0.0,1
contact_6982@hotmail.com,email,user_1333,username,0.095,0.0,0.0,0.0,0,0.0,0
lisa ahmed,name,jane_johnson@hotmail.com,email,0.273,0.0,0.0,0.0,0,0.0,0
ken garcia,name,sara miller,name,0.286,0.0,0.0,0.0,0,0.0,0
+18022317079,phone,elenalabs.net,domain,0.0,0.0,0.0,0.0,2,0.0,1
+917658170004,phone,priya brown,name,0.0,0.0,0.0,0.0,0,0.0,0
+917912548711,phone,john johnson,name,0.0,0.0,0.0,0.0,0,0.0,0
user_1013,username,+916694836488,phone,0.182,0.0,0.0,0.0,0,0.0,0
elena smith,name,user_3016,username,0.1,0.0,0.0,0.0,0,0.0,0
elenasatosite.com,domain,david38,username,0.167,0.0,0.0,0.0,0,0.0,0
rajesh smith,name,rajeshsinghsite.com,domain,0.581,0.0,0.0,0.0,0,0.0,0
+916570020596,phone,robert singh,name,0.0,0.0,0.0,0.0,0,0.0,0
michaelsharmasite.com,domain,michael_shaxrma,username,0.722,0.0,0.0,0.0,3,0.0,1
site_2894.com,domain,site_7936.com,domain,0.0,0.0,0.0,0.0,0,0.0,0
jane_singh@gmail.com,email,janelabs.net,domain,0.0,0.0,0.0,0.0,1,0.0,1
elena tanaka,name,+917759419129,phone,0.0,0.0,0.0,0.0,0,0.0,0
yuki brown,name,ananya brown,name,0.667,0.0,0.0,0.0,2,0.0,0
site_1319.com,domain,+916458313473,phone,0.0,0.0,0.0,0.0,0,0.0,0
lisa77,username,lisa77@yahoo.com,email,1.0,0.0,0.0,1.0,1,0.0,1
hacker_emily_brown,username,jane sato,name,0.222,0.0,0.0,0.0,0,0.0,0
user_8832,username,site_6788.com,domain,0.455,0.0,0.0,0.0,0,0.0,0
michael sharma,name,mich5ael_sharmacoder,username,0.765,0.0,0.0,0.0,3,0.0,1
lias_ahmed,username,lisa_ahed,username,0.842,0.842,0.0,0.0,0,0.0,1
arjesh64,username,rajeshsmithsite.com,domain,0.37,0.0,0.0,0.0,0,0.0,1
site_6888.com,domain,site_6137.com,domain,0.0,0.0,0.0,0.0,0,0.0,0
+916688817154,phone,ananya singh,name,0.0,0.0,0.0,0.0,0,0.0,0
user_4815,username,site_1185.com,domain,0.455,0.0,0.0,0.0,0,0.0,0
site_9186.com,domain,site_1681.com,domain,0.0,0.0,0.0,0.0,0,0.0,0
ananya_khan@proton.me,email,lisa_ahmed,username,0.286,0.0,0.0,0.0,0,0.0,0
michael johnson,name,+916544460051,phone,0.0,0.0,0.0,0.0,1,0.0,0
robert johnson,name,+916733855200,phone,0.0,0.0,0.0,0.0,0,0.0,0
rajeshkhansite.com,domain,priya_williamscoder,username,0.324,0.0,0.0,0.0,0,0.0,0
ken jones,name,david singh,name,0.2,0.0,0.0,0.0,0,0.0,0
sara gupta,name,contact_6242@gmail.com,email,0.182,0.0,0.0,0.0,0,0.0,0
contact_1002@gmail.com,email,+916697252219,phone,0.0,0.0,0.0,0.0,0,0.0,0
rajesh gupta,name,+918335090736,phone,0.0,0.0,0.0,0.0,0,0.0,0
contact_4285@outlook.com,email,+916801212830,phone,0.0,0.0,0.0,0.0,0,0.0,0
+919369099268,phone,david singh,name,0.0,0.0,0.0,0.0,0,0.0,0
contact_2674@yahoo.com,email,user_8580,username,0.095,0.0,0.0,0.0,0,0.0,0
+917521726436,phone,hacker_jane_singh,username,0.0,0.0,0.0,0.0,0,0.0,0
ali kumar,name,ali42coder@alisite.net,email,0.421,0.0,0.0,0.0,3,0.0,1
contact_7772@proton.me,email,elena davis,name,0.174,0.0,0.0,0.0,0,0.0,0
site_7827.com,domain,contact_2964@proton.me,email,0.0,0.0,0.0,0.0,0,0.0,0
fatimalabs.net,domain,+919994107253,phone,0.0,0.0,0.0,0.0,0,0.0,1
rajesh khan,name,sara miller,name,0.273,0.0,0.0,0.0,0,0.0,0
lisa_patel,username,+918335090736,phone,0.0,0.0,0.0,0.0,0,0.0,1
+919916712744,phone,elena51,username,0.1,0.0,0.0,0.0,0,0.0,0
sraa_smith,username,ali_ahmed@yahoo.com,email,0.316,0.0,0.0,0.0,0,0.0,0
+916219594712,phone,site_4767.com,domain,0.0,0.0,0.0,0.0,0,0.0,0
yu7ki_ahmed,username,hackr_yuki_ahmed,username,0.741,0.741,0.0,0.0,1,0.0,1
ali42coder,username,rahul77,username,0.235,0.235,0.0,0.0,0,0.0,0
amith_arma,username,amit_sharmacoder,username,0.692,0.692,0.0,0.0,1,0.0,1
+916288951277,phone,contact_4599@outlook.com,email,0.0,0.0,0.0,0.0,0,0.0,0
user_3166,username,+916166012568,phone,0.273,0.0,0.0,0.0,0,0.0,0
fatima_patel,username,lisa patel,name,0.636,0.0,0.0,0.0,0,0.0,0
amit_sharma,username,carlossharmasite.com,domain,0.452,0.0,0.0,0.0,1,0.0,0
+919733959353,phone,+918687709408,phone,0.0,0.0,0.0,0.0,2,0.0,0
user_2871,username,contact_7693@proton.me,email,0.19,0.0,0.0,0.0,1,0.0,0
sraa_smith,username,fatimapatelsite.com,domain,0.345,0.0,0.0,0.0,0,0.0,0
rajesh miller,name,rajesh_miller,username,0.462,0.0,0.0,0.0,1,0.0,1
+916157253743,phone,contact_9825@hotmail.com,email,0.0,0.0,0.0,0.0,0,0.0,0
+15394860710,phone,michael_bronw,username,0.0,0.0,0.0,0.0,0,0.0,1
site_7532.com,domain,user_3449,username,0.364,0.0,0.0,0.0,0,0.0,0
user_7492,username,site_2353.com,domain,0.364,0.0,0.0,0.0,0,0.0,0
+918981347325,phone,arjesh64,username,0.095,0.0,0.0,0.0,2,0.0,1
lisadevisite.com,domain,lisa dervi,name,0.385,0.0,0.0,0.0,0,0.0,1
lisa doe,name,site_9073.com,domain,0.095,0.0,0.0,0.0,0,0.0,0
site_6092.com,domain,site_311.com,domain,0.0,0.0,0.0,0.0,0,0.0,0
ken miller,name,contact_5910@outlook.com,email,0.091,0.0,0.0,0.0,0,0.0,0
fatima tanaka,name,fatim83,username,0.5,0.0,0.0,0.0,1,0.0,1
neha singh,name,+916296473735,phone,0.0,0.0,0.0,0.0,0,0.0,0
ilsa patel,name,lsia_patle,username,0.7,0.0,0.0,0.0,0,0.0,1
site_2596.com,domain,+916064047792,phone,0.0,0.0,0.0,0.0,0,0.0,0
johnahmedsite.com,domain,+919640160203,phone,0.0,0.0,0.0,0.0,0,0.0,0
michael davis,name,contact_4933@yahoo.com,email,0.16,0.0,0.0,0.0,0,0.0,0
fatima tanaka,name,amit johnson,name,0.32,0.0,0.0,0.0,0,0.0,0
+916258549831,phone,+916705608339,phone,0.0,0.0,0.0,0.0,0,0.0,0
rajeshlabs.net,domain,+919323536905,phone,0.0,0.0,0.0,0.0,0,0.0,1
contact_2181@hotmail.com,email,+916778833509,phone,0.0,0.0,0.0,0.0,0,0.0,0
amith_arma,username,amit srharma,name,0.818,0.0,0.0,0.0,1,0.0,1
+916741027848,phone,+916442963720,phone,0.0,0.0,0.0,0.0,1,0.0,0
emily devi,name,user_5461,username,0.105,0.0,0.0,0.0,0,0.0,0
+916766203480,phone,neha gupta,name,0.0,0.0,0.0,0.0,0,0.0,0
davidsinghsite.com,domain,ken_gupta@outlook.com,email,0.0,0.0,0.0,0.0,0,0.0,0
contact_2024@proton.me,email,fatima ahmed,name,0.167,0.0,0.0,0.0,0,0.0,0
site_7458.com,domain,contact_6007@gmail.com,email,0.0,0.0,0.0,0.0,0,0.0,0
jane johnson,name,rajesh_singh,username,0.417,0.0,0.0,0.0,0,0.0,0
rajesh68,username,ken gupta,name,0.235,0.0,0.0,0.0,0,0.0,0
ali_ahmed@yahoo.com,email,amit_sharma,username,0.5,0.0,0.0,0.0,0,0.0,0
rajesh68,username,jane35@gmail.com,email,0.286,0.0,0.0,0.0,0,0.0,0
site_8747.com,domain,site_7555.com,domain,0.0,0.0,0.0,0.0,0,0.0,0
+916527715563,phone,+916714915822,phone,0.0,0.0,0.0,0.0,0,0.0,0
contact_4864@gmail.com,email,user_1566,username,0.19,0.0,0.0,0.0,0,0.0,0
+916367749552,phone,site_7555.com,domain,0.0,0.0,0.0,0.0,0,0.0,0
site_3655.com,domain,+916491080762,phone,0.0,0.0,0.0,0.0,0,0.0,0
jane3@janesite.net,email,+17822494780,phone,0.0,0.0,0.0,0.0,0,0.0,1
hacker_kien80,username,kenlabs.net,domain,0.25,0.0,0.0,0.0,0,0.0,1
contact_9713@outlook.com,email,+916369270947,phone,0.0,0.0,0.0,0.0,0,0.0,0
+919552044458,phone,john ahmed,name,0.0,0.0,0.0,0.0,0,0.0,0
site_7254.com,domain,user_3166,username,0.273,0.0,0.0,0.0,0,0.0,0
ali garcia,name,contact_8329@yahoo.com,email,0.182,0.0,0.0,0.0,0,0.0,0
alikumarsite.com,domain,+917430387833,phone,0.0,0.0,0.0,0.0,0,0.0,0
rajeshmillersite.com,domain,rajesh68coder,username,0.485,0.0,0.0,0.0,1,0.0,1
+918123425397,phone,+13420505754,phone,0.0,0.0,0.0,0.0,3,0.0,1
hacker_rajesh97,username,rajesh64@yahoo.com,email,0.522,0.0,0.0,0.0,0,0.0,0
fatima ahmed,name,+916778153880,phone,0.0,0.0,0.0,0.0,0,0.0,0
elena_tanaka@outlook.com,email,+15692639547,phone,0.0,0.0,0.0,0.0,2,0.0,1
hacker_john_johnson,username,+919994107253,phone,0.0,0.0,0.0,0.0,0,0.0,0
john garcia,name,lisadevisite.com,domain,0.222,0.0,0.0,0.0,2,0.0,0
contact_8850@hotmail.com,email,user_7155,username,0.19,0.0,0.0,0.0,0,0.0,0
david miller,name,site_1424.com,domain,0.16,0.0,0.0,0.0,0,0.0,0
+917658170004,phone,carlos_sharma@hotmail.com,email,0.0,0.0,0.0,0.0,0,0.0,0
contact_7015@proton.me,email,site_2761.com,domain,0.0,0.0,0.0,0.0,0,0.0,0
hacker_emily_brown,username,ananya_khan@proton.me,email,0.276,0.0,0.0,0.0,0,0.0,0
emily_brown,username,+919589711983,phone,0.0,0.0,0.0,0.0,1,0.0,1
+919243258548,phone,carlos sharma,name,0.0,0.0,0.0,0.0,0,0.0,0
michael_williams@proton.me,email,michael_tanaka@gmail.com,email,0.0,0.0,0.0,0.0,1,0.0,0
robert ahmed,name,contact_5723@yahoo.com,email,0.167,0.0,0.0,0.0,0,0.0,0
rajesh_singhcoder,username,rajeshsinghsite.com,domain,0.722,0.0,0.0,0.0,0,0.0,1
+916096064025,phone,contact_5409@gmail.com,email,0.0,0.0,0.0,0.0,0,0.0,0
john15,username,+918595924800,phone,0.211,0.0,0.0,0.0,0,0.0,0
+919916712744,phone,amit_harma,username,0.0,0.0,0.0,0.0,2,0.0,1
rajeshsinghsite.com,domain,yukiahmedsite.com,domain,0.0,0.0,0.0,0.0,0,0.0,0
robert kumar,name,contact_9163@gmail.com,email,0.167,0.0,0.0,0.0,0,0.0,0
hacker_john_johnson,username,johnc johnson,name,0.688,0.0,0.0,0.0,0,0.0,1
+919916712744,phone,amit_sharma,username,0.0,0.0,0.0,0.0,2,0.0,1
rajesh68@gmail.com,email,priya williams,name,0.273,0.0,0.0,0.0,0,0.0,0
lisa_ahed,username,lisa amed,name,0.444,0.0,0.0,0.0,3,0.0,1
+916669243768,phone,site_3337.com,domain,0.0,0.0,0.0,0.0,0,0.0,0
user_2004,username,+916557458479,phone,0.091,0.0,0.0,0.0,0,0.0,0
+916691132365,phone,john miller,name,0.0,0.0,0.0,0.0,0,0.0,0
contact_7130@proton.me,email,rajesh tanaka,name,0.16,0.0,0.0,0.0,0,0.0,0
site_2761.com,domain,rahul garcia,name,0.08,0.0,0.0,0.0,0,0.0,0
site_2526.com,domain,yuki devi,name,0.091,0.0,0.0,0.0,0,0.0,0
rajesh khan,name,+919994107253,phone,0.0,0.0,0.0,0.0,0,0.0,0
priya_williamscoder,username,johngarciasite.com,domain,0.324,0.0,0.0,0.0,0,0.0,0
rajesh_singh@hotmail.com,email,amit_sharma,username,0.348,0.0,0.0,0.0,0,0.0,0
site_3214.com,domain,rahul brown,name,0.083,0.0,0.0,0.0,0,0.0,0
elena tanaka,name,elena_tanaka,username,0.917,0.0,0.0,0.0,1,0.0,1
rajesh gupta,name,rajesh_gupta,username,0.5,0.0,0.0,0.0,0,0.0,1
sraa_smith,username,hacker_carlos_sharma,username,0.333,0.333,0.0,0.0,0,0.0,0
elena sato,name,elenalabs.net,domain,0.609,0.0,0.0,0.0,0,0.0,1
michael brown,name,michaellabs.net,domain,0.5,0.0,0.0,0.0,2,0.0,1
john smith,name,+918123425397,phone,0.0,0.0,0.0,0.0,0,0.0,0
hacker_davvid38,username,+919733959353,phone,0.071,0.0,0.0,0.0,1,0.0,1
+916620442151,phone,lisa miller,name,0.0,0.0,0.0,0.0,0,0.0,0
+916834538238,phone,yuki doe,name,0.0,0.0,0.0,0.0,0,0.0,0
user_6446,username,site_3785.com,domain,0.273,0.0,0.0,0.0,0,0.0,0
rahul gupta,name,contact_1162@gmail.com,email,0.174,0.0,0.0,0.0,0,0.0,0
yuki_williams@gmail.com,email,johnsmithsite.com,domain,0.0,0.0,0.0,0.0,0,0.0,0
yuki_ahmed,username,+917265935870,phone,0.0,0.0,0.0,0.0,0,0.0,0
lias_ahmed,username,lisa_ahmed@proton.me,email,0.9,0.0,0.0,0.0,1,0.0,1
hacker_rajesh97,username,rajesh@customlab.org,email,0.571,0.0,0.0,0.0,1,0.0,1
ali42coder,username,+919804281916,phone,0.174,0.0,0.0,0.0,0,0.0,0
+18657383171,phone,priya_williams,username,0.0,0.0,0.0,0.0,0,0.0,1
contact_7099@yahoo.com,email,emily sato,name,0.182,0.0,0.0,0.0,0,0.0,0
rajesh_martinez@rajeshsite.net,email,rajesh_martinez@yahoo.com,email,0.0,0.0,0.0,0.0,0,0.0,1
john15,username,rajesh_martinez,username,0.286,0.286,0.0,0.0,0,0.0,0
raul77,username,+12554553068,phone,0.0,0.0,0.0,0.0,1,0.0,1
+919837615419,phone,hacker_elena_tanaka,username,0.0,0.0,0.0,0.0,0,0.0,0
+917212115091,phone,rajeshmillersite.com,domain,0.0,0.0,0.0,0.0,3,0.0,1
user_4128,username,contact_2674@yahoo.com,email,0.19,0.0,0.0,0.0,0,0.0,0
amit_sharma,username,priyasinghsite.com,domain,0.276,0.0,0.0,0.0,0,0.0,0
lisadevisite.com,domain,jane sato,name,0.4,0.0,0.0,0.0,0,0.0,0
aliahmedsite.com,domain,+919666362423,phone,0.0,0.0,0.0,0.0,0,0.0,0
rajesh_singhcoder,username,rajseh_singh,username,0.759,0.759,0.0,0.0,1,0.0,1
johnahmedsite.com,domain,lisa48@proton.me,email,0.0,0.0,0.0,0.0,0,0.0,0
elena ahmed,name,+916555551959,phone,0.0,0.0,0.0,0.0,0,0.0,0
contact_8104@outlook.com,email,contact_785@proton.me,email,0.0,0.0,0.0,0.0,0,0.0,0
+919837615419,phone,rajeshguptasite.com,domain,0.0,0.0,0.0,0.0,0,0.0,0
site_5945.com,domain,ali gupta,name,0.182,0.0,0.0,0.0,0,0.0,0
site_1731.com,domain,site_8087.com,domain,0.0,0.0,0.0,0.0,0,0.0,0
lisa_ahmed,username,lias_ahmed,username,0.9,0.9,0.0,0.0,0,0.0,1
fatima_patel,username,yukidevisite.com,domain,0.214,0.0,0.0,0.0,0,0.0,0
site_2336.com,domain,contact_7095@yahoo.com,email,0.0,0.0,0.0,0.0,0,0.0,0
contact_4237@gmail.com,email,ananya gupta,name,0.25,0.0,0.0,0.0,0,0.0,0
+916332285881,phone,user_2007,username,0.091,0.0,0.0,0.0,0,0.0,0
rajesh_martinez@yahoo.com,email,amitsharmasite.com,domain,0.0,0.0,0.0,0.0,0,0.0,0
contact_890@proton.me,email,contact_3466@yahoo.com,email,0.0,0.0,0.0,0.0,0,0.0,0
+16517035482,phone,yuki@customlab.org,email,0.0,0.0,0.0,0.0,0,0.0,1
contact_4048@outlook.com,email,fatima gupta,name,0.25,0.0,0.0,0.0,0,0.0,0
hacker_lisa_patel,username,lisapatelsite.com,domain,0.529,0.0,0.0,0.0,0,0.0,1
amit ahmed,name,+916639333838,phone,0.0,0.0,0.0,0.0,0,0.0,0
user_1512,username,user_3488,username,0.556,0.556,0.0,0.0,0,0.0,0
site_1861.com,domain,site_8810.com,domain,0.0,0.0,0.0,0.0,0,0.0,0
rajeshguptasite.com,domain,hacker_rajesh_guta,username,0.541,0.0,0.0,0.0,3,0.0,1
michael_sharmacoder,username,michael sharma,name,0.788,0.0,0.0,0.0,0,0.0,1
ananyakhan,username,sraa_smith,username,0.3,0.3,0.0,0.0,0,0.0,0
hacker_john_garcia,username,+919552044458,phone,0.0,0.0,0.0,0.0,0,0.0,0
jane@customlab.org,email,_jane singh,name,0.533,0.0,0.0,0.0,3,0.0,1
fatima_patel@outlook.com,email,fatima_pateldev.org,domain,0.0,0.0,0.0,0.0,0,0.0,1
carlossharmasite.com,domain,ananya_khan@proton.me,email,0.0,0.0,0.0,0.0,0,0.0,0
amit jones,name,user_3748,username,0.105,0.0,0.0,0.0,0,0.0,0
+916131508610,phone,site_4547.com,domain,0.0,0.0,0.0,0.0,0,0.0,0
site_7814.com,domain,site_6148.com,domain,0.0,0.0,0.0,0.0,0,0.0,0
lisa patel,name,lsia_patle,username,0.7,0.0,0.0,0.0,0,0.0,1
priya39@gmail.com,email,sara smith,name,0.235,0.0,0.0,0.0,0,0.0,0
john51,username,+13061582067,phone,0.111,0.0,0.0,0.0,1,0.0,1
michaekl tanaka,name,michaeltanakasite.com,domain,0.722,0.0,0.0,0.0,1,0.0,1
rajesh williams,name,contact_8153@hotmail.com,email,0.074,0.0,0.0,0.0,0,0.0,0
site_9886.com,domain,contact_7645@gmail.com,email,0.0,0.0,0.0,0.0,0,0.0,0
contact_9329@proton.me,email,rahul gupta,name,0.174,0.0,0.0,0.0,0,0.0,0
+916181363876,phone,site_2485.com,domain,0.0,0.0,0.0,0.0,0,0.0,0
rahul patel,name,fatima70@hotmail.com,email,0.316,0.0,0.0,0.0,0,0.0,0
michael_sharma@yahoo.com,email,michael_sharmacoderdev.org,domain,0.0,0.0,0.0,0.0,1,0.0,1
hacker_michael_tanhaka,username,michael_tanakadev.org,domain,0.651,0.0,0.0,0.0,1,0.0,1
jane_johnson@hotmail.com,email,elena sato,name,0.364,0.0,0.0,0.0,0,0.0,0
user_6231,username,user_687,username,0.706,0.706,0.0,0.0,0,0.0,0
michael_sharmacoder,username,+13755491676,phone,0.0,0.0,0.0,0.0,1,0.0,1
michaelsharmasite.com,domain,sraa_smith,username,0.387,0.0,0.0,0.0,0,0.0,0
sara88,username,+918335090736,phone,0.105,0.0,0.0,0.0,0,0.0,0
lisabrownsite.com,domain,lisapatelsite.com,domain,0.0,0.0,0.0,0.0,0,0.0,0
+916602048819,phone,michael johnson,name,0.0,0.0,0.0,0.0,0,0.0,0
site_4353.com,domain,contact_1162@gmail.com,email,0.0,0.0,0.0,0.0,0,0.0,0
user_1467,username,+916660554526,phone,0.273,0.0,0.0,0.0,0,0.0,0
ait_jlohnson,username,+17016107865,phone,0.0,0.0,0.0,0.0,2,0.0,1
+919582781625,phone,+919457189042,phone,0.0,0.0,0.0,0.0,0,0.0,0
sara88coder,username,sra8l8,username,0.588,0.588,0.0,0.0,1,0.0,1
+919369099268,phone,+13982850421,phone,0.0,0.0,0.0,0.0,3,0.0,1
site_6494.com,domain,user_3864,username,0.455,0.0,0.0,0.0,0,0.0,0
+916232420075,phone,+916758420212,phone,0.0,0.0,0.0,0.0,0,0.0,0
emilybrownsite.com,domain,rajeshkhansite.com,domain,0.0,0.0,0.0,0.0,0,0.0,0
yuki_wililam,username,yuki_wililams,username,0.96,0.96,0.0,0.0,1,0.0,1
michael garcia,name,site_5145.com,domain,0.148,0.0,0.0,0.0,0,0.0,0
+916374356902,phone,site_6011.com,domain,0.0,0.0,0.0,0.0,0,0.0,0
user_6791,username,+916642249455,phone,0.182,0.0,0.0,0.0,0,0.0,0
user_8424,username,david sato,name,0.105,0.0,0.0,0.0,0,0.0,0
carlossharmasite.com,domain,rajesh_singh,username,0.312,0.0,0.0,0.0,1,0.0,0
fatima miller,name,sara ahmed,name,0.348,0.0,0.0,0.0,0,0.0,0
user_3410,username,rajesh doe,name,0.211,0.0,0.0,0.0,0,0.0,0
site_2389.com,domain,user_657,username,0.286,0.0,0.0,0.0,0,0.0,0
lisa ahmed,name,fatima70@hotmail.com,email,0.333,0.0,0.0,0.0,0,0.0,0
jane3,username,ait_johnson,username,0.25,0.25,0.0,0.0,0,0.0,0
contact_6120@yahoo.com,email,contact_8013@outlook.com,email,0.0,0.0,0.0,0.0,0,0.0,0
contact_2291@proton.me,email,site_2406.com,domain,0.0,0.0,0.0,0.0,0,0.0,0
+918209110951,phone,davidsinghsite.com,domain,0.0,0.0,0.0,0.0,0,0.0,0
user_5910,username,user_5705,username,0.778,0.778,0.0,0.0,0,0.0,0
contact_2285@gmail.com,email,site_4529.com,domain,0.0,0.0,0.0,0.0,0,0.0,0
jane johnson,name,rajesh_martinez@yahoo.com,email,0.296,0.0,0.0,0.0,0,0.0,0
rajesh68@gmail.com,email,rajesh miller,name,0.571,0.0,0.0,0.0,0,0.0,0
+916660554526,phone,+916836461469,phone,0.0,0.0,0.0,0.0,0,0.0,0
+916153727332,phone,site_3726.com,domain,0.0,0.0,0.0,0.0,0,0.0,0
site_3274.com,domain,contact_7693@proton.me,email,0.0,0.0,0.0,0.0,0,0.0,0
michael brown,name,michael_borwn,username,0.538,0.0,0.0,0.0,2,0.0,1
contact_5723@yahoo.com,email,emily johnson,name,0.16,0.0,0.0,0.0,0,0.0,0
+917658170004,phone,ken jones,name,0.0,0.0,0.0,0.0,0,0.0,0
john_garcia@outlook.com,email,rajesh_gupta@outlook.com,email,0.0,0.0,0.0,0.0,0,0.0,0
+916472645383,phone,user_5967,username,0.273,0.0,0.0,0.0,0,0.0,0
contact_5366@hotmail.com,email,user_5863,username,0.286,0.0,0.0,0.0,0,0.0,0
rajesh martinez,name,rajesh_martinez@rajeshsite.net,email,0.533,0.0,0.0,0.0,1,0.0,1
david38@davidsite.net,email,david38@hotmail.com,email,0.0,0.0,0.0,0.0,2,0.0,1
david singh,name,site_3005.com,domain,0.167,0.0,0.0,0.0,1,0.0,0
site_7055.com,domain,michael jones,name,0.231,0.0,0.0,0.0,0,0.0,0
ananya gupta,name,user_2528,username,0.095,0.0,0.0,0.0,0,0.0,0
anany akhan,name,ananyakhansite.com,domain,0.414,0.0,0.0,0.0,2,0.0,1
+14681632915,phone,lisa_ahed,username,0.0,0.0,0.0,0.0,1,0.0,1
ahul patel,name,rahu77,username,0.375,0.0,0.0,0.0,3,0.0,1
jane johnson,name,priyabrownsite.com,domain,0.333,0.0,0.0,0.0,0,0.0,0
+918123425397,phone,ananyakhandev.org,domain,0.0,0.0,0.0,0.0,0,0.0,1
janejohnsonsite.com,domain,jane_johnon,username,0.667,0.0,0.0,0.0,0,0.0,1
jane_singh@gmail.com,email,lisadevisite.com,domain,0.0,0.0,0.0,0.0,0,0.0,0
site_5061.com,domain,contact_4336@hotmail.com,email,0.0,0.0,0.0,0.0,0,0.0,0
yuki_devi,username,rahul77,username,0.125,0.125,0.0,0.0,0,0.0,0
ali khan,name,+916978723541,phone,0.0,0.0,0.0,0.0,0,0.0,0
contact_3819@outlook.com,email,user_6938,username,0.286,0.0,0.0,0.0,0,0.0,0
fatima devi,name,fatima patel,name,0.706,0.0,0.0,0.0,0,0.0,0
carlossharmasite.com,domain,carlos_sharma,username,0.727,0.0,0.0,0.0,1,0.0,1
priya_willaims,username,priya_williams,username,0.929,0.929,0.0,0.0,2,0.0,1
+918335090736,phone,rajesh97@hotmail.com,email,0.0,0.0,0.0,0.0,0,0.0,0
amitsharmasite.com,domain,david singh,name,0.276,0.0,0.0,0.0,0,0.0,0
+916238465842,phone,contact_5148@gmail.com,email,0.0,0.0,0.0,0.0,0,0.0,0
yukiwilliamssite.com,domain,hacker_yuki_williams,username,0.6,0.0,0.0,0.0,2,0.0,1
ken_gupta@outlook.com,email,kenguptasite.com,domain,0.0,0.0,0.0,0.0,2,0.0,1
lisa_ahmed@proton.me,email,hacker_priya39,username,0.25,0.0,0.0,0.0,0,0.0,0
contact_8030@gmail.com,email,site_7859.com,domain,0.0,0.0,0.0,0.0,0,0.0,0
priyalabs.net,domain,priya borwn,name,0.417,0.0,0.0,0.0,1,0.0,1
michael_sharmacoder,username,+919376816771,phone,0.0,0.0,0.0,0.0,0,0.0,0
david jones,name,site_3108.com,domain,0.167,0.0,0.0,0.0,0,0.0,0
+916376081333,phone,user_6829,username,0.182,0.0,0.0,0.0,0,0.0,0
contact_1127@proton.me,email,ananya johnson,name,0.154,0.0,0.0,0.0,0,0.0,0
ali_ahmed@yahoo.com,email,hacker_rajesh97,username,0.333,0.0,0.0,0.0,0,0.0,0
contact_9202@proton.me,email,site_7528.com,domain,0.0,0.0,0.0,0.0,0,0.0,0
lisa48,username,lisa48@proton.me,email,1.0,0.0,0.0,1.0,2,0.0,1
user_9260,username,site_2563.com,domain,0.455,0.0,0.0,0.0,0,0.0,0
site_5941.com,domain,michael smith,name,0.231,0.0,0.0,0.0,0,0.0,0
jane3,username,michael_sharmacoder,username,0.167,0.167,0.0,0.0,0,0.0,0
ken37@yahoo.com,email,ken jones,name,0.429,0.0,0.0,0.0,0,0.0,1
+15444833329,phone,rajseh_singh,username,0.0,0.0,0.0,0.0,2,0.0,1
amit johnson,name,rajesh_singh,username,0.417,0.0,0.0,0.0,0,0.0,0
saramillersite.com,domain,+917430387833,phone,0.0,0.0,0.0,0.0,1,0.0,1
lisapatelsite.com,domain,elena_tanaka@outlook.com,email,0.0,0.0,0.0,0.0,0,0.0,0
robert devi,name,+916350655224,phone,0.0,0.0,0.0,0.0,0,0.0,0
michael_sharmacoder,username,+918183223644,phone,0.0,0.0,0.0,0.0,0,0.0,0
rajesh6,username,rajesh68c8oder,username,0.667,0.667,0.0,0.0,0,0.0,1
+919369099268,phone,ananyakhan,username,0.0,0.0,0.0,0.0,0,0.0,0
rajeshguptasite.com,domain,michaelsharmasite.com,domain,0.0,0.0,0.0,0.0,0,0.0,0
+916445448155,phone,contact_2006@yahoo.com,email,0.0,0.0,0.0,0.0,0,0.0,0
amit brown,name,site_7075.com,domain,0.261,0.0,0.0,0.0,0,0.0,0
elena sato,name,rajesh khan,name,0.286,0.0,0.0,0.0,0,0.0,0
contact_867@proton.me,email,contact_6474@yahoo.com,email,0.0,0.0,0.0,0.0,0,0.0,0
ken tanaka,name,john smith,name,0.3,0.0,0.0,0.0,1,0.0,0
site_568.com,domain,+916691132365,phone,0.0,0.0,0.0,0.0,0,0.0,0
+919666362423,phone,yuki_devi,username,0.0,0.0,0.0,0.0,0,0.0,0
michaelwilliamssite.com,domain,alikumarsite.com,domain,0.0,0.0,0.0,0.0,0,0.0,0
kenguptasite.com,domain,rajeshmartinezsite.com,domain,0.0,0.0,0.0,0.0,0,0.0,0
user_9121,username,+916682006644,phone,0.273,0.0,0.0,0.0,0,0.0,0
+917212115091,phone,+15289047763,phone,0.0,0.0,0.0,0.0,0,0.0,1
john ahmed,name,+918595924800,phone,0.0,0.0,0.0,0.0,0,0.0,0
rajesh_singh,username,+918474818136,phone,0.0,0.0,0.0,0.0,0,0.0,0
+916001306889,phone,david sato,name,0.0,0.0,0.0,0.0,0,0.0,0
yukidevisite.com,domain,yuki_ahmed,username,0.385,0.0,0.0,0.0,0,0.0,0
amit miller,name,user_4383,username,0.2,0.0,0.0,0.0,0,0.0,0
+916393271940,phone,+916109199297,phone,0.0,0.0,0.0,0.0,0,0.0,0
lisa_patel,username,+12389198026,phone,0.0,0.0,0.0,0.0,1,0.0,1
contact_1476@hotmail.com,email,michael gupta,name,0.24,0.0,0.0,0.0,1,0.0,0
jane3coder,username,janesatosite.com,domain,0.462,0.0,0.0,0.0,0,0.0,1
lisa9,username,lisa tanaka,name,0.5,0.0,0.0,0.0,3,0.0,1
priyasinghsite.com,domain,+918318297467,phone,0.0,0.0,0.0,0.0,0,0.0,0
ali ahmed,name,carlossharmasite.com,domain,0.345,0.0,0.0,0.0,0,0.0,0
elena35@yahoo.com,email,+919916712744,phone,0.0,0.0,0.0,0.0,0,0.0,0
ken_gupta@outlook.com,email,john15,username,0.133,0.0,0.0,0.0,0,0.0,0
sara garcia,name,contact_8126@gmail.com,email,0.174,0.0,0.0,0.0,0,0.0,0
ali williams,name,site_8699.com,domain,0.16,0.0,0.0,0.0,0,0.0,0
ken_gupta@outlook.com,email,ananya_khan@proton.me,email,0.0,0.0,0.0,0.0,0,0.0,0
alilabs.net,domain,ali_ahmedcoder,username,0.4,0.0,0.0,0.0,1,0.0,1
jnae3,username,janesatosite.com,domain,0.381,0.0,0.0,0.0,0,0.0,1
contact_5216@gmail.com,email,site_2494.com,domain,0.0,0.0,0.0,0.0,0,0.0,0
ken sharma,name,user_2267,username,0.211,0.0,0.0,0.0,0,0.0,0
michael_sharmacoder,username,john ahmed,name,0.276,0.0,0.0,0.0,0,0.0,0
+919994107253,phone,john johnson,name,0.0,0.0,0.0,0.0,0,0.0,0
+916051338808,phone,site_3769.com,domain,0.0,0.0,0.0,0.0,0,0.0,0
ali42@proton.me,email,ai4l2,username,0.8,0.0,0.0,0.0,0,0.0,1
john ahmed,name,+919310858477,phone,0.0,0.0,0.0,0.0,0,0.0,0
+916051338808,phone,carlos jones,name,0.0,0.0,0.0,0.0,0,0.0,0
contact_6821@outlook.com,email,user_7218,username,0.286,0.0,0.0,0.0,0,0.0,0
jane singh,name,+18219476000,phone,0.0,0.0,0.0,0.0,2,0.0,1
site_5172.com,domain,user_3034,username,0.273,0.0,0.0,0.0,0,0.0,0
rajesh_martinez,username,priya brown,name,0.231,0.0,0.0,0.0,0,0.0,0
user_1937,username,emily doe,name,0.111,0.0,0.0,0.0,0,0.0,0
elena dazvis,name,elena51coder,username,0.417,0.0,0.0,0.0,1,0.0,1
ali patel,name,user_5942,username,0.111,0.0,0.0,0.0,0,0.0,0
john_garcia@outlook.com,email,john gacia,name,0.476,0.0,0.0,0.0,1,0.0,1
fatima70coer,username,fatima edvi,name,0.522,0.0,0.0,0.0,2,0.0,1
hacker_john_johnson,username,yukiwilliamssite.com,domain,0.154,0.0,0.0,0.0,0,0.0,0
jane johnson,name,janesinghsite.com,domain,0.483,0.0,0.0,0.0,0,0.0,0
elena kumar,name,site_8352.com,domain,0.167,0.0,0.0,0.0,1,0.0,0
yuki_amhed,username,yuki_ahmed,username,0.9,0.9,0.0,0.0,0,0.0,1
+916357106968,phone,+916293124167,phone,0.0,0.0,0.0,0.0,0,0.0,0
rajesh smith,name,site_5294.com,domain,0.24,0.0,0.0,0.0,0,0.0,0
contact_9543@yahoo.com,email,contact_4933@yahoo.com,email,0.0,0.0,0.0,0.0,0,0.0,0
yukiwilliamssite.com,domain,john smith,name,0.2,0.0,0.0,0.0,0,0.0,0
+918183223644,phone,+918981347325,phone,0.0,0.0,0.0,0.0,0,0.0,0
contact_9066@outlook.com,email,+916970102802,phone,0.0,0.0,0.0,0.0,0,0.0,0
priya_williamscoder,username,rajeshmillersite.com,domain,0.41,0.0,0.0,0.0,0,0.0,0
hacker_davvid38,username,hacker_david38,username,0.966,0.966,0.0,0.0,2,0.0,1
site_8930.com,domain,david smith,name,0.25,0.0,0.0,0.0,0,0.0,0
michaeltanakasite.com,domain,yuki devi,name,0.2,0.0,0.0,0.0,0,0.0,0
amit_sharma,username,+917871714345,phone,0.0,0.0,0.0,0.0,0,0.0,0
aimt_sharma,username,amit sharma,name,0.818,0.0,0.0,0.0,2,0.0,1
ananyakhan,username,jane sato,name,0.316,0.0,0.0,0.0,0,0.0,0
+916722605607,phone,contact_8572@hotmail.com,email,0.0,0.0,0.0,0.0,1,0.0,0
fatima83@outlook.com,email,fatima tanaka,name,0.571,0.0,0.0,0.0,0,0.0,1
+919916712744,phone,emilybrownsite.com,domain,0.0,0.0,0.0,0.0,0,0.0,0
site_185.com,domain,user_2419,username,0.381,0.0,0.0,0.0,0,0.0,0
david38@hotmail.com,email,+919994107253,phone,0.0,0.0,0.0,0.0,0,0.0,0
elena1,username,elena davis,name,0.588,0.0,0.0,0.0,3,0.0,1
yuki_williams@gmail.com,email,michael sharma,name,0.296,0.0,0.0,0.0,0,0.0,0
ali martinez,name,+916698706930,phone,0.0,0.0,0.0,0.0,0,0.0,0
+916555551959,phone,site_2676.com,domain,0.0,0.0,0.0,0.0,0,0.0,0
hacker_michael_tanaka,username,michaeltanakasite.com,domain,0.619,0.0,0.0,0.0,0,0.0,1
fatdim83,username,hackerfatima83,username,0.636,0.636,0.0,0.0,0,0.0,1
user_7237,username,ken garcia,name,0.105,0.0,0.0,0.0,0,0.0,0
yuki_williams@gmail.com,email,hackre_yuki_williams,username,0.788,0.0,0.0,0.0,0,0.0,1
priya singh,name,+918123425397,phone,0.0,0.0,0.0,0.0,0,0.0,0
priya williams,name,priya_williams,username,0.929,0.0,0.0,0.0,2,0.0,1
site_3771.com,domain,contact_1209@gmail.com,email,0.0,0.0,0.0,0.0,0,0.0,0
rahul77,username,hacker_john_johnson,username,0.154,0.154,0.0,0.0,0,0.0,0
johnsmithsite.com,domain,fatima tanaka,name,0.2,0.0,0.0,0.0,0,0.0,0
priyawilliamssite.com,domain,priya_willmiams,username,0.722,0.0,0.0,0.0,2,0.0,1
site_7588.com,domain,yuki khan,name,0.091,0.0,0.0,0.0,0,0.0,0
ken@customlab.org,email,ken garcia,name,1.0,0.0,0.0,0.0,0,0.0,1
hacker_fatima_patel,username,fatima_patel,username,0.774,0.774,0.0,0.0,0,0.0,1
+916314129319,phone,user_9121,username,0.364,0.0,0.0,0.0,0,0.0,0
user_5950,username,+916158399855,phone,0.273,0.0,0.0,0.0,0,0.0,0
user_9206,username,site_5308.com,domain,0.364,0.0,0.0,0.0,0,0.0,0
elena_tanaka@outlook.com,email,ken garcia,name,0.273,0.0,0.0,0.0,0,0.0,0
+916128841576,phone,+916752816600,phone,0.0,0.0,0.0,0.0,0,0.0,0
hacker_lisa_patel,username,ken_gupta,username,0.385,0.385,0.0,0.0,0,0.0,0
rajesh68,username,+917336835980,phone,0.19,0.0,0.0,0.0,0,0.0,0
ali garcia,name,user_1416,username,0.105,0.0,0.0,0.0,0,0.0,0
carlos shrama,name,hacker_carlos_sharma,username,0.667,0.0,0.0,0.0,0,0.0,1
yuki_wililam,username,yukilabs.net,domain,0.5,0.0,0.0,0.0,2,0.0,1
+916214554348,phone,user_5398,username,0.273,0.0,0.0,0.0,1,0.0,0
asra88,username,sara@customlab.org,email,0.6,0.0,0.0,0.0,1,0.0,1
+18219476000,phone,janesinghsite.com,domain,0.0,0.0,0.0,0.0,1,0.0,1
davidsinghsite.com,domain,+917185643633,phone,0.0,0.0,0.0,0.0,0,0.0,0
sraa_smithdev.org,domain,hacker_sara_smith,username,0.529,0.0,0.0,0.0,0,0.0,1
+916613492850,phone,site_4746.com,domain,0.0,0.0,0.0,0.0,0,0.0,0
rahul johnson,name,site_3070.com,domain,0.154,0.0,0.0,0.0,0,0.0,0
contact_9825@hotmail.com,email,+916555551959,phone,0.0,0.0,0.0,0.0,0,0.0,0
ananyakhansite.com,domain,ali_ahmed,username,0.296,0.0,0.0,0.0,0,0.0,0
lisa_patel@hotmail.com,email,fatima83@outlook.com,email,0.0,0.0,0.0,0.0,0,0.0,0
ken gupta,name,fatima devi,name,0.2,0.0,0.0,0.0,0,0.0,0
lisa92@gmail.com,email,ananyakhan,username,0.125,0.0,0.0,0.0,0,0.0,0
john ahmed,name,amit_sharma@proton.me,email,0.286,0.0,0.0,0.0,0,0.0,0
rajesh martinez,name,+918475056187,phone,0.0,0.0,0.0,0.0,0,0.0,0
hacker_kien80,username,kn80,username,0.471,0.471,0.0,0.0,0,0.0,1
hacker_lisa_patel,username,priyabrownsite.com,domain,0.286,0.0,0.0,0.0,0,0.0,0
carlos devi,name,site_4932.com,domain,0.167,0.0,0.0,0.0,0,0.0,0
+919376816771,phone,michael_tanaka@gmail.com,email,0.0,0.0,0.0,0.0,0,0.0,0
hacker_davvid38,username,david38@davidsite.net,email,0.636,0.0,0.0,0.0,1,0.0,1
+919837615419,phone,fatima_patel,username,0.0,0.0,0.0,0.0,0,0.0,0
rajesh68@gmail.com,email,priya_williams@yahoo.com,email,0.0,0.0,0.0,0.0,0,0.0,0
rajesh singh,name,elena tanaka,name,0.25,0.0,0.0,0.0,0,0.0,0
michael tanaka,name,michael_borwn,username,0.593,0.0,0.0,0.0,0,0.0,0
+916027605816,phone,contact_6270@hotmail.com,email,0.0,0.0,0.0,0.0,0,0.0,0
michael_sharmacoder,username,fatima devi,name,0.267,0.0,0.0,0.0,0,0.0,0
lisa92coder,username,lisatanakasite.com,domain,0.414,0.0,0.0,0.0,0,0.0,1
rajesh davis,name,site_2634.com,domain,0.16,0.0,0.0,0.0,0,0.0,0
priya_williamscoder,username,elenatanakasite.com,domain,0.263,0.0,0.0,0.0,0,0.0,0
michael_williams,username,+918963267690,phone,0.0,0.0,0.0,0.0,0,0.0,0
michael_sharma@yahoo.com,email,+917336835980,phone,0.0,0.0,0.0,0.0,0,0.0,0
ken37@yahoo.com,email,+18389138962,phone,0.0,0.0,0.0,0.0,2,0.0,1
site_7140.com,domain,david martinez,name,0.222,0.0,0.0,0.0,0,0.0,0
lisa_patel,username,lisa patel,name,0.9,0.0,0.0,0.0,1,0.0,1
elena51@elenasite.net,email,elenan51,username,0.933,0.0,0.0,0.0,0,0.0,1
johnlabs.net,domain,hacker_john_garcia,username,0.333,0.0,0.0,0.0,1,0.0,1
michael williams,name,lisa patel,name,0.308,0.0,0.0,0.0,2,0.0,0
hacker_john_ahmed@johnsite.net,email,john_hmed,username,0.692,0.0,0.0,0.0,2,0.0,1
+916801742147,phone,site_2003.com,domain,0.0,0.0,0.0,0.0,0,0.0,0
amit_johnson@outlook.com,email,ait_jlohnson,username,0.917,0.0,0.0,0.0,0,0.0,1
priya76@proton.me,email,+919804281916,phone,0.0,0.0,0.0,0.0,0,0.0,0
contact_5891@hotmail.com,email,contact_2977@yahoo.com,email,0.0,0.0,0.0,0.0,0,0.0,0
site_3961.com,domain,user_1499,username,0.364,0.0,0.0,0.0,1,0.0,0
ananya_khan@proton.me,email,ananyakhansite.com,domain,0.0,0.0,0.0,0.0,0,0.0,1
lis9,username,lisa9,username,0.889,0.889,0.0,0.0,2,0.0,1
rajesh miller,name,ken gupta,name,0.182,0.0,0.0,0.0,0,0.0,0
ali sharma,name,robert martinez,name,0.32,0.0,0.0,0.0,0,0.0,0
amit_johnson@outlook.com,email,rajesh miller,name,0.32,0.0,0.0,0.0,0,0.0,0
lisa_patel@outlook.com,email,lisa@customlab.org,email,0.0,0.0,0.0,0.0,1,0.0,1
+918963267690,phone,rahul@customlab.org,email,0.0,0.0,0.0,0.0,1,0.0,1
+14850779746,phone,lisa@customlab.org,email,0.0,0.0,0.0,0.0,0,0.0,1
user_341,username,user_8818,username,0.706,0.706,0.0,0.0,0,0.0,0
hacker_priya39,username,kenjonessite.com,domain,0.2,0.0,0.0,0.0,0,0.0,0
michaelbrownsite.com,domain,+919376816771,phone,0.0,0.0,0.0,0.0,0,0.0,0
rajesh johnson,name,robert smith,name,0.308,0.0,0.0,0.0,0,0.0,0
ali42@proton.me,email,amit sharma,name,0.25,0.0,0.0,0.0,0,0.0,0
contact_5409@gmail.com,email,+916432135093,phone,0.0,0.0,0.0,0.0,0,0.0,0
lisadevisite.com,domain,lisa48@proton.me,email,0.0,0.0,0.0,0.0,2,0.0,1
user_4287,username,contact_919@yahoo.com,email,0.1,0.0,0.0,0.0,0,0.0,0
elena51,username,hacker_rajesh_gupta,username,0.231,0.231,0.0,0.0,0,0.0,0
+919640160203,phone,lisa_ahmed@proton.me,email,0.0,0.0,0.0,0.0,0,0.0,0
michael_sharmacoder,username,rajesh_singh,username,0.323,0.323,0.0,0.0,0,0.0,0
+919666362423,phone,priya39@gmail.com,email,0.0,0.0,0.0,0.0,0,0.0,0
rajesh_miller@proton.me,email,rajesh68,username,0.571,0.0,0.0,0.0,0,0.0,0
rajesh_miller,username,sara smith,name,0.435,0.0,0.0,0.0,0,0.0,0
priya_williamscoder,username,lisa48,username,0.24,0.24,0.0,0.0,0,0.0,0
contact_9827@gmail.com,email,+916828413924,phone,0.0,0.0,0.0,0.0,1,0.0,0
calros_sharma,username,+12299280777,phone,0.0,0.0,0.0,0.0,0,0.0,1
kengarciasite.com,domain,hacker_elena_tanaka,username,0.278,0.0,0.0,0.0,0,0.0,0
hacker_lisa_ahmed,username,lisa amed,name,0.462,0.0,0.0,0.0,1,0.0,1
site_1073.com,domain,+916633322768,phone,0.0,0.0,0.0,0.0,0,0.0,0
jken80,username,lisa patel,name,0.125,0.0,0.0,0.0,0,0.0,0
david singh,name,+919596703526,phone,0.0,0.0,0.0,0.0,0,0.0,0
amit_sharma@proton.me,email,yuki_devi,username,0.2,0.0,0.0,0.0,0,0.0,0
contact_7966@gmail.com,email,site_6788.com,domain,0.0,0.0,0.0,0.0,0,0.0,0
site_1038.com,domain,rajesh ahmed,name,0.08,0.0,0.0,0.0,0,0.0,0
jane sato,name,jane3coder,username,0.526,0.0,0.0,0.0,2,0.0,1
rajesh@customlab.org,email,rajeshlabs.net,domain,0.0,0.0,0.0,0.0,1,0.0,1
neha miller,name,user_3204,username,0.2,0.0,0.0,0.0,0,0.0,0
site_5459.com,domain,elena khan,name,0.087,0.0,0.0,0.0,0,0.0,0
+918474818136,phone,john15,username,0.105,0.0,0.0,0.0,0,0.0,1
yuki_ahmed@outlook.com,email,+919457189042,phone,0.0,0.0,0.0,0.0,0,0.0,0
jane_singh@gmail.com,email,elena davis,name,0.286,0.0,0.0,0.0,0,0.0,0
lisapatelsite.com,domain,fatimatanakasite.com,domain,0.0,0.0,0.0,0.0,0,0.0,0
michael brown,name,user_4403,username,0.091,0.0,0.0,0.0,0,0.0,0
rajesh guta,name,+919552044458,phone,0.0,0.0,0.0,0.0,0,0.0,1
priyabrownsite.com,domain,ali ahmed,name,0.148,0.0,0.0,0.0,0,0.0,0
user_2310,username,site_3005.com,domain,0.455,0.0,0.0,0.0,0,0.0,0
priya39@gmail.com,email,yuki_ahmed@outlook.com,email,0.0,0.0,0.0,0.0,0,0.0,0
rajeshmillersite.com,domain,fatima tanaka,name,0.182,0.0,0.0,0.0,0,0.0,0
rajesh97@hotmail.com,email,lisa brown,name,0.222,0.0,0.0,0.0,0,0.0,0
+918963267690,phone,rahulpatelsite.com,domain,0.0,0.0,0.0,0.0,1,0.0,1
emily_brown@yahoo.com,email,david38,username,0.111,0.0,0.0,0.0,0,0.0,0
michael johnson,name,site_4006.com,domain,0.214,0.0,0.0,0.0,0,0.0,0
priyasinghsite.com,domain,+919994107253,phone,0.0,0.0,0.0,0.0,0,0.0,0
john gacia,name,hacke_rjohn_garcia,username,0.429,0.0,0.0,0.0,2,0.0,1
contact_1572@proton.me,email,site_6537.com,domain,0.0,0.0,0.0,0.0,0,0.0,0
contact_3929@hotmail.com,email,user_6660,username,0.095,0.0,0.0,0.0,0,0.0,0
hacker_john_garcia,username,ali_ahmed@yahoo.com,email,0.222,0.0,0.0,0.0,0,0.0,0
amit_sharma,username,amit srharma,name,0.87,0.0,0.0,0.0,0,0.0,1
user_4062,username,site_6153.com,domain,0.364,0.0,0.0,0.0,0,0.0,0
jane_singh@gmail.com,email,ali kumar,name,0.211,0.0,0.0,0.0,0,0.0,0
contact_2740@gmail.com,email,contact_4920@outlook.com,email,0.0,0.0,0.0,0.0,1,0.0,0
user_5684,username,user_9121,username,0.556,0.556,0.0,0.0,0,0.0,0
hacker_rajesh64,username,ali ahmed,name,0.25,0.0,0.0,0.0,0,0.0,0
site_3170.com,domain,site_2845.com,domain,0.0,0.0,0.0,0.0,1,0.0,0
rajesh68,username,amit_johnson@outlook.com,email,0.3,0.0,0.0,0.0,0,0.0,0
alai42,username,ai4l2,username,0.727,0.727,0.0,0.0,1,0.0,1
user_7447,username,user_2980,username,0.556,0.556,0.0,0.0,1,0.0,0
ken37,username,+18389138962,phone,0.118,0.0,0.0,0.0,0,0.0,1
ken_gupta@outlook.com,email,kengarciasite.com,domain,0.0,0.0,0.0,0.0,0,0.0,0
site_2362.com,domain,+916265061272,phone,0.0,0.0,0.0,0.0,0,0.0,0
rajeshguptasite.com,domain,sara miller,name,0.2,0.0,0.0,0.0,0,0.0,0
elena tanaka,name,hacker_carlos_sharma,username,0.25,0.0,0.0,0.0,0,0.0,0
+918733759412,phone,+918318297467,phone,0.0,0.0,0.0,0.0,0,0.0,0
+919952958729,phone,yuk_iedvi,username,0.0,0.0,0.0,0.0,3,0.0,1
hacker_lisa84,username,lis4a8,username,0.526,0.526,0.0,0.0,1,0.0,1
fatim83,username,fatima patel,name,0.526,0.0,0.0,0.0,0,0.0,0
michaelbrownsite.com,domain,+919254703979,phone,0.0,0.0,0.0,0.0,0,0.0,0
contact_8850@hotmail.com,email,user_3909,username,0.19,0.0,0.0,0.0,0,0.0,0
jane3@janesite.net,email,jane3,username,1.0,0.0,0.0,1.0,2,0.0,1
site_8379.com,domain,+916045206145,phone,0.0,0.0,0.0,0.0,0,0.0,0
praiya726,username,+918595924800,phone,0.091,0.0,0.0,0.0,0,0.0,1
lisa patel,name,+918733759412,phone,0.0,0.0,0.0,0.0,1,0.0,1
fatimatanakasite.com,domain,hacker_elena_tanaka,username,0.41,0.0,0.0,0.0,0,0.0,0
+919596703526,phone,+919552044458,phone,0.0,0.0,0.0,0.0,0,0.0,0
site_858.com,domain,user_3309,username,0.286,0.0,0.0,0.0,0,0.0,0
+919243258548,phone,ali_ahmed@yahoo.com,email,0.0,0.0,0.0,0.0,0,0.0,0
yuki_ahmed@outlook.com,email,amit_sharma@proton.me,email,0.0,0.0,0.0,0.0,0,0.0,0
site_5844.com,domain,user_124,username,0.381,0.0,0.0,0.0,0,0.0,0
+918595924800,phone,acker_priya76,username,0.0,0.0,0.0,0.0,0,0.0,1
rajesh_martinez@yahoo.com,email,amit_johnson@outlook.com,email,0.0,0.0,0.0,0.0,0,0.0,0
sara sato,name,yuki doe,name,0.118,0.0,0.0,0.0,2,0.0,0
sara davis,name,site_2676.com,domain,0.087,0.0,0.0,0.0,1,0.0,0
site_3823.com,domain,contact_8191@gmail.com,email,0.0,0.0,0.0,0.0,0,0.0,0
elena smith,name,+916900573795,phone,0.0,0.0,0.0,0.0,0,0.0,0
+918123425397,phone,+918687709408,phone,0.0,0.0,0.0,0.0,0,0.0,0
user_4422,username,emily brown,name,0.1,0.0,0.0,0.0,0,0.0,0
hacker_rajesh_miller,username,rajseh_miler,username,0.688,0.688,0.0,0.0,0,0.0,1
yuki_ahmed@outlook.com,email,yuki@customlab.org,email,0.0,0.0,0.0,0.0,1,0.0,1
sraa_smith,username,sara_smith@hotmail.com,email,0.9,0.0,0.0,0.0,2,0.0,1
rahulpatelsite.com,domain,faitma70,username,0.308,0.0,0.0,0.0,0,0.0,0
+919289245144,phone,+15692639547,phone,0.0,0.0,0.0,0.0,1,0.0,1
contact_7633@hotmail.com,email,site_6362.com,domain,0.0,0.0,0.0,0.0,0,0.0,0
+18397435820,phone,john gacia,name,0.0,0.0,0.0,0.0,2,0.0,1
site_943.com,domain,contact_4713@hotmail.com,email,0.0,0.0,0.0,0.0,0,0.0,0
+916254665278,phone,contact_2594@outlook.com,email,0.0,0.0,0.0,0.0,0,0.0,0
contact_867@proton.me,email,site_5613.com,domain,0.0,0.0,0.0,0.0,0,0.0,0
michael_brown@hotmail.com,email,lisa_ahmed,username,0.261,0.0,0.0,0.0,0,0.0,0
+917430387833,phone,+917912548711,phone,0.0,0.0,0.0,0.0,0,0.0,0
lisa devi,name,johngarciasite.com,domain,0.148,0.0,0.0,0.0,0,0.0,0
lisa_ahmed,username,yuki_ahmed,username,0.7,0.7,0.0,0.0,0,0.0,0
janejohnsonsite.com,domain,hacker_jane_johnson,username,0.579,0.0,0.0,0.0,2,0.0,1
+916241632549,phone,+916652192187,phone,0.0,0.0,0.0,0.0,0,0.0,0
yuki williams,name,hackre_yuki_williams,username,0.485,0.0,0.0,0.0,2,0.0,1
jken80,username,michael_borwn,username,0.211,0.211,0.0,0.0,0,0.0,0
amit_sharma,username,amti_sharmacoder,username,0.741,0.741,0.0,0.0,0,0.0,1
michael_willias,username,michael_wirlliams,username,0.938,0.938,0.0,0.0,2,0.0,1
site_7330.com,domain,neha miller,name,0.167,0.0,0.0,0.0,0,0.0,0
elenasatosite.com,domain,ananya_khan@proton.me,email,0.0,0.0,0.0,0.0,0,0.0,0
ken jones,name,+918318297467,phone,0.0,0.0,0.0,0.0,0,0.0,0
user_3081,username,contact_7828@outlook.com,email,0.19,0.0,0.0,0.0,0,0.0,0
elena51@elenasite.net,email,elena1,username,0.923,0.0,0.0,0.0,2,0.0,1
yukidevisite.com,domain,jane_johnson@hotmail.com,email,0.0,0.0,0.0,0.0,0,0.0,0
ail42,username,ali kumar,name,0.286,0.0,0.0,0.0,3,0.0,1
lisa_patle,username,jken80,username,0.125,0.125,0.0,0.0,0,0.0,0
contact_5623@hotmail.com,email,+916290683026,phone,0.0,0.0,0.0,0.0,0,0.0,0
johnlabs.net,domain,hcaker_john_ahmed,username,0.414,0.0,0.0,0.0,0,0.0,1
rajesh_singhcoder,username,+919323536905,phone,0.0,0.0,0.0,0.0,0,0.0,1
sara miller,name,yukiahmedsite.com,domain,0.214,0.0,0.0,0.0,0,0.0,0
+916978723541,phone,+916472645383,phone,0.0,0.0,0.0,0.0,0,0.0,0
rajesh singh,name,carlos sharma,name,0.4,0.0,0.0,0.0,0,0.0,0
lisa_patel@hotmail.com,email,ilsa patel,name,0.8,0.0,0.0,0.0,2,0.0,1
ken80,username,+16750183932,phone,0.118,0.0,0.0,0.0,2,0.0,1
lisa92coder,username,lisa@customlab.org,email,0.533,0.0,0.0,0.0,0,0.0,1
priya_williamscoder,username,elenasatosite.com,domain,0.278,0.0,0.0,0.0,0,0.0,0
contact_3699@yahoo.com,email,contact_1534@gmail.com,email,0.0,0.0,0.0,0.0,0,0.0,0
fatima_patel@outlook.com,email,ali42coder,username,0.273,0.0,0.0,0.0,0,0.0,0
michael sharma,name,johnsmithsite.com,domain,0.323,0.0,0.0,0.0,1,0.0,0
johnlabs.net,domain,john@customlab.org,email,0.0,0.0,0.0,0.0,2,0.0,1
amit_johnson@outlook.com,email,davidsinghsite.com,domain,0.0,0.0,0.0,0.0,0,0.0,0
fatima83,username,hackerfatima83,username,0.727,0.727,0.0,0.0,0,0.0,1
+918687709408,phone,+919254703979,phone,0.0,0.0,0.0,0.0,0,0.0,0
ali ahmed,name,+919640160203,phone,0.0,0.0,0.0,0.0,0,0.0,0
hacker_john_johnson,username,hakcer_john_johnson,username,0.947,0.947,0.0,0.0,2,0.0,1
+918981347325,phone,john_johnson@hotmail.com,email,0.0,0.0,0.0,0.0,0,0.0,0
michael_tanaka,username,john_johnson@hotmail.com,email,0.231,0.0,0.0,0.0,0,0.0,0
sara_smith@hotmail.com,email,carlos sharma,name,0.348,0.0,0.0,0.0,1,0.0,0
pjohn_hmed,username,john_amhed,username,0.8,0.8,0.0,0.0,1,0.0,1
fatimalabs.net,domain,fatma83,username,0.476,0.0,0.0,0.0,1,0.0,1
rajesh khan,name,+918338710195,phone,0.0,0.0,0.0,0.0,0,0.0,0
hacker_rajesh64,username,jane3,username,0.2,0.2,0.0,0.0,0,0.0,0
yuki_wililams,username,+917684885731,phone,0.0,0.0,0.0,0.0,0,0.0,0
jane35@gmail.com,email,michael_brown@hotmail.com,email,0.0,0.0,0.0,0.0,0,0.0,0
contact_6270@hotmail.com,email,amit ahmed,name,0.182,0.0,0.0,0.0,1,0.0,0
jane_snigh,username,jane singh,name,0.8,0.0,0.0,0.0,0,0.0,1
+916844849548,phone,user_3402,username,0.091,0.0,0.0,0.0,0,0.0,0
michael_borwn,username,rajesh singh,name,0.24,0.0,0.0,0.0,0,0.0,0
sarasmithsite.com,domain,johnjohnsonsite.com,domain,0.0,0.0,0.0,0.0,0,0.0,0
aliahmedsite.com,domain,lisa devi,name,0.24,0.0,0.0,0.0,0,0.0,0
+916494988351,phone,fatima devi,name,0.0,0.0,0.0,0.0,0,0.0,0
user_4128,username,michael smith,name,0.091,0.0,0.0,0.0,0,0.0,0
+917212115091,phone,rahul patel,name,0.0,0.0,0.0,0.0,0,0.0,0
hacker_rajesh_miller,username,hacker_rajesh_millxer,username,0.976,0.976,0.0,0.0,0,0.0,1
yuki ahmed,name,lisa devi,name,0.316,0.0,0.0,0.0,0,0.0,0
ali martinez,name,+916785251475,phone,0.0,0.0,0.0,0.0,0,0.0,0
amit_sharma@proton.me,email,elenadavissite.com,domain,0.0,0.0,0.0,0.0,0,0.0,0
+918965178657,phone,priya brown,name,0.0,0.0,0.0,0.0,0,0.0,0
sara_smith@hotmail.com,email,rajesh_miller,username,0.435,0.0,0.0,0.0,0,0.0,0
+916336950118,phone,carlos khan,name,0.0,0.0,0.0,0.0,0,0.0,0
+916744048794,phone,site_1229.com,domain,0.0,0.0,0.0,0.0,0,0.0,0
rahul77@outlook.com,email,rahullabs.net,domain,0.0,0.0,0.0,0.0,0,0.0,1
rajesh64@yahoo.com,email,john smith,name,0.333,0.0,0.0,0.0,0,0.0,0
lisa taanka,name,lisa@customlab.org,email,1.0,0.0,0.0,0.0,0,0.0,1
+916270967466,phone,+916241632549,phone,0.0,0.0,0.0,0.0,0,0.0,0
fatima70@hotmail.com,email,hacker_john_ahmed,username,0.16,0.0,0.0,0.0,0,0.0,0
sara_smith@hotmail.com,email,hacker_sara_smith,username,0.741,0.0,0.0,0.0,3,0.0,1
ali42coder,username,ali42coder@alisite.net,email,1.0,0.0,0.0,1.0,2,0.0,1
rajeshguptasite.com,domain,rajesh64@yahoo.com,email,0.0,0.0,0.0,0.0,0,0.0,0
+919994107253,phone,fatima tnaaka,name,0.0,0.0,0.0,0.0,1,0.0,1
user_1188,username,+916185188647,phone,0.364,0.0,0.0,0.0,0,0.0,0
lisa9,username,aliahmedsite.com,domain,0.286,0.0,0.0,0.0,0,0.0,0
hacker_jane_singh,username,rajesh_martinez,username,0.375,0.375,0.0,0.0,0,0.0,0
dvid38,username,+919733959353,phone,0.105,0.0,0.0,0.0,1,0.0,1
yuki devi,name,yukilabs.net,domain,0.381,0.0,0.0,0.0,1,0.0,1
rajesh_singhcoder,username,rajehs_singh,username,0.759,0.759,0.0,0.0,2,0.0,1
+917327141441,phone,ait_johnsondev.org,domain,0.0,0.0,0.0,0.0,1,0.0,1
ken gupta,name,ken_guptadev.org,domain,0.48,0.0,0.0,0.0,1,0.0,1
+919916712744,phone,ken garcia,name,0.0,0.0,0.0,0.0,0,0.0,0
user_2354,username,site_5941.com,domain,0.455,0.0,0.0,0.0,0,0.0,0
+917521726436,phone,ali kumar,name,0.0,0.0,0.0,0.0,1,0.0,1
contact_2977@yahoo.com,email,user_6596,username,0.19,0.0,0.0,0.0,0,0.0,0
michael_williams@proton.me,email,sara_smith@hotmail.com,email,0.0,0.0,0.0,0.0,0,0.0,0
contact_3205@gmail.com,email,contact_7130@proton.me,email,0.0,0.0,0.0,0.0,0,0.0,0
jane3,username,hacker_john_garcia,username,0.174,0.174,0.0,0.0,0,0.0,0
priya_williamscoder@priyasite.net,email,priya_willmiams,username,0.824,0.0,0.0,0.0,2,0.0,1
rajesh singh,name,hacker_rajesh_gupta,username,0.452,0.0,0.0,0.0,0,0.0,0
davidsinghsite.com,domain,elena_tanaka@outlook.com,email,0.0,0.0,0.0,0.0,0,0.0,0
+14968697564,phone,miqchael_willias,username,0.0,0.0,0.0,0.0,0,0.0,1
elenasatosite.com,domain,hacker_elena355,username,0.312,0.0,0.0,0.0,0,0.0,1
+916666141412,phone,site_5921.com,domain,0.0,0.0,0.0,0.0,0,0.0,0
priyawilliamssite.com,domain,priya76@proton.me,email,0.0,0.0,0.0,0.0,0,0.0,0
site_943.com,domain,site_7274.com,domain,0.0,0.0,0.0,0.0,0,0.0,0
rajesh_miller@rajeshsite.net,email,hacker_rajesh_miller,username,0.788,0.0,0.0,0.0,0,0.0,1
site_8050.com,domain,+916410758380,phone,0.0,0.0,0.0,0.0,0,0.0,0
fatimapatelsite.com,domain,elena_tanaka@outlook.com,email,0.0,0.0,0.0,0.0,0,0.0,0
yuki_williams,username,hacker_yuki_williams,username,0.788,0.788,0.0,0.0,1,0.0,1
contact_2039@yahoo.com,email,user_1013,username,0.286,0.0,0.0,0.0,0,0.0,0
alikumarsite.com,domain,kengarciasite.com,domain,0.0,0.0,0.0,0.0,0,0.0,0
michael_brown@hotmail.com,email,rajesh_martinez@yahoo.com,email,0.0,0.0,0.0,0.0,0,0.0,0
+917107621714,phone,+919994107253,phone,0.0,0.0,0.0,0.0,0,0.0,0
anany akhan,name,ananyakhan,username,0.571,0.0,0.0,0.0,1,0.0,1
yukidevisite.com,domain,lisadevisite.com,domain,0.0,0.0,0.0,0.0,0,0.0,0
ken johnson,name,user_3529,username,0.2,0.0,0.0,0.0,1,0.0,0
user_6322,username,contact_2784@outlook.com,email,0.19,0.0,0.0,0.0,0,0.0,0
rahul williams,name,contact_267@gmail.com,email,0.08,0.0,0.0,0.0,0,0.0,0
rajesh68,username,rajesh_gupta@outlook.com,email,0.6,0.0,0.0,0.0,0,0.0,0
rajesh gupta,name,+919552044458,phone,0.0,0.0,0.0,0.0,2,0.0,1
+919369099268,phone,ali_ahemdcoder,username,0.0,0.0,0.0,0.0,0,0.0,1
lisa9,username,amitjohnsonsite.com,domain,0.167,0.0,0.0,0.0,1,0.0,0
+918687709408,phone,jane sato,name,0.0,0.0,0.0,0.0,0,0.0,0
site_4589.com,domain,user_4130,username,0.364,0.0,0.0,0.0,0,0.0,0
site_1009.com,domain,user_9266,username,0.364,0.0,0.0,0.0,1,0.0,0
+916704379345,phone,contact_1073@gmail.com,email,0.0,0.0,0.0,0.0,0,0.0,0
jane johnson,name,janesinghsite.com,domain,0.483,0.0,0.0,0.0,0,0.0,0
ananyakhan@ananyasite.net,email,aanya_khan,username,0.9,0.0,0.0,0.0,3,0.0,1
hacker_priya76@priyasite.net,email,pria76,username,0.6,0.0,0.0,0.0,2,0.0,1
rahulpatelsite.com,domain,rahullabs.net,domain,0.0,0.0,0.0,0.0,2,0.0,1
+918733759412,phone,lisalabs.net,domain,0.0,0.0,0.0,0.0,0,0.0,1
hacker_john_ahmed,username,fatimadevisite.com,domain,0.229,0.0,0.0,0.0,0,0.0,0
+17175203672,phone,fatima tnaaka,name,0.0,0.0,0.0,0.0,2,0.0,1
lisa patel,name,lisa@customlab.org,email,1.0,0.0,0.0,0.0,0,0.0,1
+916224112684,phone,contact_4636@hotmail.com,email,0.0,0.0,0.0,0.0,0,0.0,0
michaelbrownsite.com,domain,michael_borwn@michaelsite.net,email,0.0,0.0,0.0,0.0,0,0.0,1
hacker_ananya_khan,username,+918123425397,phone,0.0,0.0,0.0,0.0,0,0.0,1
+916825161750,phone,user_7492,username,0.182,0.0,0.0,0.0,0,0.0,0
elena_tanaka@outlook.com,email,+919582781625,phone,0.0,0.0,0.0,0.0,0,0.0,0
john miller,name,amit brown,name,0.286,0.0,0.0,0.0,0,0.0,0
user_9086,username,+916561245906,phone,0.273,0.0,0.0,0.0,1,0.0,0
michael_williams,username,david38@hotmail.com,email,0.174,0.0,0.0,0.0,0,0.0,0
hacker_rajesh64,username,+919589711983,phone,0.0,0.0,0.0,0.0,0,0.0,0
+919733959353,phone,+919666362423,phone,0.0,0.0,0.0,0.0,0,0.0,0
+919323536905,phone,+918981347325,phone,0.0,0.0,0.0,0.0,0,0.0,0
emily ahmed,name,contact_7850@hotmail.com,email,0.087,0.0,0.0,0.0,0,0.0,0
carlos davis,name,site_4792.com,domain,0.16,0.0,0.0,0.0,0,0.0,0
priya76@proton.me,email,+919640160203,phone,0.0,0.0,0.0,0.0,0,0.0,0
hacker_david38,username,david38,username,0.667,0.667,0.0,0.0,2,0.0,1
ait_johnsondev.org,domain,hacker_amit_johnson,username,0.595,0.0,0.0,0.0,2,0.0,1
michaelsharmasite.com,domain,michael_sharma@yahoo.com,email,0.0,0.0,0.0,0.0,2,0.0,1
+919552044458,phone,lisa77,username,0.0,0.0,0.0,0.0,0,0.0,0
carlos kumar,name,+916763148600,phone,0.0,0.0,0.0,0.0,0,0.0,0
+917327141441,phone,amit_johnson,username,0.0,0.0,0.0,0.0,2,0.0,1
rajesh_gupta@outlook.com,email,amitsharmasite.com,domain,0.0,0.0,0.0,0.0,0,0.0,0
fatima70@hotmail.com,email,+919323536905,phone,0.0,0.0,0.0,0.0,0,0.0,0
site_4706.com,domain,+916323463232,phone,0.0,0.0,0.0,0.0,0,0.0,0
+918475056187,phone,hacker_ken80,username,0.16,0.0,0.0,0.0,2,0.0,1
+917185643633,phone,ananya khan,name,0.0,0.0,0.0,0.0,0,0.0,0
contact_9337@yahoo.com,email,+916224518929,phone,0.0,0.0,0.0,0.0,0,0.0,0
site_8747.com,domain,priya martinez,name,0.148,0.0,0.0,0.0,0,0.0,0
+919289245144,phone,lisa_ahmed,username,0.0,0.0,0.0,0.0,0,0.0,0
+919582781625,phone,janesinghsite.com,domain,0.0,0.0,0.0,0.0,0,0.0,0
site_2422.com,domain,neha johnson,name,0.16,0.0,0.0,0.0,0,0.0,0
+916811795448,phone,+916683564321,phone,0.0,0.0,0.0,0.0,0,0.0,0
ali kumar,name,site_7859.com,domain,0.182,0.0,0.0,0.0,0,0.0,0
yukiahmedsite.com,domain,jane_johnson@hotmail.com,email,0.0,0.0,0.0,0.0,0,0.0,0
yuki_williams@gmail.com,email,lisa devi,name,0.364,0.0,0.0,0.0,0,0.0,0
janesinghsite.com,domain,hacker_janre_singh,username,0.514,0.0,0.0,0.0,3,0.0,1
lisa brwon,name,lisa77dev.org,domain,0.348,0.0,0.0,0.0,0,0.0,1
site_6327.com,domain,contact_1417@gmail.com,email,0.0,0.0,0.0,0.0,0,0.0,0
ilsa patel,name,lisa@customlab.org,email,0.429,0.0,0.0,0.0,2,0.0,1
contact_6439@yahoo.com,email,+916128841576,phone,0.0,0.0,0.0,0.0,0,0.0,0
michaelwilliamssite.com,domain,yuki williams,name,0.5,0.0,0.0,0.0,0,0.0,0
contact_3819@outlook.com,email,user_7456,username,0.095,0.0,0.0,0.0,0,0.0,0
contact_7251@gmail.com,email,+916377613096,phone,0.0,0.0,0.0,0.0,0,0.0,0
+919369099268,phone,hacker_lisa_patel,username,0.0,0.0,0.0,0.0,0,0.0,0
jane johnson,name,rajesh68@gmail.com,email,0.3,0.0,0.0,0.0,0,0.0,0
ali_ahmed,username,hacker_carlos_sharma,username,0.345,0.345,0.0,0.0,0,0.0,0
alilabs.net,domain,lai ahmed,name,0.3,0.0,0.0,0.0,1,0.0,1
contact_4376@yahoo.com,email,ali khan,name,0.1,0.0,0.0,0.0,1,0.0,0
user_9948,username,site_3778.com,domain,0.364,0.0,0.0,0.0,0,0.0,0
user_9766,username,user_1447,username,0.667,0.667,0.0,0.0,0,0.0,0
+916516685648,phone,+916328816281,phone,0.0,0.0,0.0,0.0,0,0.0,0
aliahmedsite.com,domain,priya brown,name,0.148,0.0,0.0,0.0,0,0.0,0
david38@hotmail.com,email,john smith,name,0.118,0.0,0.0,0.0,0,0.0,0
+17833385519,phone,priy@customlab.org,email,0.0,0.0,0.0,0.0,2,0.0,1
contact_8555@proton.me,email,robert brown,name,0.25,0.0,0.0,0.0,0,0.0,0
jane35@gmail.com,email,elena51,username,0.308,0.0,0.0,0.0,0,0.0,0
fatimapatelsite.com,domain,ali_ahmed@yahoo.com,email,0.0,0.0,0.0,0.0,0,0.0,0
sara_smith,username,+16443294810,phone,0.0,0.0,0.0,0.0,3,0.0,1
alilabs.net,domain,al kumar,name,0.316,0.0,0.0,0.0,2,0.0,1
rajesh68,username,hacker_rajesh64,username,0.609,0.609,0.0,0.0,0,0.0,0
yukiwilliamssite.com,domain,elena35@yahoo.com,email,0.0,0.0,0.0,0.0,0,0.0,0
+917047187022,phone,rajeshsinghsite.com,domain,0.0,0.0,0.0,0.0,0,0.0,0
sara tanaka,name,contact_5216@gmail.com,email,0.174,0.0,0.0,0.0,0,0.0,0
jane3,username,hacker_john_garcia,username,0.174,0.174,0.0,0.0,0,0.0,0
aliahmedsite.com,domain,ali@customlab.org,email,0.0,0.0,0.0,0.0,2,0.0,1
site_3404.com,domain,user_7463,username,0.364,0.0,0.0,0.0,1,0.0,0
yuki@customlab.org,email,yukiwilliamssite.com,domain,0.0,0.0,0.0,0.0,3,0.0,1
michael williams,name,+919032150374,phone,0.0,0.0,0.0,0.0,0,0.0,0
site_6813.com,domain,user_7689,username,0.455,0.0,0.0,0.0,0,0.0,0
rajeshguptasite.com,domain,+917521726436,phone,0.0,0.0,0.0,0.0,0,0.0,0
fatima doe,name,+916740920952,phone,0.0,0.0,0.0,0.0,0,0.0,0
sara_smith@hotmail.com,email,+917912548711,phone,0.0,0.0,0.0,0.0,0,0.0,0
contact_3380@yahoo.com,email,ken smith,name,0.19,0.0,0.0,0.0,0,0.0,0
yukiwilliamssite.com,domain,lisa_ahmed@proton.me,email,0.0,0.0,0.0,0.0,0,0.0,0
priya singh,name,lisa patel,name,0.286,0.0,0.0,0.0,0,0.0,0
fatima_patel@outlook.com,email,lisa ahmed,name,0.364,0.0,0.0,0.0,0,0.0,0
user_4750,username,contact_5484@outlook.com,email,0.19,0.0,0.0,0.0,0,0.0,0
site_7542.com,domain,+916811795448,phone,0.0,0.0,0.0,0.0,0,0.0,0
+918475056187,phone,faitma70,username,0.19,0.0,0.0,0.0,0,0.0,0
contact_4713@hotmail.com,email,site_4504.com,domain,0.0,0.0,0.0,0.0,0,0.0,0
hacker_lisa_patel,username,rajesh gupta,name,0.276,0.0,0.0,0.0,0,0.0,0
user_6446,username,+916702928709,phone,0.091,0.0,0.0,0.0,0,0.0,0
yuki_ahmed@outlook.com,email,jane_singh@gmail.com,email,0.0,0.0,0.0,0.0,0,0.0,0
user_4892,username,+916225746943,phone,0.182,0.0,0.0,0.0,0,0.0,0
michael_tanaka,username,michael_sharmacoder,username,0.606,0.606,0.0,0.0,0,0.0,0
michael_williams@proton.me,email,jane_johnson@hotmail.com,email,0.0,0.0,0.0,0.0,0,0.0,0
+918965178657,phone,+919582781625,phone,0.0,0.0,0.0,0.0,0,0.0,0
fatima ahmed,name,john miller,name,0.261,0.0,0.0,0.0,0,0.0,0
contact_7717@proton.me,email,+916027388174,phone,0.0,0.0,0.0,0.0,0,0.0,0
site_1332.com,domain,site_2088.com,domain,0.0,0.0,0.0,0.0,0,0.0,0
site_2560.com,domain,jane tanaka,name,0.083,0.0,0.0,0.0,0,0.0,0
+918318297467,phone,ali42coder,username,0.087,0.0,0.0,0.0,0,0.0,0
michael tanaka,name,lisa_ahmed,username,0.25,0.0,0.0,0.0,0,0.0,0
yuki iwlliams,name,yuki_williams,username,0.615,0.0,0.0,0.0,0,0.0,1
site_7244.com,domain,site_6250.com,domain,0.0,0.0,0.0,0.0,0,0.0,0
david38,username,david38@hotmail.com,email,1.0,0.0,0.0,1.0,0,0.0,1
rajesh_miller@proton.me,email,rajesh97@hotmail.com,email,0.0,0.0,0.0,0.0,0,0.0,0
priya39@gmail.com,email,hacker_rajesh64,username,0.182,0.0,0.0,0.0,0,0.0,0
ken_gupta,username,elena_tanaka@outlook.com,email,0.476,0.0,0.0,0.0,0,0.0,0
elena51,username,lisa patel,name,0.235,0.0,0.0,0.0,0,0.0,0
sara martinez,name,user_2871,username,0.182,0.0,0.0,0.0,0,0.0,0
hacker_john_ahmed,username,rajeshguptasite.com,domain,0.278,0.0,0.0,0.0,0,0.0,0
john smith,name,emilybrownsite.com,domain,0.357,0.0,0.0,0.0,0,0.0,0
elena_tanaka@outlook.com,email,elena_tanaka,username,1.0,0.0,0.0,1.0,1,0.0,1
user_4750,username,user_518,username,0.706,0.706,0.0,0.0,0,0.0,0
contact_7391@gmail.com,email,+916544460051,phone,0.0,0.0,0.0,0.0,0,0.0,0
+917684885731,phone,johnjohnsonsite.com,domain,0.0,0.0,0.0,0.0,0,0.0,0
+916788360209,phone,sara brown,name,0.0,0.0,0.0,0.0,0,0.0,0
rajeshkhansite.com,domain,+917521726436,phone,0.0,0.0,0.0,0.0,0,0.0,0
site_6150.com,domain,site_6683.com,domain,0.0,0.0,0.0,0.0,0,0.0,0
michaelwilliamssite.com,domain,ali kumar,name,0.25,0.0,0.0,0.0,0,0.0,0
carlos khan,name,+916523648129,phone,0.0,0.0,0.0,0.0,0,0.0,0
hacker_amit_johnson,username,ait_johnson,username,0.733,0.733,0.0,0.0,2,0.0,1
priya singh,name,+918474818136,phone,0.0,0.0,0.0,0.0,0,0.0,0
hcaker_john_ahmed,username,pjohn_hmed,username,0.667,0.667,0.0,0.0,0,0.0,1
elenasatosite.com,domain,michael_borwn,username,0.2,0.0,0.0,0.0,0,0.0,0
amit johnson,name,hacker_rajesh97,username,0.222,0.0,0.0,0.0,1,0.0,0
fatima sato,name,user_1940,username,0.1,0.0,0.0,0.0,0,0.0,0
lisa92@gmail.com,email,+917521726436,phone,0.0,0.0,0.0,0.0,0,0.0,0
sarasmithsite.com,domain,lisa9,username,0.182,0.0,0.0,0.0,0,0.0,0
site_6127.com,domain,contact_1209@gmail.com,email,0.0,0.0,0.0,0.0,0,0.0,0
+916325561467,phone,site_2569.com,domain,0.0,0.0,0.0,0.0,0,0.0,0
ananyakhan,username,michael_tanaka@gmail.com,email,0.5,0.0,0.0,0.0,0,0.0,0
rajesh_gupta,username,rajesh_gupta@outlook.com,email,1.0,0.0,0.0,1.0,1,0.0,1
rahul77,username,+918687709408,phone,0.2,0.0,0.0,0.0,0,0.0,0
yuki_wililams,username,hacker_yuki_williams,username,0.727,0.727,0.0,0.0,0,0.0,1
+919369099268,phone,johnsmithsite.com,domain,0.0,0.0,0.0,0.0,0,0.0,0
+916158163385,phone,user_4778,username,0.091,0.0,0.0,0.0,0,0.0,0
+918687709408,phone,lisaahmedsite.com,domain,0.0,0.0,0.0,0.0,2,0.0,1
user_5800,username,+916743644835,phone,0.091,0.0,0.0,0.0,0,0.0,0
ken3,username,carlos_sharma@hotmail.com,email,0.0,0.0,0.0,0.0,0,0.0,0
site_5714.com,domain,michael ahmed,name,0.154,0.0,0.0,0.0,0,0.0,0
priyasinghsite.com,domain,fatimadevisite.com,domain,0.0,0.0,0.0,0.0,0,0.0,0
contact_9068@outlook.com,email,site_3799.com,domain,0.0,0.0,0.0,0.0,0,0.0,0
+13361204236,phone,lisa77@lisasite.net,email,0.0,0.0,0.0,0.0,1,0.0,1
rahul miller,name,site_719.com,domain,0.167,0.0,0.0,0.0,0,0.0,0
kenlabs.net,domain,jken08,username,0.353,0.0,0.0,0.0,3,0.0,1
+916064391972,phone,site_2526.com,domain,0.0,0.0,0.0,0.0,0,0.0,0
ken jones,name,user_6791,username,0.222,0.0,0.0,0.0,0,0.0,0
+918209110951,phone,lisa brown,name,0.0,0.0,0.0,0.0,0,0.0,0
rajesh_miller,username,sara miller,name,0.5,0.0,0.0,0.0,0,0.0,0
+919243258548,phone,yuki devi,name,0.0,0.0,0.0,0.0,0,0.0,0
contact_8596@outlook.com,email,contact_811@gmail.com,email,0.0,0.0,0.0,0.0,0,0.0,0
lisa77@lisasite.net,email,lisa77@yahoo.com,email,0.0,0.0,0.0,0.0,2,0.0,1
site_8930.com,domain,yuki brown,name,0.087,0.0,0.0,0.0,0,0.0,0
priya_williamscoder,username,michael tanaka,name,0.242,0.0,0.0,0.0,0,0.0,0
user_3040,username,user_6829,username,0.556,0.556,0.0,0.0,0,0.0,0
+918963267690,phone,kenjonessite.com,domain,0.0,0.0,0.0,0.0,0,0.0,0
fatima70@hotmail.com,email,fatima70coder,username,0.762,0.0,0.0,0.0,2,0.0,1
+916586323254,phone,sara patel,name,0.0,0.0,0.0,0.0,0,0.0,0
contact_9709@yahoo.com,email,ken tanaka,name,0.273,0.0,0.0,0.0,0,0.0,0
michael_sharma@yahoo.com,email,michael sharma,name,0.929,0.0,0.0,0.0,1,0.0,1
+919243258548,phone,john garcia,name,0.0,0.0,0.0,0.0,0,0.0,0
site_3726.com,domain,user_3978,username,0.455,0.0,0.0,0.0,0,0.0,0
+919552044458,phone,+917871714345,phone,0.0,0.0,0.0,0.0,0,0.0,0
hacker_john_garcia@johnsite.net,email,john garcia,name,0.414,0.0,0.0,0.0,0,0.0,1
johnlabs.net,domain,+919032150374,phone,0.0,0.0,0.0,0.0,2,0.0,1
hacker_john_garcia@johnsite.net,email,hacker_john_garcia,username,1.0,0.0,0.0,1.0,0,0.0,1
jken80,username,amit_sharma,username,0.0,0.0,0.0,0.0,0,0.0,0
lisa_patel@outlook.com,email,john smith,name,0.2,0.0,0.0,0.0,0,0.0,0
priya khan,name,user_6212,username,0.105,0.0,0.0,0.0,0,0.0,0
priya_willmiams,username,priyaw_illmiams,username,0.933,0.933,0.0,0.0,2,0.0,1
contact_4285@outlook.com,email,user_2258,username,0.286,0.0,0.0,0.0,0,0.0,0
kenguptasite.com,domain,amit_sharma,username,0.296,0.0,0.0,0.0,0,0.0,0
user_5027,username,+916079640798,phone,0.182,0.0,0.0,0.0,1,0.0,0
contact_2382@yahoo.com,email,site_6339.com,domain,0.0,0.0,0.0,0.0,0,0.0,0
contact_1043@yahoo.com,email,site_943.com,domain,0.0,0.0,0.0,0.0,0,0.0,0
sara smith,name,+916151492303,phone,0.0,0.0,0.0,0.0,0,0.0,0
contact_4557@yahoo.com,email,contact_4336@hotmail.com,email,0.0,0.0,0.0,0.0,0,0.0,0
fatima tanaka,name,fatima@customlab.org,email,1.0,0.0,0.0,0.0,2,0.0,1
+919666362423,phone,elenadavissite.com,domain,0.0,0.0,0.0,0.0,0,0.0,0
elena35@yahoo.com,email,hacker_elena35,username,0.667,0.0,0.0,0.0,2,0.0,1
hacker_lisa_patel,username,lia patel,name,0.615,0.0,0.0,0.0,0,0.0,1
john_garcia@outlook.com,email,johnlabs.net,domain,0.0,0.0,0.0,0.0,1,0.0,1
jane sato,name,yukidevisite.com,domain,0.32,0.0,0.0,0.0,0,0.0,0
contact_5051@proton.me,email,michael sato,name,0.25,0.0,0.0,0.0,0,0.0,0
michael_sharmacoder,username,michael brown,name,0.438,0.0,0.0,0.0,0,0.0,0
carlos doe,name,+916051049846,phone,0.0,0.0,0.0,0.0,0,0.0,0
fatdim83,username,fatima83,username,0.875,0.875,0.0,0.0,0,0.0,1
sara doe,name,site_7588.com,domain,0.095,0.0,0.0,0.0,0,0.0,0
+916336950118,phone,user_4946,username,0.182,0.0,0.0,0.0,0,0.0,0
david38@hotmail.com,email,lisa92@gmail.com,email,0.0,0.0,0.0,0.0,0,0.0,0
ken3,username,+919596703526,phone,0.118,0.0,0.0,0.0,0,0.0,0
user_8497,username,user_2920,username,0.667,0.667,0.0,0.0,0,0.0,0
+919310858477,phone,hacker_elena355,username,0.143,0.0,0.0,0.0,1,0.0,1
jane_johnson@janesite.net,email,jane_johnon,username,0.957,0.0,0.0,0.0,2,0.0,1
+919243258548,phone,hacker_ken37,username,0.08,0.0,0.0,0.0,2,0.0,1
+916829101498,phone,+916214554348,phone,0.0,0.0,0.0,0.0,0,0.0,0
+919376816771,phone,yuki@customlab.org,email,0.0,0.0,0.0,0.0,1,0.0,1
site_7859.com,domain,user_9517,username,0.364,0.0,0.0,0.0,0,0.0,0
user_1586,username,+916962417670,phone,0.182,0.0,0.0,0.0,0,0.0,0
sara_smith@hotmail.com,email,hacker_john_johnson,username,0.276,0.0,0.0,0.0,0,0.0,0
contact_7095@yahoo.com,email,contact_9202@proton.me,email,0.0,0.0,0.0,0.0,0,0.0,0
site_8747.com,domain,fatima sato,name,0.25,0.0,0.0,0.0,0,0.0,0
mich5ael_sharmacoder,username,michael_shaxrma,username,0.8,0.8,0.0,0.0,1,0.0,1
hacker_rajesh97,username,john15@outlook.com,email,0.19,0.0,0.0,0.0,0,0.0,0
amit_sharma@proton.me,email,ken3,username,0.0,0.0,0.0,0.0,0,0.0,0
site_7555.com,domain,site_2812.com,domain,0.0,0.0,0.0,0.0,0,0.0,0
johnsmithsite.com,domain,ananyakhansite.com,domain,0.0,0.0,0.0,0.0,0,0.0,0
site_3675.com,domain,user_7612,username,0.364,0.0,0.0,0.0,0,0.0,0
faitma70,username,fatima70coer,username,0.7,0.7,0.0,0.0,2,0.0,1
kenguptasite.com,domain,elena35@yahoo.com,email,0.0,0.0,0.0,0.0,0,0.0,0
lisa ahmed,name,contact_3263@yahoo.com,email,0.091,0.0,0.0,0.0,0,0.0,0
+916856117492,phone,user_4002,username,0.182,0.0,0.0,0.0,0,0.0,0
robert garcia,name,contact_4844@hotmail.com,email,0.24,0.0,0.0,0.0,0,0.0,0
lisadevisite.com,domain,lisa48dev.org,domain,0.0,0.0,0.0,0.0,2,0.0,1
fatimadevisite.com,domain,+918474818136,phone,0.0,0.0,0.0,0.0,0,0.0,0
user_8828,username,+916349270675,phone,0.091,0.0,0.0,0.0,1,0.0,0
elena51@elenasite.net,email,elena51coder,username,0.737,0.0,0.0,0.0,1,0.0,1
amit_sharma,username,amit_sharmacoder,username,0.815,0.815,0.0,0.0,0,0.0,1
hacker_john_garcia@johnsite.net,email,+919254703979,phone,0.0,0.0,0.0,0.0,2,0.0,1
rajesh@customlab.org,email,rajesh_singh,username,0.667,0.0,0.0,0.0,1,0.0,1
+916195334935,phone,+916309641757,phone,0.0,0.0,0.0,0.0,0,0.0,0
elena tanaka,name,michael williams,name,0.286,0.0,0.0,0.0,0,0.0,0
hacker_lisa_ahmed,username,lisa_ahmed@proton.me,email,0.741,0.0,0.0,0.0,3,0.0,1
yuki_amhed,username,+14491292026,phone,0.0,0.0,0.0,0.0,0,0.0,1
rajesh gupta,name,hacker_john_garcia,username,0.267,0.0,0.0,0.0,0,0.0,0
user_2448,username,michael devi,name,0.095,0.0,0.0,0.0,0,0.0,0
elenasatosite.com,domain,michaeltanakasite.com,domain,0.0,0.0,0.0,0.0,0,0.0,0
contact_2594@outlook.com,email,site_6497.com,domain,0.0,0.0,0.0,0.0,0,0.0,0
elenan51,username,elena51coder,username,0.7,0.7,0.0,0.0,1,0.0,1
rajesh smith,name,michaeltanakasite.com,domain,0.303,0.0,0.0,0.0,1,0.0,0
hacker_carlos_shara,username,calros_sharma,username,0.688,0.688,0.0,0.0,1,0.0,1
rajesh mliler,name,rajesh68c8oder,username,0.444,0.0,0.0,0.0,1,0.0,1
site_839.com,domain,+916633322768,phone,0.0,0.0,0.0,0.0,0,0.0,0
arjesh_martine,username,rajesh_martine,username,0.929,0.929,0.0,0.0,0,0.0,1
hacker_michael_tanaka,username,michael_tanaka@gmail.com,email,0.8,0.0,0.0,0.0,0,0.0,1
sara_smith@hotmail.com,email,amit_johnson@outlook.com,email,0.0,0.0,0.0,0.0,0,0.0,0
sara_smith@hotmail.com,email,ken gupta,name,0.105,0.0,0.0,0.0,0,0.0,0
ali ahmed,name,rajesh smith,name,0.381,0.0,0.0,0.0,1,0.0,0
contact_9076@gmail.com,email,site_7675.com,domain,0.0,0.0,0.0,0.0,0,0.0,0
site_1154.com,domain,contact_3289@proton.me,email,0.0,0.0,0.0,0.0,0,0.0,0
+916025362801,phone,site_4955.com,domain,0.0,0.0,0.0,0.0,1,0.0,0
rajesh_singh@hotmail.com,email,johnsmithsite.com,domain,0.0,0.0,0.0,0.0,0,0.0,0
yukidevisite.com,domain,priya brown,name,0.074,0.0,0.0,0.0,0,0.0,0
fatima83@outlook.com,email,fatimatanakasite.com,domain,0.0,0.0,0.0,0.0,1,0.0,1
hacker_emily_brown,username,ananya_khan@proton.me,email,0.276,0.0,0.0,0.0,0,0.0,0
user_2035,username,+916373619034,phone,0.182,0.0,0.0,0.0,0,0.0,0
amit_johnson@outlook.com,email,ait_johnson,username,0.957,0.0,0.0,0.0,0,0.0,1
rajeshmillersite.com,domain,rajesh_martinez@yahoo.com,email,0.0,0.0,0.0,0.0,0,0.0,0
johnsmithsite.com,domain,+918474818136,phone,0.0,0.0,0.0,0.0,2,0.0,1
+916439474491,phone,user_3978,username,0.273,0.0,0.0,0.0,0,0.0,0
lisa tanaka,name,priya_williams@yahoo.com,email,0.24,0.0,0.0,0.0,0,0.0,0
elena35,username,elnea35,username,0.857,0.857,0.0,0.0,2,0.0,1
site_4174.com,domain,site_9621.com,domain,0.0,0.0,0.0,0.0,0,0.0,0
+918123425397,phone,ananyakhansite.com,domain,0.0,0.0,0.0,0.0,2,0.0,1
rajesh68,username,yuki_williams@gmail.com,email,0.19,0.0,0.0,0.0,2,0.0,0
+919596703526,phone,hacker_fatima_patel,username,0.0,0.0,0.0,0.0,0,0.0,1
lisa77@yahoo.com,email,+917759419129,phone,0.0,0.0,0.0,0.0,0,0.0,0
sara johnson,name,user_1333,username,0.19,0.0,0.0,0.0,0,0.0,0
site_1072.com,domain,site_4128.com,domain,0.0,0.0,0.0,0.0,0,0.0,0
site_1136.com,domain,+916856280871,phone,0.0,0.0,0.0,0.0,0,0.0,0
contact_5749@outlook.com,email,+916811795448,phone,0.0,0.0,0.0,0.0,0,0.0,0
michaelsharmasite.com,domain,priya_williamscoder,username,0.4,0.0,0.0,0.0,0,0.0,0
ali_ahmed,username,ken garcia,name,0.421,0.0,0.0,0.0,0,0.0,0
user_952,username,contact_9937@gmail.com,email,0.2,0.0,0.0,0.0,0,0.0,0
rajesh singh,name,michael_brown@hotmail.com,email,0.24,0.0,0.0,0.0,1,0.0,0
ali devi,name,+916075478452,phone,0.0,0.0,0.0,0.0,0,0.0,0
+916438113401,phone,contact_7401@yahoo.com,email,0.0,0.0,0.0,0.0,1,0.0,0
john smith,name,elena51,username,0.118,0.0,0.0,0.0,0,0.0,0
lisa77,username,lisa77dev.org,domain,0.632,0.0,0.0,0.0,2,0.0,1
+916544460051,phone,contact_3423@gmail.com,email,0.0,0.0,0.0,0.0,0,0.0,0
michaelwilliamssite.com,domain,hacker_michael_williams,username,0.652,0.0,0.0,0.0,2,0.0,1
amit sharma,name,hacker_elena_tanaka,username,0.267,0.0,0.0,0.0,0,0.0,0
rajesh_gupta@outlook.com,email,michael_tanaka,username,0.385,0.0,0.0,0.0,0,0.0,0
amit_harma,username,amit sharma,name,0.857,0.0,0.0,0.0,2,0.0,1
sarasmithsite.com,domain,fatima_patel,username,0.345,0.0,0.0,0.0,0,0.0,0
john ahmed,name,michaelwilliamssite.com,domain,0.242,0.0,0.0,0.0,0,0.0,0
user_4624,username,lisa doe,name,0.118,0.0,0.0,0.0,0,0.0,0
+918733759412,phone,sara88,username,0.105,0.0,0.0,0.0,0,0.0,0
yuki devi,name,lisa_patle,username,0.105,0.0,0.0,0.0,0,0.0,0
rajesh khan,name,user_8285,username,0.1,0.0,0.0,0.0,0,0.0,0
contact_1002@gmail.com,email,contact_137@proton.me,email,0.0,0.0,0.0,0.0,0,0.0,0
rajesh smith,name,sara davis,name,0.364,0.0,0.0,0.0,0,0.0,0
lisaahmedsite.com,domain,johngarciasite.com,domain,0.0,0.0,0.0,0.0,0,0.0,0
site_9981.com,domain,+916290683026,phone,0.0,0.0,0.0,0.0,0,0.0,0
lisa_ahmed,username,+919552044458,phone,0.0,0.0,0.0,0.0,0,0.0,0
rajesh97,username,+19048490232,phone,0.1,0.0,0.0,0.0,0,0.0,1
user_4524,username,+916128841576,phone,0.182,0.0,0.0,0.0,0,0.0,0
+916919356900,phone,carlos smith,name,0.0,0.0,0.0,0.0,0,0.0,0
user_1850,username,+916399471158,phone,0.182,0.0,0.0,0.0,0,0.0,0
rajesh@customlab.org,email,rajehs_singh,username,0.667,0.0,0.0,0.0,0,0.0,1
+916516132181,phone,site_4827.com,domain,0.0,0.0,0.0,0.0,0,0.0,0
hacker_kien80,username,ken garcia,name,0.435,0.0,0.0,0.0,1,0.0,1
contact_9206@outlook.com,email,contact_612@proton.me,email,0.0,0.0,0.0,0.0,0,0.0,0
+917521726436,phone,jane3,username,0.111,0.0,0.0,0.0,0,0.0,0
michael_sharmacoder@michaelsite.net,email,michaelsharmasite.com,domain,0.0,0.0,0.0,0.0,0,0.0,1
contact_1783@gmail.com,email,user_5461,username,0.19,0.0,0.0,0.0,0,0.0,0
rajesh68@rajeshsite.net,email,rajesh68coder,username,0.762,0.0,0.0,0.0,1,0.0,1
rajesh_martinez,username,lisa_patel@hotmail.com,email,0.4,0.0,0.0,0.0,1,0.0,0
+916862124799,phone,site_5786.com,domain,0.0,0.0,0.0,0.0,0,0.0,0
davidsinghsite.com,domain,+919733959353,phone,0.0,0.0,0.0,0.0,2,0.0,1
ken gupta,name,jane35@gmail.com,email,0.267,0.0,0.0,0.0,0,0.0,0
johngarciasite.com,domain,rajeshmillersite.com,domain,0.0,0.0,0.0,0.0,0,0.0,0
rajesh khan,name,lisaahmedsite.com,domain,0.286,0.0,0.0,0.0,0,0.0,0
